drugid,smiles
0,Cc1ccc(CNS(=O)(=O)c2ccc(s2)S(N)(=O)=O)cc1
1,COc1ccc(CNS(=O)(=O)c2ccc(s2)S(N)(=O)=O)cc1
2,NS(=O)(=O)c1ccc(s1)S(=O)(=O)NCc1cccs1
3,NS(=O)(=O)c1cc2C(O)CN(Cc3cccs3)S(=O)(=O)c2s1
4,COc1ccc(cc1)N1CC(O)c2cc(sc2S1(=O)=O)S(N)(=O)=O
5,CCN[C@H]1CN(CCOC)S(=O)(=O)c2sc(cc12)S(N)(=O)=O
6,CCN[C@H]1CN(CCCOC)S(=O)(=O)c2sc(cc12)S(N)(=O)=O
7,COc1cccc(c1)N1CCc2cc(sc2S1(=O)=O)S(N)(=O)=O
8,CN[C@H]1CN(c2cccc(OC)c2)S(=O)(=O)c2sc(cc12)S(N)(=O)=O
9,CN[C@@H]1CN(c2cccc(OC)c2)S(=O)(=O)c2sc(cc12)S(N)(=O)=O
10,NS(=O)(=O)c1ccc(cc1)C(=O)NCc1ccc(F)cc1
11,NS(=O)(=O)c1ccc(cc1)C(=O)NCc1ccc(F)cc1F
12,NS(=O)(=O)c1ccc(cc1)C(=O)NCc1cc(F)ccc1F
13,NS(=O)(=O)c1ccc(cc1)C(=O)NCc1c(F)cccc1F
14,NS(=O)(=O)c1ccc(cc1)C(=O)NCc1ccc(F)c(F)c1F
15,NS(=O)(=O)c1ccc(cc1)C(=O)NCc1c(F)cc(F)cc1F
16,NS(=O)(=O)c1ccc(cc1)C(=O)NCc1cc(F)c(F)c(F)c1
17,NS(=O)(=O)c1ccc(cc1)C(=O)NCc1c(F)c(F)c(F)c(F)c1F
18,CN[C@@H](C)C(=O)N[C@H](C(=O)N1CCC[C@H]1C(=O)N[C@@H]1CCCc2ccccc12)C(C)(C)C
19,CN[C@@H](C)C(=O)N[C@H](C(=O)N1C[C@H](C[C@H]1C(=O)N[C@@H]1CCCc2ccccc12)Oc1ccccc1)C(C)(C)C
20,CN[C@@H](C)C(=O)N[C@@H](C1CCCCC1)C(=O)N1CCC[C@H]1C(=O)N[C@@H]1CCCc2ccccc12
21,CN[C@@H](C)C(=O)N[C@@H](C1CCCCC1)C(=O)N1C[C@H](C[C@H]1C(=O)N[C@@H]1CCCc2ccccc12)Oc1ccccc1
22,CN1CCN(Cc2ccc(cc2)C(=O)Nc2ccc(C)c(Nc3nccc(n3)-c3cccnc3)c2)CC1
23,Cc1nc(Nc2ncc(s2)C(=O)Nc2c(C)cccc2Cl)cc(n1)N1CCN(CCO)CC1
24,Cc1cc(Nc2ncc3cc(-c4c(Cl)cccc4Cl)c(=O)n(C)c3n2)ccc1F
25,CN1CCN(CC1)c1cc(Nc2cc(C)n[nH]2)nc(Sc2ccc(NC(=O)C3CC3)cc2)n1
26,COc1cc2c(ncnc2cc1OCCCN1CCCCC1)N1CCN(CC1)C(=O)Nc1ccc(OC(C)C)cc1
27,C[C@@H](NC(=O)[C@@H](N)Cc1ccc(O)cc1)C(=O)NCC(=O)N(C)[C@@H](Cc1ccccc1)C(=O)NCCO
28,CC1(C)SSC(C)(C)[C@@H](NC(=O)[C@@H](N)Cc2ccc(O)cc2)C(=O)NCC(=O)N[C@@H](Cc2ccccc2)C(=O)N[C@H]1C(O)=O
29,CSCC[C@H](NC(=O)[C@H](Cc1ccc(OS(O)(=O)=O)cc1)NC(=O)[C@@H](N)CC(O)=O)C(=O)NCC(=O)N[C@@H](Cc1c[nH]c2ccccc12)C(=O)N[C@@H](CCSC)C(=O)N[C@@H](CC(O)=O)C(=O)N[C@@H](Cc1ccccc1)C(N)=O
30,Nc1nc(NCCc2ccc(O)cc2)nc2nc(nn12)-c1ccco1
31,Fc1ccc(cc1)C(=O)CCCN1CCC2(CC1)N(CNC2=O)c1ccccc1
32,Cn1cc(nc1-c1ccc(OCC(O)CNCCOc2ccc(O)c(c2)C(N)=O)cc1)C(F)(F)F
33,CC(C)(C)NCC(O)COc1cccc2[nH]c(=O)[nH]c12
34,CC(CCc1ccccc1)NCC(O)c1ccc(O)c(c1)C(N)=O
35,Cc1ccc(Cl)c(OCC(O)CNC(C)(C)C)c1
36,CC(C)(C)NCC(O)COc1nsnc1N1CCOCC1
37,COc1ccccc1OCCNCC(O)COc1cccc2[nH]c3ccccc3c12
38,CC(C)NCC(O)COc1cccc2ccccc12
39,CC(C)NCC(O)COc1ccccc1CC=C
40,CC(C)(C)NCC(O)COc1cccc2C[C@@H](O)[C@@H](O)Cc12
41,CC(C)NC(C)C(O)COc1ccc(C)c2CCCc12
42,OCc1cc(ccc1O)C(O)CNCCCCCCOCCCCc1ccccc1
43,CN(C)CCOc1ccc(cc1)-c1nc(c([nH]1)-c1ccc2C(CCc2c1)N=O)-c1ccncc1
44,Oc1cc(ccc1Cl)-c1[nH]c(nc1-c1ccncc1)-c1ccccc1
45,CC(COc1nccc(n1)-c1nc(c([nH]1)-c1ccc2C(CCc2c1)N=O)-c1ccncc1)N(C)C
46,CC(C)(CN)c1nc(c([nH]1)-c1ccc2C(CCc2c1)N=O)-c1ccncc1
47,O=NC1CCc2cc(ccc12)-c1[nH]c(nc1-c1ccncc1)C1CCNCC1
48,O=NC1CCc2cc(ccc12)-c1[nH]c(CN2CCOCC2)nc1-c1ccncc1
49,CN(C)Cc1cccc(NC(=O)c2nc(c([nH]2)-c2ccc3C(CCc3c2)N=O)-c2ccncc2)c1
50,CN(C)CCOc1ccc(cc1)-c1cc(c(o1)-c1ccncc1)-c1ccc2C(CCc2c1)N=O
51,CN(C)CCOc1ccc(cc1)-c1cc(c([nH]1)-c1ccncc1)-c1ccc2C(CCc2c1)N=O
52,CN(C)CCOc1ccc(cc1)-c1cc(c(o1)-c1ccc2C(CCc2c1)N=O)-c1ccncc1
53,CN(C)CCOc1ccc(cc1)-c1cc(c([nH]1)-c1ccc2C(CCc2c1)N=O)-c1ccncc1
54,O=NC1CCc2cc(ccc12)-c1cc(oc1-c1ccncc1)C1CCNCC1
55,COCCN1CCC(CC1)c1cc(c(o1)-c1ccncc1)-c1ccc2C(CCc2c1)N=O
56,O=NC1CCc2cc(ccc12)-c1cc(CN2CCOCC2)oc1-c1ccncc1
57,CCN1CCN(Cc2ccc(cc2)-c2cc3c(N[C@H](C)c4ccccc4)ncnc3[nH]2)CC1
58,COc1cc2ncnc(Nc3ccc(F)c(Cl)c3)c2cc1OCCCN1CCOCC1
59,Brc1ccc(\C=C\CNCCNS(=O)(=O)c2cccc3cnccc23)cc1
60,NCCCC[C@@H](NC(=O)CCCCCNC(=O)[C@H]1O[C@H]([C@H](O)[C@@H]1O)n1cnc2c(N)ncnc12)C(=O)NCCCCCC(=O)N[C@H](CCCN=C(N)N)C(=O)N[C@H](CCCN=C(N)N)C(N)=O
61,NCCCC[C@@H](NC(=O)CCCCCNC(=O)[C@H]1O[C@H]([C@H](O)[C@@H]1O)n1cnc2c(N)ncnc12)C(=O)NCCCCCC(=O)N[C@H](CCCN=C(N)N)C(=O)N[C@H](CCCN=C(N)N)C(=O)N[C@H](CCCN=C(N)N)C(=O)N[C@H](CCCN=C(N)N)C(N)=O
62,NCCCC[C@@H](NC(=O)CCCCCNC(=O)[C@H]1O[C@H]([C@H](O)[C@@H]1O)n1cnc2c(N)ncnc12)C(=O)NCCCCCC(=O)N[C@H](CCCN=C(N)N)C(=O)N[C@H](CCCN=C(N)N)C(=O)N[C@H](CCCN=C(N)N)C(=O)N[C@H](CCCN=C(N)N)C(=O)N[C@H](CCCN=C(N)N)C(=O)N[C@H](CCCN=C(N)N)C(N)=O
63,NCCCC[C@@H](NC(=O)CCCCCNC(=O)[C@H]1O[C@H]([C@H](O)[C@@H]1O)n1cnc2c(N)ncnc12)C(=O)NCCCC(=O)N[C@H](CCCN=C(N)N)C(=O)N[C@H](CCCN=C(N)N)C(N)=O
64,NCCCC[C@@H](NC(=O)CCCCCNC(=O)[C@H]1O[C@H]([C@H](O)[C@@H]1O)n1cnc2c(N)ncnc12)C(=O)NCCCCCCCC(=O)N[C@H](CCCN=C(N)N)C(=O)N[C@H](CCCN=C(N)N)C(N)=O
65,NCCCC[C@@H](NC(=O)CCCCCNC(=O)[C@H]1O[C@H]([C@H](O)[C@@H]1O)n1cnc2c(N)ncnc12)C(=O)NCCCCCC(=O)N[C@@H](CCCN=C(N)N)C(=O)N[C@@H](CCCN=C(N)N)C(N)=O
66,CCN1CCN(Cc2ccc(NC(=O)Nc3ccc(Oc4cc(NC)ncn4)cc3)cc2C(F)(F)F)CC1
67,CN[C@H]1C[C@@H]2O[C@](C)([C@H]1OC)n1c3ccccc3c3c4CNC(=O)c4c4c5ccccc5n2c4c13
68,OC(=O)c1ccc(Nc2ncc3CN=C(c4cc(Cl)ccc4-c3n2)c2c(F)cccc2F)cc1
69,Oc1cc2ccccc2[nH]c1=O
70,Oc1cc2c(F)cccc2[nH]c1=O
71,CCN(CC)CCNC(=O)c1c(C)[nH]c(\C=C2/C(=O)Nc3ccc(F)cc23)c1C
72,CN1CCC([C@H](O)C1)c1c(O)cc(O)c2c1oc(cc2=O)-c1ccccc1Cl
73,CC(=O)N1CCN(CC1)c1ccc(OC[C@H]2CO[C@@](Cn3ccnc3)(O2)c2ccc(Cl)cc2Cl)cc1
74,COc1nc2c(nc(N)[nH]c2=O)n1[C@@H]1O[C@H](COP([O-])(=O)OP([O-])(=O)OP(O)([O-])=O)C(O)C1O
75,Nc1nc2n([C@@H]3O[C@H](COP([O-])(=O)OP([O-])(=O)OP(O)([O-])=O)C(O)C3O)c(nc2c(=O)[nH]1)N1CCCC1
76,Cc1cc(C)n2B(F)[N+]3=C(CCC(=O)NCCCCC(=O)NCCOc4ccc(Nc5ncnc(n5)-c5cccnc5Nc5cc(NC(=O)c6cccc(c6)C(F)(F)F)ccc5C)cc4)C=CC3=Cc12
77,CCNCCCCNc1ncc2CN(C(=O)N(Cc3cccc(NC(=O)C=C)c3)c2n1)c1c(Cl)c(OC)cc(OC)c1Cl
78,CCNCCCCNc1ncc2CN(C(=O)N(Cc3cccc(NC(=O)CC)c3)c2n1)c1c(Cl)c(OC)cc(OC)c1Cl
79,N=C1NC(=O)\C(S1)=C/c1ccc(o1)-c1cncc2ccccc12
80,N=C1NC(=O)\C(S1)=C/c1c[nH]c(=O)c(c1)-c1ccc(nc1)N1CCNCC1
81,COc1cc(ccc1Nc1ncc2NC(=O)c3ccccc3N(C)c2n1)N1CCN(C)CC1
82,COc1cccc(OC)c1CNC(=O)c1ccc2NC(=O)C(=NNc3ccc(cc3)S(N)(=O)=O)c2c1
83,C[C@@H](O)[C@H](NC(=O)c1ccc(cc1)C#CC#Cc1ccccc1)C(=O)NO
84,NC[C@H](NC(=O)c1ccc(cc1)-c1ccc(Br)cc1)C(=O)NO
85,Oc1cc(cc(O)c1O)C(=O)OCCOC(=O)c1cc(O)c(O)c(O)c1
86,Oc1cc(cc(O)c1O)C(=O)OC[C@H]1OC(OC(=O)c2cc(O)c(O)c(O)c2)[C@H](OC(=O)c2cc(O)c(O)c(O)c2)[C@@H](OC(=O)c2cc(O)c(O)c(O)c2)[C@H]1OC(=O)c1cc(O)c(O)c(O)c1
87,Oc1cc(cc(O)c1O)C(=O)OCC(COC(=O)c1cc(O)c(O)c(O)c1)OC(=O)c1cc(O)c(O)c(O)c1
88,CCCC(=O)O[C@@H]1[C@H](C)[C@@]2(O)C3C=C(C)C(=O)[C@@]3(O)CC(=O)CC2C2C(C)(C)[C@@]12OC(=O)CCC
89,CC(C)N(CCCNC(=O)Nc1ccc(cc1)C(C)(C)C)CC1OC([C@H](O)[C@@H]1O)n1ccc2c(N)ncnc12
90,Clc1cc2Oc3cc(Cl)c(Cl)cc3Oc2c(c1)N=[N]#N
91,Brc1cc2Oc3cc(I)c(cc3Oc2cc1Br)N=[N]#N
92,Clc1cc2Oc3cc(Cl)c(Cl)c(CNC(=O)c4cc(ccc4N(=O)=O)N=[N]#N)c3Oc2cc1Cl
93,Clc1cc2Oc3cc(Cl)c(Cl)c(CNC(=O)c4ccc(cc4)N=[N]#N)c3Oc2cc1Cl
94,Clc1ccc(cn1)[C@H]1C[C@@H]2CC[C@H]1N2
95,OC1CCN(Cc2c[nH]c3c2nc[nH]c3=O)C1
96,Cc1c(CCO)sc[n+]1Cc1cnc(C)nc1N
97,Cc1c(CCOP(O)(O)=O)sc[n+]1Cc1cnc(C)nc1N
98,Cc1c(CCOP(O)(=O)OP(O)(O)=O)sc[n+]1Cc1cnc(C)nc1N
99,COCC(=O)N1CCN(CC1)c1ccc(Nc2ncc(C(N)=O)c(NC3CC3)n2)cc1
100,CNC(=O)[C@H]1CCCN(C1)c1ccc(Nc2ncc(C(N)=O)c(NC3CC3)n2)cc1
101,CS(=O)(=O)N1CCN(CC1)c1ccc(Nc2ncc(C(N)=O)c(NC3CC3)n2)cc1
102,NC(=O)[C@@H]1CCCN(C1)c1ccc(Nc2ncc(C(N)=O)c(NC3CC3)n2)cc1
103,O=C1CCCC2(CCN(CC2)c2cnc3ccccc3n2)N1Cc1cccc2[nH]ccc12
104,O=C1CCCC2(CCN(CC2)c2nc3ccccc3o2)N1Cc1cccc2[nH]ccc12
105,Nc1ccccc1C(=N)CN1CCCC2(CCN(CC2)c2cnc3ccccc3n2)C1=O
106,Cc1cc(nc2ccccc12)N1CCC2(CCCN(Cc3c[nH]c4ccccc34)C2=O)CC1
107,CCC\C=C\C=C\C(=O)O[C@H]1\C(C[C@H]2C[C@@H](OC(=O)C[C@H](O)C[C@@H]3C[C@H](OC(C)=O)C(C)(C)[C@](O)(C[C@@H]4C\C(C[C@@H](O4)\C=C\C(C)(C)[C@]1(O)O2)=C\C(=O)OC)O3)[C@@H](C)O)=C\C(=O)OC
108,COC(=O)\C=C1\C[C@H]2C[C@]3(O)O[C@@H](C[C@H](OC(C)=O)C3(C)C)C[C@@H](O)CC(=O)O[C@H](C[C@@H]3C\C(=C/C(=O)OC)[C@H](OC(C)=O)[C@@](O)(O3)C(C)(C)\C=C\[C@@H](C1)O2)[C@@H](C)O
109,CCCC(=O)O[C@@H]1[C@@H](C)[C@]2(O)[C@@H]3C=C(C)C(=O)[C@]3(O)CC(CO)=C[C@H]2[C@@H]2C(C)(C)[C@]12OC(=O)CCC
110,CCN1\C(=C\C=C\C=C\C2=[N+](CC)c3ccc(cc3C2(C)C)S([O-])(=O)=O)C(C)(CCCC(=O)NCCCC[C@@H](NC(=O)c2ccc(Nc3ncc4CN=C(c5cc(Cl)ccc5-c4n3)c3c(F)cccc3OC)cc2OC)C(N)=O)c2cc(ccc12)S(O)(=O)=O
111,CCN1\C(=C\C=C\C=C\C2=[N+](CC)c3ccc(cc3C2(C)C)S([O-])(=O)=O)C(C)(CCCC(=O)NCCCCC(NC(=O)C(CCC[NH+]=C(N)N)NC(=O)C(CCCNC(N)=[NH2+])NC(=O)C(CCCNC(N)=[NH2+])NC(=O)C(CCCNC(N)=[NH2+])NC(=O)C(CCCNC(N)=[NH2+])NC(=O)C(CCCNC(N)=[NH2+])NC(C)=O)C(=O)NC(CCCCNC(=O)c2ccc(Nc3ncc4CN=C(c5cc(Cl)ccc5-c4n3)c3c(F)cccc3OC)cc2OC)C(N)=O)c2cc(ccc12)S([O-])(=O)=O
112,NCc1ccc(OCCCc2sc(nc2C(O)=O)-c2ccc3CCCC(=NNc4nc5ccccc5s4)c3c2)cc1
113,CO[C@H]1CC[C@@H](CC1)N1CCC(CC1)N1Cc2cccc(C(N)=O)c2C1=O
114,NC(=O)c1cccc2CN(C3CCN(CC3)[C@@H]3CC[C@H](CO)CC3)C(=O)c12
115,NC(=O)c1cccc2CN(C3CCN(CC3)[C@H]3CC[C@H](CO)CC3)C(=O)c12
116,NC(=O)c1cc(Cl)cc2CN(C3CCN(CC3)C3CCC(F)(F)CC3)C(=O)c12
117,Cc1ccc(cc1)-n1nc(cc1NC(=O)Nc1ccc(Oc2ccnc(Nc3ccccc3)n2)c2ccccc12)C(C)(C)C
118,Cn1n(C2CCN(CC2)C2CCC(F)(F)CC2)c(=O)c2c(cccc12)C(N)=O
119,Cn1n(C2CCN(CC2)C2CCCC2)c(=O)c2c(cccc12)C(N)=O
120,Cn1n(C2CCNCC2)c(=O)c2c(cccc12)C(N)=O
121,CC(C)N1CCC(CC1)n1n(C)c2cccc(C(N)=O)c2c1=O
122,Cn1n(C2CCNCC2)c(=O)c2c(cc(F)cc12)C(N)=O
123,Cn1n(C2CCN(CC2)C2CCCCC2)c(=O)c2c(cc(F)cc12)C(N)=O
124,Cn1n(C2CCN(CC3CCCCC3)CC2)c(=O)c2c(cccc12)C(N)=O
125,COc1cc(ccc1Nc1ncc(c(CCc2ccccc2CC(N)=O)n1)C(F)(F)F)C1CCNCC1
126,COc1cc(ccc1Nc1ncc(c(CCc2ccccc2CC(N)=O)n1)C(F)(F)F)C1CCN(C)CC1
127,COc1cc(ccc1Nc1ncc(c(CCc2cccc(c2)C(N)=O)n1)C(F)(F)F)C1CCN(C)CC1
128,CCc1cc(ccc1Nc1ncc(c(CCc2ccccc2CC(N)=O)n1)C(F)(F)F)C1CCN(C)CC1
129,O=S(=O)(OC1CS(=O)(=O)C=C1)c1ccccc1
130,COc1ccc(CCc2nc3cc(ccc3n2C[C@H](C)N2CCOCC2)-c2c(C)noc2C)cc1Cl
131,CC(C)c1c(C)[nH]c2c(cnn2c1=O)C#N
132,[NH3+][C@@H](Cc1ccc(OS([O-])(=O)=O)cc1)C([O-])=O
133,[NH3+][C@@H](Cc1ccc(OP([O-])([O-])=O)cc1)C([O-])=O
134,C[C@H](OP(O)(=O)OC[C@@H](O)[C@@H](O)[C@@H](O)Cn1c2cc(=O)ccc2cc2c1[nH]c(=O)[nH]c2=O)C(=O)N[C@@H](CCC(=O)N[C@@H](CCC(O)=O)C(O)=O)C(O)=O
135,O=C(N[C@H]1CNC[C@@H]1c1ccccc1)N1CCc2[nH]nc(c2C1)-c1ccncc1
136,CN1C[C@@H](NC(=O)N2CCc3[nH]nc(c3C2)-c2ccncc2)[C@@H](C1)c1ccccc1C
137,Fc1ccccc1CN1CCC[C@H](C1)NC(=O)N1CCc2[nH]nc(c2C1)-c1ccncc1
138,COc1cccc(F)c1CN1CCC[C@H](C1)NC(=O)N1CCc2[nH]nc(c2C1)-c1ccncc1
139,Fc1cccc(F)c1CN1CCC[C@H](C1)NC(=O)N1CCc2[nH]nc(c2C1)-c1ccncc1
140,O=C(N[C@@H]1CCCN(Cc2csc3ccccc23)C1)N1CCc2[nH]nc(c2C1)-c1ccncc1
141,Cc1ccsc1CN1CCC[C@H](C1)NC(=O)N1CCc2[nH]nc(c2C1)-c1ccncc1
142,Cc1ccc(CN2CCC[C@H](C2)NC(=O)N2CCc3[nH]nc(c3C2)-c2ccncc2)s1
143,Cn1c(CN2CCC[C@H](C2)NC(=O)N2CCc3[nH]nc(c3C2)-c2ccncc2)cc2ccccc12
144,CC(=O)n1cc(CN2CCC[C@H](C2)NC(=O)N2CCc3[nH]nc(c3C2)-c2ccncc2)c2ccccc12
145,Clc1ccccc1CN1CCC[C@H](C1)NC(=O)N1CCc2[nH]nc(c2C1)-c1ccncc1
146,Cc1onc(c1CN1CCC[C@H](C1)NC(=O)N1CCc2[nH]nc(c2C1)-c1ccncc1)-c1ccccc1
147,Cc1cc(ccn1)-c1n[nH]c2CCN(Cc12)C(=O)NC1CCCN(Cc2c(C)cccc2C)C1
148,Cc1cc(ccn1)-c1n[nH]c2CCN(Cc12)C(=O)N[C@@H]1CCCN(Cc2cccc3ccccc23)C1
149,O=C(N[C@@H]1CCCN(Cc2csc3ccccc23)C1)N1CCc2[nH]nc(c2C1)-c1ccc2nccn2c1
150,Cc1cccc(C)c1CN1CCC[C@H](C1)NC(=O)N1CCc2[nH]nc(c2C1)-c1ccc2nccn2c1
151,O=C(N[C@@H]1CCCN(Cc2cccc3ccccc23)C1)N1CCc2[nH]nc(c2C1)-c1ccc2nccn2c1
152,COc1cccc(F)c1CN1CC(CC(C1)C(F)(F)F)NC(=O)N1CCc2[nH]nc(c2C1)-c1ccnc(C)c1
153,C[C@@H](NC(=O)[C@@H]1C[C@H]2C[C@H]2N1C(=O)Cn1nc(C(N)=O)c2ccncc12)c1cccc(Cl)c1F
154,Cc1nnc2[C@@H](CC(=O)OC(C)(C)C)N=C(c3c(C)c(C)sc3-n12)c1ccc(Cl)cc1
155,COC(=O)C[C@@H]1N=C(c2c(C)c(sc2-n2c(C)nnc12)C(=O)NCCNC(=O)C[C@@H]1N=C(c2c(C)c(C)sc2-n2c(C)nnc12)c1ccc(Cl)cc1)c1ccc(Cl)cc1
156,COC(=O)C[C@@H]1N=C(c2c(C)c(sc2-n2c(C)nnc12)C(=O)NCCOCCOCCNC(=O)C[C@@H]1N=C(c2c(C)c(C)sc2-n2c(C)nnc12)c1ccc(Cl)cc1)c1ccc(Cl)cc1
157,COC(=O)C[C@@H]1N=C(c2c(C)c(sc2-n2c(C)nnc12)C(=O)NCCOCCOCCOCCNC(=O)C[C@@H]1N=C(c2c(C)c(C)sc2-n2c(C)nnc12)c1ccc(Cl)cc1)c1ccc(Cl)cc1
158,COc1cc2c3n([C@H](C)c4ccccn4)c(=O)n(CC(=O)NCCOCCOCCNC(=O)C[C@@H]4N=C(c5c(C)c(C)sc5-n5c(C)nnc45)c4ccc(Cl)cc4)c3cnc2cc1-c1c(C)noc1C
159,COC(=O)C[C@@H]1N=C(c2c(C)c(sc2-n2c(C)nnc12)C(=O)NCCOCCNC(=O)C[C@@H]1N=C(c2c(C)c(C)sc2-n2c(C)nnc12)c1ccc(Cl)cc1)c1ccc(Cl)cc1
160,COC(=O)C[C@@H]1N=C(c2c(C)c(sc2-n2c(C)nnc12)C(=O)NCCOCCOCCOCCOCCNC(=O)C[C@@H]1N=C(c2c(C)c(C)sc2-n2c(C)nnc12)c1ccc(Cl)cc1)c1ccc(Cl)cc1
161,COC(=O)C[C@@H]1N=C(c2c(C)c(sc2-n2c(C)nnc12)C(=O)NCCOCCOCCOCCOCCOCCOCCOCCNC(=O)C[C@@H]1N=C(c2c(C)c(C)sc2-n2c(C)nnc12)c1ccc(Cl)cc1)c1ccc(Cl)cc1
162,Cc1sc-2c(c1C)C(=NC(CC(=O)NCCOCCOCCOCCOCCOCCOCCOCCNC(=O)C[C@@H]1N=C(c3c(C)c(C)sc3-n3c(C)nnc13)c1ccc(Cl)cc1)c1nnc(C)n-21)c1ccc(Cl)cc1
163,COc1cc(ccc1Nc1ncc2N(C)C(=O)CCN(C3CCCC3)c2n1)C(=O)NC1CCN(C)CC1
164,COc1cc(ccc1Nc1ncc2N(C)C(=O)CCN(C3CCCC3)c2n1)N1CCC(O)CC1
165,COc1cc(ccc1Nc1ncc2N(C)C(=O)CCN(C3CCCC3)c2n1)N1CCN(CCO)CC1
166,CN1c2cnc(Nc3ccc(cc3)C(N)=O)nc2N(C2CCCC2)[C@@H]2CCC[C@@H]2C1=O
167,CN1CCN(Cc2ccc(NC(=O)c3ccc(C)c(c3)C#Cc3cnc4cccnn34)cc2C(F)(F)F)CC1
168,CO[C@@H](C(=O)N1Cc2[nH]nc(NC(=O)c3ccc(cc3)N3CCN(C)CC3)c2C1)c1ccccc1
169,COc1ccccc1-n1c(cn2c1nc1n(C)c(=O)[nH]c(=O)c21)-c1cc(O)ccc1C
170,OC(=O)c1ccc(Nc2nccc(Nc3ccccc3F)n2)cc1
171,OC(=O)c1ccc(Nc2nccc(Nc3ccccc3Br)n2)cc1
172,Clc1ccccc1Nc1ccnc(Nc2ccc(cc2)-c2nnn[nH]2)n1
173,CN1CCN(CC1)c1cc(Nc2cc(C)[nH]n2)nc(Sc2ccc(NC(=O)C3CC3)cc2)n1
174,CCCCCCCCCCCCCCCC(=O)NCC(O)=O
175,Nc1ccc(cc1NC(=O)c1ccc(nc1)N1CCC2(CNC2=O)CC1)-c1cccs1
176,C[C@H](\C=C(/C)\C=C\C(=O)NO)C(=O)c1ccc(cc1)N(C)C
177,CO[C@@H]([C@@H]1NC(=O)[C@H](C)NC(=O)[C@H](C[C@@H](C)CO)N(C)C(=O)[C@@H](NC(=O)[C@@H](NC(=O)[C@H](CC(C)C)N(C)C(=O)[C@@H](NC1=O)C(C)C)[C@H](C)C=C(C)C)[C@H](O)c1cn(c2ccccc12)C(C)(C)[C@@H](O)CNCCCN)c1ccccc1
178,Clc1ccc([C@H](Cn2ccnc2)NC(=O)c2ccc(cc2)-c2nnc(o2)-c2ccccc2)c(Cl)c1
179,FC(F)(F)c1ccc(cc1)N(C1CCN(CC1)c1ccc(cn1)C(F)(F)F)c1cccnc1
180,COc1cc2CCN3CC(CC(C)C)C(=O)CC3c2cc1OC
181,CCCCCCC(C)(C)c1ccc([C@@H]2C[C@H](O)CC[C@H]2CCCO)c(O)c1
182,Cc1c(nn(c1-c1ccc(Cl)cc1)-c1ccc(Cl)cc1Cl)C(=O)NN1CCCCC1
183,CO[C@]12CC[C@@]3(C[C@@H]1C(C)(C)O)[C@H]1Cc4ccc(O)c5O[C@@H]2[C@]3(CCN1CC1CC1)c45
184,C[N+]1(C)[C@H]2CC(C[C@@H]1[C@H]1O[C@@H]21)OC(=O)[C@H](CO)c1ccccc1
185,ONC(=O)c1cnc(NCc2cc(cc(c2)C(F)(F)F)C(F)(F)F)[nH]c1=O
186,COc1nc2ccc(cc2c(Cl)c1Cc1ccc(cc1)-n1cccn1)C(O)(c1cncn1C)c1ccc(nc1)C(F)(F)F
187,COc1nc2ccc(cc2c(Cl)c1Cc1cc2ccccc2s1)C(O)(c1cncn1C)c1ccc(Cl)cc1
188,COc1nc2ccc(cc2c(Cl)c1Cc1cc2ccccc2s1)C(O)(c1cncn1C)c1ccc(nc1)C(F)(F)F
189,COc1nc2ccc(cc2c(Cl)c1Cc1ccc(cc1)-n1cccn1)C(O)(C1CCN(CC1)C(C)=O)c1ccc(F)cc1
190,COc1nc2ccc(cc2c(Cl)c1Cc1ccc(cc1)-n1cccn1)C(O)(c1ccc(F)cc1)c1cccnc1
191,COc1ccc(cc1OC)C(O)(c1cccnc1)c1ccc2nc(OC)c(Cc3ccc(cc3)-n3cccn3)c(Cl)c2c1
192,COc1nc2ccc(cc2c(Cl)c1Cc1ccc(cc1)-n1cccn1)C(O)(c1cccnc1)c1ccc(Cl)c(Cl)c1
193,OC(c1ccc(F)cc1)(c1cccnc1)c1ccc2nc(Cl)c(Cc3ccc(cc3)-n3cccn3)c(Cl)c2c1
194,OC(c1cccnc1)(c1cccc(F)c1)c1ccc2nc(Cl)c(Cc3ccc(cc3)-n3cccn3)c(Cl)c2c1
195,COc1nc2ccc(cc2c(Cl)c1Cc1ccc(cc1)S(C)(=O)=O)C(O)(c1cncn1C)c1ccc(F)cc1
196,COc1nc2c(C)cc(cc2c(Cl)c1Cc1ccc(cc1)-n1cccn1)C(O)(c1cncn1C)c1cncn1C
197,COc1nc2c(C)cc(cc2c(Cl)c1Cc1ccc(cc1)S(C)(=O)=O)C(O)(c1cncn1C)c1cncn1C
198,COc1nc2c(F)cc(cc2c(Cl)c1Cc1ccc(cc1)-n1cccn1)C(O)(c1cncn1C)c1ccc(nc1)C(F)(F)F
199,COc1nc2ccc(cc2c(Cl)c1Cc1ccc(cc1)-n1cccn1)C(O)(C1CCN(CC1)C(C)=O)c1cncn1C
200,COc1nc2ccc(cc2c(Cl)c1Cc1ccc(cc1)-n1cccn1)C(O)(c1cnnn1C)c1cnnn1C
201,COc1nc2ccc(cc2c(Cl)c1Cc1ccc(cc1)C(F)(F)F)C(O)(c1cncn1C)c1ccc(nc1)C(F)(F)F
202,COc1nc2ccc(cc2c(Cl)c1Cc1ccc(cc1)C#N)C(O)(c1cncn1C)c1ccc(Cl)cc1
203,COc1nc2ccc(cc2c(Cl)c1Cc1ccc(cc1)-n1cncn1)C(O)(c1cncn1C)c1ccc(Cl)cc1
204,Cc1cc(cc2c(C#N)c(Cc3ccc(cc3)-n3cccn3)c(nc12)C#N)C(O)(c1cncn1C)c1ccc(nc1)C(F)(F)F
205,Cc1cc(cc2c(C#N)c(Cc3ccc(cc3)-n3cccn3)c(nc12)C#N)C(O)(c1cncn1C)c1ccc(cc1)C#N
206,CON(C)c1nc2ccc(cc2c(Cl)c1Cc1ccc(cc1)-n1cccn1)C(O)(c1cncn1C)c1ccc(nc1)C(F)(F)F
207,Cn1cncc1C(O)(c1ccc(nc1)C(F)(F)F)c1ccc2nc(N3CCC3)c(Cc3ccc(cc3)-n3cccn3)c(Cl)c2c1
208,Cn1cncc1C(O)(c1ccc(Cl)cc1)c1ccc2nc(C#N)c(Cc3ccc(cc3)-n3cccn3)c(C#N)c2c1
209,Cn1cncc1C(O)(c1ccc(nc1)C(F)(F)F)c1ccc2nc(C#N)c(Cc3ccc(cc3)-n3cccn3)c(C#N)c2c1
210,COc1nc2ccc(cc2c(C#N)c1Cc1ccc(cc1)-n1cccn1)C(O)(c1cncn1C)c1ccc(nc1)C(F)(F)F
211,COc1nc2ccc(cc2c(Cl)c1Cc1ccc(cc1)C(F)(F)F)C(O)(c1cnnn1C)c1ccc(C)nc1C
212,COc1nc2ccc(cc2c(C#N)c1Cc1ccc(cc1)C(F)(F)F)C(O)(c1cnnn1C)c1ccc(C)nc1C
213,COc1nc2ccc(cc2c(Cl)c1Cc1ccc(cc1)C(F)(F)F)C(O)(c1cnnn1C)c1sc(C)nc1C
214,COc1nc2ccc(cc2c(Cl)c1Cc1ccc(cc1)C(F)(F)F)C(O)(c1cnnn1C)c1cnc(C)n1C
215,COc1nc2ccc(cc2c(C#N)c1Cc1ccc(cc1)C(F)(F)F)C(O)(c1cnnn1C)c1cnc(C)n1C
216,COc1nc2ccc(cc2c(Cl)c1Cc1ccc(cc1)-n1cccn1)C(O)(C1CCN(CC1)C(C)=O)c1ccccc1
217,Cc1ccc(c(C)n1)C(O)(c1cnnn1C)c1ccc2nc(C#N)c(Cc3ccc(cc3)C(F)(F)F)c(C#N)c2c1
218,CCc1nc2ccc(cc2c(Cl)c1Cc1ccc(cc1)C(F)(F)F)C(O)(C1CN(C1)C(C)=O)c1cnnn1C
219,CCc1nc2ccc(cc2c(Cl)c1Cc1ccc(cc1)C(F)(F)F)C(O)(C1CN(C1)S(C)(=O)=O)c1cnnn1C
220,Cn1cncc1C(O)(c1ccc(nc1)C(F)(F)F)c1ccc2nc(N3CCC3)c(Cc3ccc(cc3)C(F)(F)F)c(Cl)c2c1
221,COc1nc2ccc(cc2c(Cl)c1Cc1ccc(cc1)C(F)(F)F)C(O)(c1cncn1C)c1ccc(Cl)cc1
222,COc1nc2ccc(cc2c(C#N)c1Cc1ccc(cc1)C(F)(F)F)C(O)(c1cncn1C)c1ccc(cc1)C#N
223,COc1nc2ccc(cc2c(Cl)c1Cc1ccc(cc1)C(F)(F)F)C(O)(C1CN(C1)C(C)=O)c1cnnn1C
224,COc1ccc(cn1)C(O)(c1cncn1C)c1ccc2nc(Cl)c(Oc3ccccc3)c(Cl)c2c1
225,CCN(CC)c1nc2ccc(cc2c(Cl)c1Oc1ccccc1)C(O)(c1cncn1C)c1ccc(OC)nc1
226,CCN(CC)c1nc2ccc(cc2c(Cl)c1Oc1ccccc1)C(O)(c1cncn1C)c1ccc(nc1)C(F)(F)F
227,CCN(CC)c1nc2ccc(cc2c(Cl)c1Oc1ccccc1)C(O)(c1cncs1)c1cncn1C
228,CCN(CC)c1nc2ccc(cc2c(Cl)c1Oc1ccc(F)cc1)C(O)(c1cncn1C)c1ccc(nc1)C(F)(F)F
229,CCOc1nc2ccc(cc2c(Cl)c1Oc1ccccc1)C(O)(c1cncn1C)c1ccc(OC)nc1
230,CCOc1nc2ccc(cc2c(Cl)c1Oc1ccc(F)cc1)C(O)(c1cncn1C)c1ccc(nc1)C(F)(F)F
231,COc1ccc(cn1)C(O)(c1cncn1C)c1ccc2nc(N(C)C)c(Oc3ccccc3)c(Cl)c2c1
232,Cn1cncc1C(O)(c1ccc(Cl)cc1)c1ccc2nc(C#N)c(Oc3ccccc3)c(C#N)c2c1
233,OC(c1cnc[nH]1)(c1ccc(nc1)C(F)(F)F)c1ccc2nc(C#N)c(Oc3ccccc3)c(C#N)c2c1
234,Cn1cncc1C(O)(c1ccc(Cl)cc1)c1ccc2nc(C#N)c(Oc3ccc(F)cc3)c(Cl)c2c1
235,Cn1cncc1C(O)(c1ccc(nc1)C(F)(F)F)c1ccc2nc(C#N)c(Oc3ccc(Cl)cc3)c(c2c1)C(F)(F)F
236,CCOc1nc2ccc(cc2c(c1Oc1ccc(Cl)cc1)C(F)(F)F)C(O)(c1cncn1C)c1ccc(nc1)C(F)(F)F
237,Cn1cncc1C(O)(c1ccc(nc1)C(F)(F)F)c1ccc2nc(N3CCC3)c(Oc3ccc(Cl)cc3)c(Cl)c2c1
238,Cn1cncc1C(O)(c1ccc(nc1)C(F)(F)F)c1ccc2nc(N3CCC3)c(Oc3ccc(cc3)C#N)c(Cl)c2c1
239,COCCN(C)c1nc2ccc(cc2c(Cl)c1Oc1ccccc1)C(O)(c1cncn1C)c1ccc(nc1)C(F)(F)F
240,CN(c1ccccc1)c1c(Cl)nc2ccc(cc2c1Cl)C(O)(c1cccnc1)c1cccc(Cl)c1
241,O=C(Cn1nc(cc(-c2ccc3OCOc3c2)c1=O)-c1ccccc1)N1CCN(CC1)c1ccccc1
242,CN(C)[C@H]1CN(C[C@@H]1c1ccc(cc1)N1CCN(CC1)S(C)(=O)=O)C1CCc2cccc(F)c12
243,CC(O)[C@H](NC(=O)[C@H](CCC(N)=O)NC(=O)[C@H](CCCNC(N)=[NH2+])NC(=O)[C@H](CCCCNC(=O)C[C@@H](NC(=O)CCCCCNC(=O)[C@H]1O[C@H]([C@H](O)[C@@H]1O)n1cc(I)c2c(N)ncnc12)C([O-])=O)NC(=O)[C@H](CCCNC(N)=[NH2+])NC(=O)[C@H](C)[NH3+])C(=O)N[C@@H](C)C(=O)N[C@H](CCCC[NH3+])C(N)=O
244,C[C@H]([NH3+])C(=O)N[C@@H](CCCNC(N)=[NH2+])C(=O)N[C@@H](CCCCNC(=O)C[C@@H](NC(=O)CCCCCNC(=O)[C@H]1O[C@H]([C@H](O)[C@@H]1O)n1cc(I)c2c(N)ncnc12)C([O-])=O)C(=O)N[C@@H](CCCNC(N)=[NH2+])C(=O)N[C@@H](CCC(N)=O)C(=O)N[C@@H](C(C)O)C(=O)N[C@@H](C)C(=O)N[C@H](CCCCNC(=O)c1ccc(c(c1)C(O)=O)-c1c2ccc(cc2oc2cc(ccc12)=[N+](C)C)N(C)C)C(N)=O
245,CC(O)[C@H](NC(=O)[C@H](CCC(N)=O)NC(=O)[C@H](CCCNC(N)=[NH2+])NC(=O)[C@H](CCCCNC(=O)C[C@@H](NC(=O)CCCCCNC(=O)[C@H]1O[C@H]([C@H](O)[C@@H]1O)n1ccc2c(N)ncnc12)C([O-])=O)NC(=O)[C@H](CCCNC(N)=[NH2+])NC(=O)[C@H](C)[NH3+])C(=O)N[C@@H](C)C(=O)N[C@H](CCCCNC(=O)c1ccc(c(c1)C(O)=O)-c1c2ccc(cc2oc2cc(ccc12)=[N+](C)C)N(C)C)C(N)=O
246,CCCCCCCCCCCCCC(=O)NCCCC[C@@H](NC(=O)[C@H](C)NC(=O)[C@@H](NC(=O)[C@H](CCC(N)=O)NC(=O)[C@H](CCCNC(N)=[NH2+])NC(=O)[C@H](CCCCNC(=O)C[C@@H](NC(=O)CCCCCNC(=O)[C@H]1O[C@H]([C@H](O)[C@@H]1O)n1ccc2c(N)ncnc12)C([O-])=O)NC(=O)[C@H](CCCNC(N)=[NH2+])NC(=O)[C@H](C)[NH3+])C(C)O)C(=O)N[C@H](CCCCNC(=O)c1ccc(c(c1)C(O)=O)-c1c2ccc(cc2oc2cc(ccc12)=[N+](C)C)N(C)C)C(N)=O
247,NS(=O)(=O)c1ccc(N\N=C2/C(=O)Nc3ccc(cc23)C(O)=O)cc1
248,Oc1cc(O)c(cc1Cl)-n1c2ccc(CNS(=O)(=O)c3ccccc3O)cc2[nH]c1=O
249,Oc1ccc(-c2n[nH]c(=S)n2-c2cccc3ccccc23)c(O)c1
250,Oc1cc(O)c(cc1Br)C(=O)N1Cc2ccccc2C1
251,Oc1ccc(C(=O)N2Cc3ccccc3C2)c(O)c1
252,Cc1nnc2[C@H](CC(=O)OC(C)(C)C)N=C(c3c(C)c(C)sc3-n12)c1ccc(Cl)cc1
253,NC(=O)[C@@H]1C[C@]2(NC(=O)NC2=O)c2cc(F)ccc2O1
254,OC(=O)COc1cc(Cl)ccc1C(=O)NCc1cccc(c1)[N+]([O-])=O
255,COc1nc2ccc(cc2c(Cl)c1Cc1ccc(cc1)C(F)(F)F)C(C)(O)c1cnc(C)n1C
256,COc1nc2ccc(cc2c(Cl)c1Cc1ccc(cc1)C(F)(F)F)C(C)(O)c1ccc(C)nc1C
257,CC(C)C[C@H](NC(=O)CNC(=O)[C@@H]1CCCN1C(=O)CNC(=O)[C@H](CS)NC(=O)[C@H](CO)NC(=O)[C@@H]1CCCN1)C(O)=O
258,Cc1c(CCC(O)=O)c2cc3[n-]c(cc4nc(cc5[n-]c(cc1n2)c(C)c5C=C)c(C)c4C=C)c(C)c3CCC(O)=O
259,NCCOc1c([nH]c(=O)c2cc(F)ccc12)-c1ccc(Br)cc1
260,NCCOc1c([nH]c(=O)c2cc(F)ccc12)-c1ccc(N2CCOCC2)c(Br)c1
261,NCCOc1c([nH]c(=O)c2cc(F)ccc12)-c1cccc(Br)c1
262,NCCOc1c([nH]c(=O)c2cc(F)ccc12)-c1ccc(cc1)C#N
263,NCCOc1c([nH]c(=O)c2cc(F)ccc12)-c1ccc(Cl)cc1
264,NCCOc1c([nH]c(=O)c2cc(F)ccc12)-c1cccc(c1)C#N
265,NCCOc1c([nH]c(=O)c2c(F)c(F)ccc12)-c1ccc(Br)cc1
266,Cc1cc(ccc1Cl)-c1[nH]c(=O)c2cc(F)ccc2c1OCCN
267,NCCOc1c([nH]c(=O)c2cc(F)ccc12)-c1ccc(Cl)c(Cl)c1
268,NCCOc1c([nH]c(=O)c2cc(F)ccc12)-c1ccc(F)c(F)c1
269,COc1ccc(cc1F)-c1[nH]c(=O)c2cc(F)ccc2c1OCCN
270,NCCOc1c([nH]c(=O)c2cc(F)ccc12)-c1ccc2OCOc2c1
271,Nc1ncnc2n(nc(-c3ccc(Oc4ccccc4)c(Cl)c3)c12)[C@@H]1CCCN(C1)C(=O)C=C
272,Nc1ncnc2n(nc(-c3ccc(Oc4ccc(F)cc4)cc3)c12)[C@@H]1CCCN(C1)C(=O)C=C
273,Cc1c(Cc2c(CNCCS(C)(=O)=O)nc3c(N)cc(nn23)N2CCOCC2)cccc1C(F)(F)F
274,Cc1c(Cc2c(CNCCO)nc3c(N)cc(nn23)N2CCOCC2)cccc1C(F)(F)F
275,Cc1c(Cc2c(CNCCO)nc3c(cc(nn23)N2CCOCC2)-c2ncc[nH]2)cccc1C(F)(F)F
276,Cc1nc2c(cc(nn2c1Cc1cccc(c1C)C(F)(F)F)N1CCOCC1)-c1ncc[nH]1
277,Cc1nc2c(cc(nn2c1Cc1cccc(c1C)C(F)(F)F)N1CCOCC1)C(O)=O
278,Cc1nc2c(cc(nn2c1Cc1cccc(Cl)c1C)N1CCOCC1)C(N)=O
279,Cc1nc2c(cc(nn2c1Cc1cccc(Cl)c1C)N1CCOCC1)C(O)=O
280,Cc1c(Cc2c(CO)nc3c(N)cc(nn23)N2CCOCC2)cccc1C(F)(F)F
281,Cc1c(Cc2c(CO)nc3c(cc(nn23)N2CCOCC2)C(N)=O)cccc1C(F)(F)F
282,Cc1c(Cc2c(CF)nc3c(N)cc(nn23)N2CCOCC2)cccc1C(F)(F)F
283,CC(=O)NCc1nc2c(cc(nn2c1Cc1cccc(c1C)C(F)(F)F)N1CCOCC1)-c1ncc[nH]1
284,Cc1c(Cc2c(CO)nc3c(cc(nn23)N2CCOCC2)-c2cnc[nH]2)cccc1C(F)(F)F
285,Cc1c(Cc2c(CO)nc3c(cc(nn23)N2CCOCC2)-c2ccn[nH]2)cccc1C(F)(F)F
286,Cc1c(Cc2c(CCO)nc3c(N)cc(nn23)N2CCOCC2)cccc1C(F)(F)F
287,Cc1c(Cc2c(CCO)nc3c(cc(nn23)N2CCOCC2)-c2c[nH]cn2)cccc1C(F)(F)F
288,CC1CN(CCO1)c1cc(-c2c[nH]cn2)c2nc(CO)c(Cc3cccc(c3C)C(F)(F)F)n2n1
289,CC1CN(CCO1)c1cc(C(O)=O)c2nc(C)c(Cc3cccc(c3C)C(F)(F)F)n2n1
290,Cc1nc2c(cc(nn2c1Cc1cccc(c1C)C(F)(F)F)C1=CCOCC1)C(O)=O
291,CC(O)c1nc2c(cc(nn2c1Cc1cccc(c1C)C(F)(F)F)N1CCOCC1)-c1ncc[nH]1
292,CC(O)c1nc2c(N)cc(nn2c1Cc1cccc(c1C)C(F)(F)F)N1CCOCC1
293,Cc1nc2c(cc(nn2c1Nc1cccc(c1C)C(F)(F)F)N1CCOCC1)-c1ncc[nH]1
294,Cc1nc2c(cc(nn2c1Nc1cccc(c1C)C(F)(F)F)N1CCOCC1)C(O)=O
295,Cc1c(Nc2c(CO)nc3c(cc(nn23)N2CCOCC2)C(N)=O)cccc1C(F)(F)F
296,Cc1nc2c(N)cc(nn2c1Nc1cccc(c1CN1CCOCC1)C(F)(F)F)N1CCOCC1
297,Cc1nc2c(cc(nn2c1Nc1cccc(c1CN1CCOCC1)C(F)(F)F)N1CCOCC1)-c1cnc[nH]1
298,Cc1nc2c(N)cc(nn2c1Nc1cccc(c1CN1CCS(=O)(=O)CC1)C(F)(F)F)N1CCOCC1
299,Cc1nc2c(N)cc(nn2c1Nc1cccc(F)c1C)N1CCOCC1
300,Cc1nc2c(cc(nn2c1Nc1cccc(c1CN1CC(O)C1)C(F)(F)F)N1CCOCC1)-c1cnc[nH]1
301,Cc1nc2c(N)cc(nn2c1Nc1cccc(c1CN1CC(C1)S(C)(=O)=O)C(F)(F)F)N1CCOCC1
302,Cc1nc2c(N)cc(nn2c1Nc1cccc(c1CN1CCC2(CS(=O)(=O)C2)C1)C(F)(F)F)N1CCOCC1
303,Cc1nc2c(cc(nn2c1Nc1cccc(F)c1C)N1CCOCC1)-c1c[nH]cn1
304,Cc1nc2c(N)cc(nn2c1Nc1cccc(c1CO)C(F)(F)F)N1CCOCC1
305,Cc1nc2c(N)cc(nn2c1Nc1cccc(c1CN1CC(O)C1)C(F)(F)F)N1CCOCC1
306,CC(CO)NCc1c(Nc2c(C)nc3c(N)cc(nn23)N2CCOCC2)cccc1C(F)(F)F
307,CN1CCN(Cc2c(Nc3c(C)nc4c(cc(nn34)N3CCOCC3)-c3c[nH]cn3)cccc2C(F)(F)F)CC1
308,Cc1nc2c(N)cc(nn2c1Nc1cccc(c1C1CCNCC1)C(F)(F)F)N1CCOCC1
309,Cc1nc2c(N)cc(nn2c1Nc1cccc(C)c1C1CCNCC1)N1CCOCC1
310,CC(=O)OCc1nc2c(N)cc(nn2c1Nc1cccc(c1C)C(F)(F)F)N1CCOCC1
311,Cc1nc2c(N)cc(nn2c1Nc1cccc(c1CN1CCCC1)C(F)(F)F)N1CCOCC1
312,Cc1nc2c(N)cc(nn2c1Nc1cccc(F)c1CN1CCOCC1)N1CCOCC1
313,Cc1nc2c(N)cc(nn2c1Nc1cccc2CNCCc12)N1CCOCC1
314,Cc1c(Cl)cccc1Nc1c(CO)nc2c(cc(nn12)N1CCOCC1)-c1c[nH]cn1
315,Cc1c(Nc2c(CO)nc3c(cc(nn23)N2CCOC(CO)C2)-c2c[nH]cn2)cccc1C(F)(F)F
316,Cc1nc2c(N)cc(nn2c1Nc1ccccc1CN1CCOCC1)N1CCOCC1
317,CC(CO)NCc1c(F)cccc1Nc1c(C)nc2c(N)cc(nn12)N1CCOCC1
318,Cc1nc2c(N)cc(nn2c1Nc1cccc(c1C1CCN(CCO)CC1)C(F)(F)F)N1CCOCC1
319,Cc1nc2c(N)cc(nn2c1Nc1cccc(c1CN1CCC(O)C1)C(F)(F)F)N1CCOCC1
320,CC(N)C(=O)OCc1nc2c(N)cc(nn2c1Nc1cccc(c1C)C(F)(F)F)N1CCOCC1
321,CC(C)C(N)C(=O)OCc1nc2c(N)cc(nn2c1Nc1cccc(c1C)C(F)(F)F)N1CCOCC1
322,Cc1c(Nc2c(COC(=O)C3(CC3)NC(=O)OC(C)(C)C)nc3c(N)cc(nn23)N2CCOCC2)cccc1C(F)(F)F
323,Cc1c(Nc2c(CN)nc3c(N)cc(nn23)N2CCOCC2)cccc1C(F)(F)F
324,Cc1nc2c(cc(nn2c1Nc1ccccc1N1CCOCC1)N1CCOCC1)C(O)=O
325,Cc1nc2c(N)cc(nn2c1Nc1ccccc1N1CCOCC1)N1CCOCC1
326,Cc1nc2c(cc(nn2c1Nc1ccccc1N1CCOCC1)N1CCOCC1)-c1ccn[nH]1
327,Cc1c(F)cccc1Cc1c(CO)nc2c(N)cc(nn12)N1CCOCC1
328,Cc1nc2c(N)cc(nn2c1Cc1cccc(F)c1CO)N1CCOCC1
329,CCc1c(F)cccc1Cc1c(CNCCO)nc2c(N)cc(nn12)N1CCOCC1
330,Cc1nc2c(N)cc(nn2c1Cc1cccc(F)c1C1CCN(CCO)CC1)N1CCOCC1
331,Cc1nc2c(N)cc(nn2c1Cc1cccc2CCNCc12)N1CCOCC1
332,COCC(=O)Nc1cc(Oc2ccc(NC(=O)Nc3cc(nn3-c3ccc(C)cc3)C(C)(C)C)c3ccccc23)ccn1
333,COc1cc2ncc(nc2cc1OC)-c1ccc(CC(=O)Nc2cc(on2)C2(CC2)C(F)(F)F)cc1
334,COc1ccc2cc(cnc2c1)-c1ccc(CC(=O)Nc2cc(on2)C2(CC2)C(F)(F)F)cc1
335,FC(F)(F)C1(CC1)c1cc(NC(=O)Cc2ccc(cc2)-c2cnc3[nH]ccc3n2)no1
336,COc1cc2ncc(nc2cc1OC)-c1ccc(CC(=O)Nc2cc(on2)C2(CC2)C(F)(F)F)c(F)c1
337,COc1cc2cc(cnc2cc1OC)-c1ccc(CC(=O)Nc2cc(on2)C2(CC2)C(F)(F)F)cc1
338,COc1cc2ncc(nc2cc1OC)-c1ccc(CC(=O)Nc2cc(on2)C(C)(C)C)cc1
339,Nc1nc2ccccc2nc1-c1ccc(CC(=O)Nc2cc(on2)C2(CC2)C(F)(F)F)cc1
340,COc1cc2ncc(nc2cc1OC)-c1ccc(CC(=O)Nc2cc(on2)C(C)(C)C(F)(F)F)cc1
341,Cn1ccc2ncc(nc12)-c1ccc(CC(=O)Nc2cc(on2)C2(CC2)C(F)(F)F)cc1
342,FC(F)(F)C1(CC1)c1cc(NC(=O)Cc2ccc(cc2)-c2cnc3ccsc3c2)no1
343,FC(F)(F)C1(CC1)c1cc(NC(=O)Cc2ccc(cc2)-c2cnc3cccnc3c2)no1
344,FC(F)(F)C1(CC1)c1cc(NC(=O)Cc2ccc(cc2)-c2cnc3ccncc3c2)no1
345,COc1cc(OC)c2cc(cnc2c1)-c1ccc(CC(=O)Nc2cc(on2)C2(CC2)C(F)(F)F)cc1
346,COc1cc2ncc(nc2cc1OC)-c1ccc(CC(=O)Nc2cc(on2)C(C)(C)C(F)(F)F)c(F)c1
347,COc1n[nH]c2ncc(cc12)-c1ccc(CC(=O)Nc2cc(on2)C(C)(C)C(F)(F)F)c(F)c1
348,CC(C)(C)c1cc(NC(=O)Cc2ccc(cc2)-c2cnc3[nH]c(cc3c2)C(=O)NCCO)no1
349,CNC(=O)c1cc2cc(cnc2[nH]1)-c1ccc(CC(=O)Nc2cc(on2)C(C)(C)C)cc1
350,CN(C)CCNC(=O)c1cc2cc(cnc2[nH]1)-c1ccc(CC(=O)Nc2cc(on2)C(C)(C)C)cc1
351,CN(C)CCCN(C)C(=O)c1cc2cc(cnc2[nH]1)-c1ccc(CC(=O)Nc2cc(on2)C(C)(C)C)cc1
352,CC(C)(C)c1cc(NC(=O)Cc2ccc(cc2)-c2cnc3[nH]c(cc3c2)C(=O)NCCS(C)(=O)=O)no1
353,CN1CCC(CC1)NC(=O)c1cc2cc(cnc2[nH]1)-c1ccc(CC(=O)Nc2cc(on2)C(C)(C)C)cc1
354,OCc1cc2cc(cnc2[nH]1)-c1ccc(CC(=O)Nc2cc(on2)C2(CC2)C(F)(F)F)c(F)c1
355,CC(=O)OCCOc1cc2ncc(nc2cc1OCCOC(C)=O)-c1ccc(CC(=O)Nc2cc(on2)C2(CC2)C(F)(F)F)c(F)c1
356,OCCOc1cc2ncc(nc2cc1OCCO)-c1ccc(CC(=O)Nc2cc(on2)C2(CC2)C(F)(F)F)c(F)c1
357,Fc1cc(ccc1CC(=O)Nc1cc(on1)C1(CC1)C(F)(F)F)-c1cnc2cc3OCCOc3cc2n1
358,COCCOc1cc2nc(cnc2cc1OC)-c1ccc(CC(=O)Nc2cc(on2)C2(CC2)C(F)(F)F)c(F)c1
359,COc1cc2nc(cnc2cc1O)-c1ccc(CC(=O)Nc2cc(on2)C2(CC2)C(F)(F)F)c(F)c1
360,COc1cc2nc(cnc2cc1OCCN1CCOCC1)-c1ccc(CC(=O)Nc2cc(on2)C2(CC2)C(F)(F)F)c(F)c1
361,COc1cc2nc(cnc2cc1OCCN1CCN(C)CC1)-c1ccc(CC(=O)Nc2cc(on2)C2(CC2)C(F)(F)F)c(F)c1
362,COc1cc2nc(cnc2cc1OCCN1CCC(F)(F)C1)-c1ccc(CC(=O)Nc2cc(on2)C2(CC2)C(F)(F)F)c(F)c1
363,COc1cc2nc(cnc2cc1Br)-c1ccc(CC(=O)Nc2cc(on2)C2(CC2)C(F)(F)F)c(F)c1
364,COc1cc2nc(cnc2cc1CC(O)CO)-c1ccc(CC(=O)Nc2cc(on2)C2(CC2)C(F)(F)F)c(F)c1
365,COc1cc2nc(cnc2cc1NCCN1CCOCC1)-c1ccc(CC(=O)Nc2cc(on2)C2(CC2)C(F)(F)F)c(F)c1
366,CCOc1cc2ncc(cc2cc1OC)-c1ccc(CC(=O)Nc2cc(on2)C2(CC2)C(F)(F)F)c(F)c1
367,COc1cc2ncc(cc2cc1OCCN1CC[C@H](O)[C@@H](F)C1)-c1ccc(CC(=O)Nc2cc(on2)C(C)(C)C(F)(F)F)c(F)c1
368,COc1cc2cc(cnc2cc1OCCO)-c1ccc(CC(=O)Nc2cc(on2)C2(CC2)C(F)(F)F)c(F)c1
369,COc1cc2nc(cnc2cc1OC1CNC1)-c1ccc(CC(=O)Nc2cc(on2)C2(CC2)C(F)(F)F)c(F)c1
370,COc1cc2nc(cnc2cc1OC1CN(C)C1)-c1ccc(CC(=O)Nc2cc(on2)C2(CC2)C(F)(F)F)c(F)c1
371,COc1cc2cc(cnc2cc1OCCO)-c1ccc(CC(=O)Nc2cc(on2)C(C)(C)C(F)(F)F)c(F)c1
372,COc1cc2nc(cnc2cc1OCCN1CCOCC1)-c1ccc(CC(=O)Nc2cc(on2)C(C)(C)C)c(F)c1
373,COc1cc2nc(cnc2cc1OCCN1CCOCC1)-c1ccc(CC(=O)Nc2cc(on2)C(C)(C)C(F)(F)F)cc1
374,COc1cc2nc(cnc2cc1OCCN1CCOCC1)-c1ccc(CC(=O)Nc2cc(no2)C2(C)CC2)c(F)c1
375,COc1cc2nc(cnc2cc1OCCN1CCOCC1(C)C)-c1ccc(CC(=O)Nc2cc(on2)C2(CC2)C(F)(F)F)c(F)c1
376,CC(C)(C)c1cc(NC(=O)Cc2ccc(cc2)-c2cnc3[nH]cc(c3c2)C2(O)COC2)no1
377,OCC1Cn2nc3ncc(cc3c2O1)-c1ccc(CC(=O)Nc2cc(on2)C2(CC2)C(F)(F)F)c(F)c1
378,CN1CCN(CC1)C(=O)c1cc2cc(cnc2[nH]1)-c1ccc(CC(=O)Nc2cc(on2)C(C)(C)C)cc1
379,CN(C)CCNC(=O)c1n[nH]c2ncc(cc12)-c1ccc(CC(=O)Nc2cc(on2)C(C)(C)C)cc1
380,CC(C)(C)c1cc(NC(=O)Cc2ccc(cc2)-c2cnc3[nH]nc(-n4nccn4)c3c2)no1
381,CC(C)(C)c1cc(NC(=O)Cc2ccc(cc2)-c2cnc3[nH]nc(-n4ccnn4)c3c2)no1
382,FCCOc1n[nH]c2ncc(cc12)-c1ccc(CC(=O)Nc2cc(on2)C2(CC2)C(F)(F)F)c(F)c1
383,CCN1CCN(CCOc2cc3ncc(nc3cc2OC)-c2ccc(CC(=O)Nc3cc(on3)C3(CC3)C(F)(F)F)c(F)c2)CC1
384,OC(=O)c1cc2cc(cnc2[nH]1)-c1ccc(CC(=O)Nc2cc(on2)C2(CC2)C(F)(F)F)c(F)c1
385,CS(=O)(=O)CCNC(=O)c1cc2cc(cnc2[nH]1)-c1ccc(CC(=O)Nc2cc(on2)C2(CC2)C(F)(F)F)c(F)c1
386,CN(C)CCNC(=O)c1cc2cc(cnc2[nH]1)-c1ccc(CC(=O)Nc2cc(on2)C2(CC2)C(F)(F)F)c(F)c1
387,Cn1cc(cn1)-c1n[nH]c2ncc(cc12)-c1ccc(CC(=O)Nc2cc(on2)C(C)(C)C)cc1
388,CN(C)C1CCN(C1)C(=O)c1cc2cc(cnc2[nH]1)-c1ccc(CC(=O)Nc2cc(on2)C2(CC2)C(F)(F)F)c(F)c1
389,OC1CN(C1)C(=O)c1cc2cc(cnc2[nH]1)-c1ccc(CC(=O)Nc2cc(on2)C2(CC2)C(F)(F)F)c(F)c1
390,CN1CC(C1)NC(=O)c1cc2cc(cnc2[nH]1)-c1ccc(CC(=O)Nc2cc(on2)C2(CC2)C(F)(F)F)c(F)c1
391,CC(C)(c1cc(NC(=O)Cc2ccc(cc2F)-c2cnc3[nH]nc(OCCOC(F)(F)F)c3c2)no1)C(F)(F)F
392,COc1cc2ncc(cc2c(OC)c1OC)-c1ccc(CC(=O)Nc2cc(on2)C(C)(C)C(F)(F)F)c(F)c1
393,COc1cc2ncc(cc2c(OC)c1OC)-c1ccc(CC(=O)Nc2cc(on2)C(C)(C)C)cc1
394,CN(C)NC(=O)c1cc2cc(cnc2[nH]1)-c1ccc(CC(=O)Nc2cc(on2)C2(CC2)C(F)(F)F)c(F)c1
395,CCOc1cc2ncc(nc2cc1OCC)-c1ccc(CC(=O)Nc2cc(on2)C2(CC2)C(F)(F)F)c(F)c1
396,Fc1cc(ccc1CC(=O)Nc1cc(on1)C1(CC1)C(F)(F)F)-c1cnc2cc3OCOc3cc2n1
397,COCCOc1cc2ncc(nc2cc1OCCOC)-c1ccc(CC(=O)Nc2cc(on2)C(C)(C)C)cc1
398,OC[C@@H]1COc2cc3nc(cnc3cc2O1)-c1ccc(CC(=O)Nc2cc(on2)C2(CC2)C(F)(F)F)c(F)c1
399,OC[C@@H]1COc2cc3ncc(nc3cc2O1)-c1ccc(CC(=O)Nc2cc(on2)C2(CC2)C(F)(F)F)c(F)c1
400,COc1cc2nc(N)c(nc2cc1OC)-c1ccc(CC(=O)Nc2cc(on2)C2(CC2)C(F)(F)F)c(F)c1
401,COc1cc2nc(OC)c(nc2cc1OC)-c1ccc(CC(=O)Nc2cc(on2)C2(CC2)C(F)(F)F)c(F)c1
402,COCCOc1cc2ncc(nc2cc1OCCOC)-c1ccc(CC(=O)Nc2cc(on2)C2(CC2)C(F)(F)F)c(F)c1
403,COCCOc1cc2ncc(cc2cc1OC)-c1ccc(CC(=O)Nc2cc(on2)C2(CC2)C(F)(F)F)c(F)c1
404,COc1cc2cc(cnc2cc1OCCOC(C)=O)-c1ccc(CC(=O)Nc2cc(on2)C2(CC2)C(F)(F)F)c(F)c1
405,COc1cc2cc(cnc2cc1OC)-c1ccc(CC(=O)Nc2cc(on2)C2(CC2)C(F)(F)F)c(F)c1
406,COc1cc2cc(cnc2cc1OC)-c1ccc(CC(=O)Nc2cc(on2)C(C)(C)C(F)(F)F)c(F)c1
407,COc1cc2nc(cnc2cc1OCCOC(C)=O)-c1ccc(CC(=O)Nc2cc(on2)C2(CC2)C(F)(F)F)c(F)c1
408,COc1cc2nc(cnc2cc1OCCO)-c1ccc(CC(=O)Nc2cc(on2)C2(CC2)C(F)(F)F)c(F)c1
409,COc1cc2nc(cnc2cc1OCCN1CCCC1)-c1ccc(CC(=O)Nc2cc(on2)C2(CC2)C(F)(F)F)c(F)c1
410,COc1cc2nc(cnc2cc1OCCOC(=O)N(C)C)-c1ccc(CC(=O)Nc2cc(on2)C2(CC2)C(F)(F)F)c(F)c1
411,COc1cc2nc(CO)c(nc2cc1OC)-c1ccc(CC(=O)Nc2cc(on2)C2(CC2)C(F)(F)F)c(F)c1
412,COc1cc2ncc(c(Cl)c2cc1OC)-c1ccc(CC(=O)Nc2cc(on2)C(C)(C)C(F)(F)F)c(F)c1
413,COc1cc2ncc(nc2cc1OC)-c1ccc(CC(=O)Nc2cc(nn2C)C(C)(C)C)c(F)c1
414,COc1cc2ncc(nc2cc1OC)-c1ccc(CC(=O)Nc2cc(nn2-c2ccccc2)C(C)(C)C)c(F)c1
415,COc1cc2ncc(-c3ccc(CC(=O)Nc4cc(on4)C(C)(C)C(F)(F)F)c(F)c3)c(N=[N]#N)c2cc1OC
416,CCN1CC(C1)Oc1cc2ncc(nc2cc1OC)-c1ccc(CC(=O)Nc2cc(on2)C2(CC2)C(F)(F)F)c(F)c1
417,COc1cc2ncc(c(N)c2cc1OC)-c1ccc(CC(=O)Nc2cc(on2)C(C)(C)C(F)(F)F)c(F)c1
418,COc1cc2nc(cnc2cc1OC1COC1)-c1ccc(CC(=O)Nc2cc(on2)C2(CC2)C(F)(F)F)c(F)c1
419,COc1cc2nc(Cl)c(nc2cc1OC)-c1ccc(CC(=O)Nc2cc(on2)C2(CC2)C(F)(F)F)c(F)c1
420,COc1cc2nc(cnc2cc1OC1COC1)-c1ccc(CC(=O)Nc2cc(on2)C(C)(C)C(F)(F)F)c(F)c1
421,COc1cc2nc(cnc2cc1OC1CNC1)-c1ccc(CC(=O)Nc2cc(on2)C(C)(C)C(F)(F)F)c(F)c1
422,CCN1CC(C1)Oc1cc2ncc(nc2cc1OC)-c1ccc(CC(=O)Nc2cc(on2)C(C)(C)C(F)(F)F)c(F)c1
423,COc1cc2nc(cnc2cc1OC1CN(C)C1)-c1ccc(CC(=O)Nc2cc(on2)C(C)(C)C(F)(F)F)c(F)c1
424,CC(C)(c1cc(NC(=O)Cc2ccc(cc2F)-c2cnc3c(N)cccc3c2)no1)C(F)(F)F
425,COc1cc2nc(O)c(nc2cc1OC)-c1ccc(CC(=O)Nc2cc(on2)C2(CC2)C(F)(F)F)c(F)c1
426,COc1cc2ncc(nc2cc1OC)-c1ccc(CC(=O)Nc2cc(n[nH]2)C(C)(C)C)c(F)c1
427,CN(C)C(=O)COc1cc2ncc(nc2cc1OCC(=O)N(C)C)-c1ccc(CC(=O)Nc2cc(on2)C2(CC2)C(F)(F)F)c(F)c1
428,COc1ccc2ncc(nc2n1)-c1ccc(CC(=O)Nc2cc(on2)C2(CC2)C(F)(F)F)c(F)c1
429,COc1cc2ncc(nc2cc1OCCN(C)C)-c1ccc(CC(=O)Nc2cc(on2)C2(CC2)C(F)(F)F)c(F)c1
430,COCCOc1cc2ncc(nc2cc1OC)-c1ccc(CC(=O)Nc2cc(on2)C(C)(C)C(F)(F)F)c(F)c1
431,COCCOc1cc2nc(cnc2cc1OC)-c1ccc(CC(=O)Nc2cc(on2)C(C)(C)C(F)(F)F)c(F)c1
432,COCCOc1cc2ncc(nc2cc1OC)-c1ccc(CC(=O)Nc2cc(nn2C)C(C)(C)C)c(F)c1
433,COc1cc2nc(cnc2cc1O)-c1ccc(CC(=O)Nc2cc(on2)C(C)(C)C(F)(F)F)c(F)c1
434,COc1cc2nc(cnc2cc1OCCO)-c1ccc(CC(=O)Nc2cc(on2)C(C)(C)C(F)(F)F)c(F)c1
435,COc1cc2nc(cnc2cc1OCCN=[N+]=[N-])-c1ccc(CC(=O)Nc2cc(on2)C2(CC2)C(F)(F)F)c(F)c1
436,COc1cc2nc(cnc2cc1OCCN)-c1ccc(CC(=O)Nc2cc(on2)C2(CC2)C(F)(F)F)c(F)c1
437,COc1cc2nc(cnc2cc1OCCNC(C)=O)-c1ccc(CC(=O)Nc2cc(on2)C2(CC2)C(F)(F)F)c(F)c1
438,COc1cc2nc(C)c(nc2cc1OC)-c1ccc(CC(=O)Nc2cc(on2)C2(CC2)C(F)(F)F)c(F)c1
439,COc1cc2ncc(nc2cc1OCCO)-c1ccc(CC(=O)Nc2cc(on2)C(C)(C)C(F)(F)F)c(F)c1
440,COc1cc2ncc(nc2cc1OC)-c1ccc(CC(=O)Nc2cc(nn2C)C2(CC2)C(F)(F)F)c(F)c1
441,COc1cc2ncc(nc2cc1OC)-c1ccc(CC(=O)Nc2cc(nn2C(C)(C)C)C2(CC2)C(F)(F)F)c(F)c1
442,COc1cc2nc(cnc2cc1OCCN1CC(C)OC(C)C1)-c1ccc(CC(=O)Nc2cc(on2)C2(CC2)C(F)(F)F)c(F)c1
443,CNCCOc1cc2ncc(nc2cc1OC)-c1ccc(CC(=O)Nc2cc(on2)C2(CC2)C(F)(F)F)c(F)c1
444,COc1cc2nc(cnc2cc1OCCN(C)C(C)=O)-c1ccc(CC(=O)Nc2cc(on2)C2(CC2)C(F)(F)F)c(F)c1
445,COCCOc1cc2cc(cnc2cc1OC)-c1ccc(CC(=O)Nc2cc(on2)C(C)(C)C(F)(F)F)c(F)c1
446,COc1cc2ncc(cc2cc1OCCO)-c1ccc(CC(=O)Nc2cc(on2)C(C)(C)C(F)(F)F)c(F)c1
447,COc1cc2ncc(cc2cc1OCCO)-c1ccc(CC(=O)Nc2cc(on2)C2(CC2)C(F)(F)F)c(F)c1
448,COc1cc2ncc(nc2cc1OC)-c1ccc(CC(=O)Nc2cc(n[nH]2)C2(CC2)C(F)(F)F)c(F)c1
449,COc1cc2ncc(nc2cc1OC)-c1ccc(CC(=O)Nc2cc(nn2C)C(C)(C)C(F)(F)F)c(F)c1
450,COc1cc2ncc(nc2cc1OC)-c1ccc(CC(=O)Nc2cc(n[nH]2)C(C)(C)C(F)(F)F)c(F)c1
451,COc1cc2nc(cnc2cc1OCC#N)-c1ccc(CC(=O)Nc2cc(on2)C2(CC2)C(F)(F)F)c(F)c1
452,COc1cc2ncc(nc2cc1O)-c1ccc(CC(=O)Nc2cc(on2)C(C)(C)C(F)(F)F)c(F)c1
453,COc1cc2nc(cnc2cc1OCCn1cncn1)-c1ccc(CC(=O)Nc2cc(on2)C2(CC2)C(F)(F)F)c(F)c1
454,COc1cc2ncc(nc2cc1OCCN1CCOCC1)-c1ccc(CC(=O)Nc2cc(on2)C(C)(C)C(F)(F)F)c(F)c1
455,COCCOc1cc2cc(cnc2cc1OC)-c1ccc(CC(=O)Nc2cc(on2)C2(CC2)C(F)(F)F)c(F)c1
456,COc1cc2ncc(cc2cc1OCCN1CCOCC1)-c1ccc(CC(=O)Nc2cc(on2)C2(CC2)C(F)(F)F)c(F)c1
457,COc1cc2ncc(nc2cc1OCCN1CC[C@H](O)C1)-c1ccc(CC(=O)Nc2cc(on2)C(C)(C)C(F)(F)F)c(F)c1
458,COc1cc2ncc(cc2cc1OCCN)-c1ccc(CC(=O)Nc2cc(on2)C2(CC2)C(F)(F)F)c(F)c1
459,COc1cc2nc(cnc2cc1OCCCO)-c1ccc(CC(=O)Nc2cc(on2)C2(CC2)C(F)(F)F)c(F)c1
460,CNCCOc1cc2nc(cnc2cc1OC)-c1ccc(CC(=O)Nc2cc(on2)C(C)(C)C(F)(F)F)c(F)c1
461,COc1cc2cc(cnc2cc1OCCN1CCOCC1)-c1ccc(CC(=O)Nc2cc(on2)C(C)(C)C(F)(F)F)c(F)c1
462,COc1cc2ncc(nc2cc1OCCN(C)C(C)=O)-c1ccc(CC(=O)Nc2cc(on2)C(C)(C)C(F)(F)F)c(F)c1
463,COc1cc2cc(cnc2cc1OCCN1CC[C@@H](O)C1)-c1ccc(CC(=O)Nc2cc(on2)C(C)(C)C(F)(F)F)c(F)c1
464,COc1cc2cc(cnc2cc1OCCN(C)CCO)-c1ccc(CC(=O)Nc2cc(on2)C(C)(C)C(F)(F)F)c(F)c1
465,COc1cc2cc(cnc2cc1OCCNCCO)-c1ccc(CC(=O)Nc2cc(on2)C(C)(C)C(F)(F)F)c(F)c1
466,COc1cc2ncc(nc2cc1OC[C@@H](C)O)-c1ccc(CC(=O)Nc2cc(on2)C2(CC2)C(F)(F)F)c(F)c1
467,COc1cc2ncc(nc2cc1OCCCN1CCOCC1)-c1ccc(CC(=O)Nc2cc(on2)C(C)(C)C(F)(F)F)c(F)c1
468,COc1cc2ncc(cc2cc1OCCN)-c1ccc(CC(=O)Nc2cc(on2)C(C)(C)C(F)(F)F)c(F)c1
469,COc1cc2ncc(cc2cc1OCCNC(C)=O)-c1ccc(CC(=O)Nc2cc(on2)C(C)(C)C(F)(F)F)c(F)c1
470,COc1cc2ncc(cc2cc1OCCN1CCC(O)CC1)-c1ccc(CC(=O)Nc2cc(on2)C(C)(C)C(F)(F)F)c(F)c1
471,COc1cc2ncc(cc2cc1OCCN1CCC(F)(F)CC1)-c1ccc(CC(=O)Nc2cc(on2)C(C)(C)C(F)(F)F)c(F)c1
472,COc1cc2nc(cnc2cc1OC[C@@H](C)O)-c1ccc(CC(=O)Nc2cc(on2)C2(CC2)C(F)(F)F)c(F)c1
473,COc1cc2nc(cnc2cc1OCCCN1CCOCC1)-c1ccc(CC(=O)Nc2cc(on2)C(C)(C)C(F)(F)F)c(F)c1
474,COc1cc2nc(cnc2cc1OCCn1cncn1)-c1ccc(CC(=O)Nc2cc(on2)C(C)(C)C(F)(F)F)c(F)c1
475,COc1cc2nc(cnc2cc1OCCn1cnnc1)-c1ccc(CC(=O)Nc2cc(on2)C(C)(C)C(F)(F)F)c(F)c1
476,COc1cc2nc(cnc2cc1OCCCN1CCOCC1)-c1ccc(CC(=O)Nc2cc(on2)C2(CC2)C(F)(F)F)c(F)c1
477,COc1cc2ncc(nc2cc1OCCCN1CCOCC1)-c1ccc(CC(=O)Nc2cc(on2)C2(CC2)C(F)(F)F)c(F)c1
478,COc1cc2ncc(nc2cc1OCCCNC(C)=O)-c1ccc(CC(=O)Nc2cc(on2)C2(CC2)C(F)(F)F)c(F)c1
479,COc1cc2nc(cnc2cc1OCCN1CCOCC1)-c1ccc(CC(=O)Nc2cc(on2)C(C)(C)C)cc1
480,COc1cc2nc(cnc2cc1OCCN1CCS(=O)(=O)CC1)-c1ccc(CC(=O)Nc2cc(on2)C2(CC2)C(F)(F)F)c(F)c1
481,COc1cc2ncc(nc2cc1OC)-c1ccc(CC(=O)Nc2cc(on2)C(C)(C)C(F)(F)F)cc1F
482,COc1cc2ncc(nc2cc1OC)-c1cc(F)c(CC(=O)Nc2cc(on2)C2(CC2)C(F)(F)F)cc1F
483,COc1cc2ncc(nc2cc1OC)-c1cc(F)c(CC(=O)Nc2cc(on2)C(C)(C)C(F)(F)F)cc1F
484,CC(=O)NCCOc1cc2ncc(nc2cc1OCCNC(C)=O)-c1ccc(CC(=O)Nc2cc(on2)C(C)(C)C(F)(F)F)c(F)c1
485,COc1cc2nc(cnc2cc1OCCN1CC2CC(C1)O2)-c1ccc(CC(=O)Nc2cc(on2)C2(CC2)C(F)(F)F)c(F)c1
486,COc1cc2nc(cnc2cc1OCCN1CC2CC1CO2)-c1ccc(CC(=O)Nc2cc(on2)C2(CC2)C(F)(F)F)c(F)c1
487,COc1cc2ncc(nc2cc1OC)-c1cc(F)c(CC(=O)Nc2cc(on2)C(C)(C)C(F)(F)F)c(F)c1
488,COc1cc2ncc(nc2cc1OC)-c1cc(F)c(CC(=O)Nc2cc(on2)C2(CC2)C(F)(F)F)c(F)c1
489,COc1cc2ncc(nc2cc1OCCCN)-c1ccc(CC(=O)Nc2cc(on2)C2(CC2)C(F)(F)F)c(F)c1
490,COc1cc2nc(cnc2cc1OCCN1CCOCC1)-c1ccc(CC(=O)Nc2cc(nn2C)C2(CC2)C(F)(F)F)c(F)c1
491,COc1cc2ncc(nc2cc1OC)-c1cnc(CC(=O)Nc2cc(on2)C(C)(C)C(F)(F)F)c(F)c1
492,COc1cc2nc(cnc2cc1OCCN1CCOCC1)-c1ccc(CC(=O)Nc2cc(n[nH]2)C2(CC2)C(F)(F)F)c(F)c1
493,COc1cc2nc(cnc2cc1OCCN1CCOCC1)-c1ccc(CC(=O)Nc2cc(on2)C2(CC2)C(F)(F)F)cc1
494,COc1cc2cc(cnc2cc1OCCN1CCOCC1)-c1ccc(CC(=O)Nc2cc(on2)C2(CC2)C(F)(F)F)c(F)c1
495,COc1cc2nc(cnc2cc1C(C)(O)CO)-c1ccc(CC(=O)Nc2cc(on2)C2(CC2)C(F)(F)F)c(F)c1
496,COc1cc2ncc(nc2cc1OCCN1CCOCC1)-c1ccc(CC(=O)Nc2cc(on2)C2(CC2)C(F)(F)F)c(F)c1
497,COc1cc2nc(cnc2cc1OCCN1CCOCC1)-c1ccc(CC(=O)Nc2cc(n[nH]2)C(C)(C)C(F)(F)F)c(F)c1
498,COc1cc2ncc(nc2cc1OCC(O)CO)-c1ccc(CC(=O)Nc2cc(on2)C2(CC2)C(F)(F)F)c(F)c1
499,COc1cc2nc(cnc2cc1OCCCNC(C)=O)-c1ccc(CC(=O)Nc2cc(on2)C2(CC2)C(F)(F)F)c(F)c1
500,COc1cc2nc(cnc2cc1OCC(O)CO)-c1ccc(CC(=O)Nc2cc(on2)C2(CC2)C(F)(F)F)c(F)c1
501,COc1cc2nc(cnc2cc1OCCN1CCCOCC1)-c1ccc(CC(=O)Nc2cc(on2)C2(CC2)C(F)(F)F)c(F)c1
502,COc1cc2nc(cnc2cc1OCCN1CCNCC1)-c1ccc(CC(=O)Nc2cc(on2)C2(CC2)C(F)(F)F)c(F)c1
503,COc1cc2nc(cnc2cc1OCCN1CCO[C@H](C)C1)-c1ccc(CC(=O)Nc2cc(on2)C2(CC2)C(F)(F)F)c(F)c1
504,COc1cc2nc(cnc2cc1OCCN1CCOC[C@@H]1C)-c1ccc(CC(=O)Nc2cc(on2)C2(CC2)C(F)(F)F)c(F)c1
505,COc1cc2nc(cnc2cc1OCCN1CC2CCC(C1)O2)-c1ccc(CC(=O)Nc2cc(on2)C2(CC2)C(F)(F)F)c(F)c1
506,COc1cc2nc(cnc2cc1OCCN1C2CCC1COC2)-c1ccc(CC(=O)Nc2cc(on2)C2(CC2)C(F)(F)F)c(F)c1
507,COc1cc2nc(cnc2cc1OCC(C)(C)O)-c1ccc(CC(=O)Nc2cc(on2)C(C)(C)C(F)(F)F)c(F)c1
508,COc1cc2nc(cnc2cc1OCCN1CCOC[C@H]1C)-c1ccc(CC(=O)Nc2cc(on2)C2(CC2)C(F)(F)F)c(F)c1
509,COc1cc2nc(cnc2cc1OCCN1CCO[C@@H](C)C1)-c1ccc(CC(=O)Nc2cc(on2)C2(CC2)C(F)(F)F)c(F)c1
510,COc1nc2ccc(cc2c(Cl)c1CC1CCC(F)(F)CC1)[C@@](O)(c1cnnn1C)c1ccc(C)nc1C
511,COc1nc2ccc(cc2c(Cl)c1C)C(O)(c1cnnn1C)c1sc(C)nc1C
512,COc1nc2ccc(cc2c(Cl)c1C)[C@](O)(c1cnnn1C)c1sc(C)nc1C
513,COc1nc2ccc(cc2c(Cl)c1CC1CC1)[C@@](O)(c1cnnn1C)c1ccc(C)nc1C
514,COc1nc2ccc(cc2c(Cl)c1CC1CC1)[C@@](O)(C1CCN(CC1)C(C)=O)c1ccccc1
515,COc1nc2ccc(cc2c(Cl)c1CN1CCC(O)(CC1)C(F)(F)F)C(O)(c1cncn1C)c1ccnc(c1)C(F)(F)F
516,COc1nc2ccc(cc2c(Cl)c1CN1CCN(CC(F)(F)F)CC1)[C@@](O)(c1cnnn1C)c1cnc(C)n1C
517,COc1nc2ccc(cc2c(Cl)c1CN1CCN(CC(F)(F)F)CC1)[C@](O)(c1cnnn1C)c1cnc(C)n1C
518,COc1nc2ccc(cc2c(Cl)c1OCC1(C)COC1)[C@](O)(c1cnnn1C)c1ccc(C)nc1C
519,CC(C)Oc1c(Cl)c2cc(ccc2nc1N1CCC1)C(O)(c1cnnn1C)c1ccc(C)nc1C
520,CC(C)Oc1c(Cl)nc2ccc(cc2c1Cl)C(O)(c1cnnn1C)c1sc(C)nc1C
521,COc1nc2ccc(cc2c(Cl)c1OCC1CC1(F)F)C(O)(c1cnc(C)n1C)c1cnc(C)n1C
522,COc1nc2ccc(cc2c(Cl)c1OC(C)C1CC1)C(O)(c1cnc(C)n1C)c1cnc(C)n1C
523,COc1nc2ccc(cc2c(Cl)c1OCC1(C)CC1)C(O)(c1cnc(C)n1C)c1cnc(C)n1C
524,COc1nc2ccc(cc2c(Cl)c1OCC1CC1)C(O)(c1cnc(C)n1C)c1cnc(C)n1C
525,COc1nc2ccc(cc2c(Cl)c1OCC1CC1(F)F)[C@](O)(c1cnnn1C)c1ccc(C)nc1C
526,COc1nc2ccc(cc2c(Cl)c1OCc1ccccc1)C(O)(c1cnc(C)n1C)c1cnc(C)n1C
527,COc1nc2ccc(cc2c(Cl)c1OC(C)C)[C@](O)(c1cnnn1C)c1cnc(C)n1C
528,COc1nc2ccc(cc2c(Cl)c1OC(C)C)[C@@](O)(c1cnnn1C)c1cnc(C)n1C
529,CC(C)Oc1c(Cl)c2cc(ccc2nc1N1CCC1)C(O)(c1cnnn1C)c1sc(C)nc1C
530,CC(C)Oc1c(Cl)c2cc(ccc2nc1N1CCC1)[C@@](O)(c1cnnn1C)c1sc(C)nc1C
531,COc1nc2ccc(cc2c(Cl)c1OC(C)C)[C@@](O)(c1cnnn1C)c1sc(C)nc1C
532,COc1nc2ccc(cc2c(Cl)c1OCC(F)(F)F)[C@@](O)(c1cncn1C)c1ccc(Cl)cc1
533,Cn1cncc1[C@](O)(c1ccc(nc1)C(F)(F)F)c1ccc2nc(N3CCC3)c(OCC3CC3)c(Cl)c2c1
534,COc1nc2ccc(cc2c(Cl)c1OCC1CC1)[C@@](O)(c1cncn1C)c1ccc(nc1)C(F)(F)F
535,COc1nc2ccc(cc2c(Cl)c1OC(C)C)[C@](O)(c1cncn1C)c1ccc(nc1)C(F)(F)F
536,COc1nc2ccc(cc2c(Cl)c1CN1CCC(CC1)C(F)(F)F)[C@@](O)(c1cncn1C)c1ccnc(c1)C(F)(F)F
537,COc1nc2ccc(cc2c(Cl)c1CN1CCC(CC1)C(F)(F)F)C(O)(c1cnnn1C)c1ccc(C)nc1C
538,COc1nc2ccc(cc2c(Cl)c1CN1CCC(CC1)C(F)(F)F)[C@@](O)(c1cnnn1C)c1ccc(C)nc1C
539,COc1nc2ccc(cc2c(Cl)c1CN1CCC(CC1)C(F)(F)F)[C@](O)(c1cnnn1C)c1cnc(C)n1C
540,COc1nc2ccc(cc2c(Cl)c1CN1CCC(F)(F)CC1)C(O)(c1cnnn1C)c1ccc(C)nc1C
541,COc1nc2ccc(cc2c(Cl)c1CN1CC(F)(F)C1)[C@@](O)(c1cnnn1C)c1ccc(C)nc1C
542,COc1nc2ccc(cc2c(Cl)c1CN1CCC(CC1)C(F)(F)F)C(O)(c1cnc(C)n1C)c1ncc(C)n1C
543,COc1nc2ccc(cc2c(Cl)c1CN1CCC(CC1)C(F)(F)F)[C@](O)(c1cncn1C)c1ccc(nc1)C(F)(F)F
544,COc1nc2ccc(cc2c(Cl)c1CN1CCC(CC1)C(F)(F)F)[C@](O)(c1cnnn1C)c1cc(C)nc(C)c1
545,COc1nc2ccc(cc2c(Cl)c1CN1CC(C1)C(F)(F)F)[C@](O)(c1cnnn1C)c1cnc(C)n1C
546,COc1nc2ccc(cc2c(Cl)c1CN1CC(C1)C(F)(F)F)[C@@](O)(c1cnnn1C)c1cnc(C)n1C
547,COc1nc2ccc(cc2c(Cl)c1CN1CC(C1)C(F)(F)F)[C@](O)(c1cncn1C)c1ccc(nc1)C(F)(F)F
548,COc1nc2ccc(cc2c(Cl)c1CN1CC(C1)C(F)(F)F)[C@](O)(c1cncn1C)c1ccnc(c1)C(F)(F)F
549,COc1nc2ccc(cc2c(Cl)c1CN1CCC(CC1)C(F)(F)F)[C@@](O)(C1CCOCC1)c1cnnn1C
550,COc1nc2ccc(cc2c(Cl)c1CN1CCC(CC1)C(F)(F)F)[C@](O)(C1CCOCC1)c1cnnn1C
551,COc1nc2ccc(cc2c(Cl)c1CN1CCC(CC1)C(F)(F)F)[C@@](O)(C1CN(C1)C(C)=O)c1cnnn1C
552,COc1nc2ccc(cc2c(Cl)c1CN1CCC(CC1)C(F)(F)F)[C@@](O)(C1CN(C1)C(C)=O)c1cnc(C)n1C
553,COc1nc2ccc(cc2c(Cl)c1CN1CCC(CC1)C(F)(F)F)[C@](O)(C1CN(C1)C(C)=O)c1cnc(C)n1C
554,COc1nc2ccc(cc2c(Cl)c1CN1CCC(CC1)C(F)(F)F)[C@](O)(C1CN(C1)C(C)=O)c1ccnc(c1)C(F)(F)F
555,COc1nc2ccc(cc2c(Cl)c1CN1CCC(CC1)C(F)(F)F)[C@@](O)(c1cnc(C)n1C)c1ccnc(c1)C(F)(F)F
556,COc1nc2ccc(cc2c(Cl)c1CN1CCC(CC1)C(F)(F)F)[C@@](O)(C1CN(C1)S(C)(=O)=O)c1cnnn1C
557,COc1nc2ccc(cc2c(Cl)c1CN1CCC(CC1)C(F)(F)F)[C@](O)(c1cnnn1C)c1ccnc(c1)C(F)(F)F
558,COc1nc2ccc(cc2c(Cl)c1CN1CCC(CC1)C(F)(F)F)[C@](O)(C1CN(C1)C(C)=O)c1ccc(nc1)C(F)(F)F
559,COc1nc2ccc(cc2c(Cl)c1C(C)C)C(O)(c1cnnn1C)c1ccc(C)nc1C
560,COc1nc2ccc(cc2c(Cl)c1C(C)C)[C@](O)(c1cnnn1C)c1ccc(C)nc1C
561,COc1nc2ccc(cc2c(Cl)c1CC(C)C)C(O)(c1cnnn1C)c1ccc(C)nc1C
562,COc1nc2ccc(cc2c(Cl)c1CC(C)C)[C@](O)(c1cnnn1C)c1ccc(C)nc1C
563,COc1nc2ccc(cc2c(Cl)c1CC(C)C)C(O)(c1cnnn1C)c1cnc(C)n1C
564,COc1nc2ccc(cc2c(Cl)c1CC(C)C)[C@](O)(c1cnnn1C)c1cnc(C)n1C
565,COc1nc2ccc(cc2c(Cl)c1C1CCCC1)C(O)(c1cnnn1C)c1cnc(C)n1C
566,COc1nc2ccc(cc2c(Cl)c1C1CCCC1)[C@@](O)(c1cnnn1C)c1cnc(C)n1C
567,COc1nc2ccc(cc2c(Cl)c1C1CCCC1)[C@](O)(c1cnnn1C)c1cnc(C)n1C
568,COc1nc2ccc(cc2c(Cl)c1CC(F)(F)F)C(O)(c1cnnn1C)c1cnc(C)n1C
569,Cc1ccc(c(C)n1)[C@](O)(c1cnnn1C)c1ccc2nc(N3CCC3)c(CC(F)(F)F)c(Cl)c2c1
570,COc1nc2ccc(cc2c(Cl)c1CC(F)(F)F)[C@@](O)(c1cnnn1C)c1ccc(C)nc1C
571,COc1nc2ccc(cc2c(Cl)c1CC(F)(F)F)C(O)(c1cnc(C)n1C)c1cnc(C)n1C
572,COc1nc2ccc(cc2c(Cl)c1OCC1CCOCC1)[C@@](O)(c1cnnn1C)c1ccc(C)nc1C
573,COc1nc2ccc(cc2c(Cl)c1CNC(=O)C1(CC1)C(F)(F)F)C(O)(c1cnc(C)n1C)c1cnc(C)n1C
574,COc1nc2ccc(cc2c(Cl)c1CN1CCC(CC1)C(F)(F)F)[C@](O)(c1cncn1C)c1ccc(cc1)C#N
575,COc1nc2ccc(cc2c(Cl)c1CNCCCC(F)(F)F)C(O)(c1cnc(C)n1C)c1cnc(C)n1C
576,CCC(NCc1c(OC)nc2ccc(cc2c1Cl)C(O)(c1cnc(C)n1C)c1cnc(C)n1C)C(F)(F)F
577,COc1nc2ccc(cc2c(Cl)c1CN(C)CC(F)(F)F)C(O)(c1cnc(C)n1C)c1cnc(C)n1C
578,COc1nc2ccc(cc2c(Cl)c1CN[C@H](C)C(F)(F)F)C(O)(c1cnc(C)n1C)c1cnc(C)n1C
579,COc1nc2ccc(cc2c(Cl)c1CN[C@@H](C)C(F)(F)F)C(O)(c1cnc(C)n1C)c1cnc(C)n1C
580,COc1nc2ccc(cc2c(Cl)c1CNC1CCCC(C1)C(F)(F)F)C(O)(c1cnc(C)n1C)c1cnc(C)n1C
581,COc1nc2ccc(cc2c(Cl)c1CNCC1CCC(CC1)C(F)(F)F)C(O)(c1cnc(C)n1C)c1cnc(C)n1C
582,COc1nc2ccc(cc2c(C#N)c1CC(F)(F)F)C(O)(c1cnnn1C)c1cnc(C)n1C
583,COc1nc2ccc(cc2c(Cl)c1CC(F)(F)F)[C@@](O)(c1cncn1C)c1ccc(cc1)C#N
584,COc1nc2ccc(cc2c(C#N)c1OCC(F)(F)F)[C@@](O)(c1cncn1C)c1ccc(nc1)C(F)(F)F
585,COc1nc2ccc(cc2c(C#N)c1OCC1CC1)[C@](O)(c1cncn1C)c1ccnc(c1)C(F)(F)F
586,COc1nc2ccc(cc2c(Cl)c1OCC(F)(F)F)[C@](O)(c1cncn1C)c1ccnc(c1)C(F)(F)F
587,COc1nc2ccc(cc2c(Cl)c1OCC1CC1)[C@](O)(c1cncn1C)c1ccnc(c1)C(F)(F)F
588,COc1nc2ccc(cc2c(C#N)c1CC(F)(F)F)[C@](O)(c1cncn1C)c1ccnc(c1)C(F)(F)F
589,COc1nc2c(C)cc(cc2c(Cl)c1OCC(F)(F)F)C(O)(c1cnc(C)n1C)c1c(C)nn(C)c1C
590,COc1nc2ccc(cc2c(Cl)c1OCC(F)(F)F)C(O)(c1cnc(C)n1C)c1cnc(C)n1C
591,COc1nc2ccc(cc2c(Cl)c1CC(F)(F)F)[C@](O)(c1cncn1C)c1ccnc(c1)C(F)(F)F
592,CCc1nc2ccc(cc2c(C#N)c1CC(F)(F)F)[C@](O)(c1cncn1C)c1ccnc(c1)C(F)(F)F
593,CCc1nc2ccc(cc2c(Cl)c1CC(F)(F)F)[C@](O)(c1cncn1C)c1ccnc(c1)C(F)(F)F
594,COc1nc2ccc(cc2c(Cl)c1CC(F)(F)F)[C@](O)(c1cncn1C)c1ccc(nc1)C(F)(F)F
595,COc1nc2ccc(cc2c(C#N)c1CC(F)(F)F)[C@@](O)(c1cncn1C)c1ccc(nc1)C(F)(F)F
596,COc1nc2ccc(cc2c(Cl)c1CCC(F)(F)F)C(O)(c1cncn1C)c1ccc(nc1)C(F)(F)F
597,COc1nc2ccc(cc2c(Cl)c1CCC(F)(F)F)[C@](O)(c1cncn1C)c1ccc(nc1)C(F)(F)F
598,COc1nc2ccc(cc2c(Cl)c1CCC(F)(F)F)C(O)(c1cncn1C)c1ccnc(c1)C(F)(F)F
599,COc1nc2ccc(cc2c(Cl)c1CCC(F)(F)F)C(O)(c1cncn1C)c1ccc(Cl)cc1
600,COc1nc2ccc(cc2c(Cl)c1CCC(F)(F)F)[C@](O)(c1cncn1C)c1ccc(Cl)cc1
601,COc1nc2ccc(cc2c(Cl)c1OCC(F)(F)F)C(O)(c1cnc(C)n1C)c1c(C)nn(C)c1C
602,COc1cc(OC)c2CN(CCN(c3ccc4ncc(nc4c3)-c3cn[nH]c3)c2c1)C(C)C
603,CN1Cc2cc(F)ccc2OCCNC(=O)c2cnn3ccc1nc23
604,CN1Cc2c(Cl)c(F)ccc2OCCNC(=O)c2cnn3ccc1nc23
605,CCN1Cc2cc(F)ccc2OCCNC(=O)c2cnn3ccc1nc23
606,CC(C)N1Cc2cc(F)ccc2OCCNC(=O)c2cnn3ccc1nc23
607,CN1Cc2ccccc2OCCNC(=O)c2cnn3ccc1nc23
608,Fc1ccc2OCCNC(=O)c3cnn4ccc(NCc2c1)nc34
609,CC1Nc2ccn3ncc(C(=O)NCCOc4ccc(F)cc14)c3n2
610,C[C@H]1Nc2ccn3ncc(C(=O)NCCOc4ccc(F)cc14)c3n2
611,CC1Nc2ccn3ncc(C(=O)NCCOc4ccc(F)c(Cl)c14)c3n2
612,CN1Cc2cc(F)ccc2OCCCNC(=O)c2cnn3ccc1nc23
613,C[C@@H]1CNC(=O)c2cnn3ccc(N[C@H](C)c4cc(F)ccc4O1)nc23
614,C[C@H]1CNC(=O)c2cnn3ccc(N[C@H](C)c4cc(F)ccc4O1)nc23
615,OCC1Nc2ccn3ncc(C(=O)NCCOc4ccc(F)cc14)c3n2
616,Fc1ccc2OCCCNC(=O)c3cnn4ccc(CCc2c1)nc34
617,CN1CCCC[C@@H]1CC=C1c2ccccc2Cc2ccccc12
618,OC(=O)CCc1ccccc1CC1C2CCC(O2)C1c1nc(co1)C(=O)NCCc1ccc(Cl)cc1
619,Oc1ccc2CC3N(CC4CC4)CCC45C(Oc1c24)c1[nH]c2c(cccc2c1CC35O)N=C=S
620,Oc1ccc2CC3N(CC4CC4)CCC45C(Oc1c24)c1[nH]c2cc(ccc2c1CC35O)N=C=S
621,Oc1ccc2CC3N(CC4CC4)CCC45C(Oc1c24)c1[nH]c2ccc(cc2c1CC35O)N=C=S
622,Oc1ccc2CC3N(CC4CC4)CCC45C(Oc1c24)c1[nH]c2cccc(N=C=S)c2c1CC35O
623,OC(=O)CCC(Sc1ccc(cc1)C(O)=O)\C=C\Cc1ccc(OCCCCOc2ccccc2)cc1
624,CCOC(=O)\C=C1/CC(C)(CC)CC(=O)N1Cc1ccc(cc1)-c1ccccc1-c1nnn[nH]1
625,C\C(\C=C\C1CC1(C)c1ccc2c(c1)C(C)(C)CCC2(C)C)=C/C(O)=O
626,C\C(\C=C\C1=C(C)CCCC1(C)C)=C\C=C\C(\C)=C\C(O)=O
627,C\C(\C=C\C1=C(C)CCCC1(C)C)=C/C=C/C(/C)=C/C(O)=O
628,NC(N)=Nc1ccc(cc1)C1CC(=O)O\C(C1)=C/I
629,NC(N)=Nc1ccc(cc1)C1CC(=C)OC(=O)C1NC(=O)c1ccccc1
630,NC(N)=Nc1ccc(cc1)C1CC(=C)OC(=O)C1
631,NS(=O)(=O)c1ccc(cc1)C(=O)NC(Cc1ccc(Cl)cc1)C(O)=O
632,CCCCC(NC(=O)c1ccc(cc1)S(N)(=O)=O)C(O)=O
633,CCc1nc(N)nc(N)c1-c1ccc(Cl)cc1
634,CC(C)N1CCC(C)(C)c2ccc(cc12)C#Cc1ccc(cc1)C(O)=O
635,C\C(=C/c1ccc(cc1)C(O)=O)c1ccc2c(c1)C(C)(C)CCC2(C)C
636,CC(C)C[C@H](NC(=O)[C@H](Cc1ccccc1)NC(=O)CNC(=O)CNC(=O)[C@@H](N)Cc1ccc(O)cc1)C(O)=O
637,CSCC[C@@H]1NC(=O)[C@H](CC(C)C)NC(=O)[C@@H]2CNC(=O)C[C@H](NC1=O)C(=O)N[C@@H](Cc1c[nH]c3ccccc13)C(=O)N[C@@H](Cc1ccccc1)C(=O)N2
638,CN(C)CCc1cnc([nH]1)-c1cccc(c1)C(F)(F)F
639,NCCc1cnc([nH]1)-c1cccc(c1)C(F)(F)F
640,CNCCc1cnc([nH]1)-c1cccc(c1)C(F)(F)F
641,CNCCc1cnc([nH]1)-c1cccc(Br)c1
642,CN(C)CCc1cnc([nH]1)-c1cccc(Br)c1
643,NCCc1cnc[nH]1
644,CCCC(=O)O[C@@H]1[C@@H](C)[C@]2(O)[C@@H]3C=C(C)C(=O)[C@@]3(O)CC(CO)=C[C@H]2[C@@H]2C(C)(C)[C@]12OC(=O)CCC
645,OC(=O)CCc1ccccc1CC1C2CCC(O2)C1C=NNC(=O)Nc1ccccc1
646,OC(=O)CCCc1ccccc1CC1C2CCC(O2)C1C=NNC(=O)Nc1ccccc1
647,CC1(C)CC[C@H](O)[C@@]2(C)[C@H]1[C@H](O)[C@H](OC(=O)NCCNC(=O)CBr)[C@@]1(C)O[C@](C)(CC(=O)[C@]21O)C=C
648,CC(=O)O[C@H]1[C@@H](OC(=O)NCCNC(=O)CCc2ccc(O)cc2)[C@H]2C(C)(C)CC[C@H](O)[C@]2(C)[C@@]2(O)C(=O)C[C@@](C)(O[C@]12C)C=C
649,CC(=O)O[C@H]1[C@@H](OC(=O)NCCNC(=O)CBr)[C@H]2C(C)(C)CC[C@H](O)[C@]2(C)[C@@]2(O)C(=O)C[C@@](C)(O[C@]12C)C=C
650,CC1(C)CC[C@H](O)[C@@]2(C)[C@H]1[C@H](O)[C@H](OC(=O)NCCNC(=O)CCc1ccc(O)cc1)[C@@]1(C)O[C@](C)(CC(=O)[C@]21O)C=C
651,CC(=O)O[C@H]1[C@@H](O)[C@H]2C(C)(C)CC[C@H](O)[C@]2(C)[C@@]2(O)C(=O)C[C@@](C)(O[C@]12C)C=C
652,NC1Cc2cc3OCOc3cc2C1
653,CC1(C)CCC(C)(C)c2cc(C\C=C\c3ccc(cc3)C(O)=O)ccc12
654,Cc1ccc(cc1)C1=CCC(C)(C)C=C1\C=C\C#Cc1ccc(cc1)C(O)=O
655,CC(C)(C)c1ccc(cc1)C1=C(\C=C\C#Cc2ccc(cc2)C(O)=O)C(C)(C)CCC1
656,Cc1ccc(cc1)C1=C(\C=C\C#Cc2ccc(cc2)C(O)=O)C(C)(C)CCC1
657,Cc1ccc(cc1)C1=CCC(C)(C)c2ccc(cc12)C#Cc1ccc(cc1)C(O)=O
658,CC[C@H](C)[C@H](NC(=O)[C@H](CCC(N)=O)NC(=O)[C@@H](NC(=O)[C@H](Cc1cnc[nH]1)NC(=O)[C@H](CCC(N)=O)NC(=O)[C@H](CC(O)=O)NC(=O)[C@H](CCC(O)=O)NC(=O)[C@H](CC(O)=O)NC(=O)[C@H](Cc1ccccc1)NC(=O)[C@@H]1CCCN1)[C@@H](C)O)C(=O)N[C@@H]([C@@H](C)O)C(=O)N[C@@H](Cc1c[nH]c2ccccc12)C(=O)N[C@@H](C(C)C)C(O)=O
659,CC1(C)CCC(C)(C)c2cc(ccc12)C(=O)Nc1cc(F)c(C(O)=O)c(F)c1
660,CC1(C)CCC(C)(C)c2c(Br)c(O)c(cc12)C(=O)Nc1cc(F)c(C(O)=O)c(F)c1
661,CCCn1c(=O)n(CCCNC(=O)c2ccc(cc2)S(F)(=O)=O)c2nc([nH]c2c1=O)C1CCCC1
662,C\C(CCc1ccccc1)=N\OCC(O)CNC(C)(C)C
663,CC(C)NCC(O)C1=COc2ccccc2O1
664,COc1ccc(CCNCC(O)C2=COc3ccccc3O2)cc1OC
665,CC(C)(C)NCC(O)C1=COc2ccccc2O1
666,CCOC(=O)CCCNCC(O)COc1ccccc1C
667,CCOC(=O)CC(C)(C)NCC(O)COc1ccccc1C
668,CC(C)CNCC(O)COc1cccc2ccccc12
669,CCOC(=O)C(C)(C)NCC(O)COc1ccccc1C(=O)OC
670,CC(C)NCC(O)COc1ccccc1C(=O)OC=C
671,CCOC(=O)c1ccccc1OCC(O)CNC(C)(C)C
672,COC(=O)c1ccccc1OCC(O)CNC(C)C
673,CCOC(=O)CCNCC(O)COc1ccccc1C(=O)OC
674,COC(=O)c1ccccc1OCC(O)CNCCc1ccc(OC)c(OC)c1
675,Cc1ccc(cc1)N(CC1=NCCN1)c1cccc(O)c1
676,COC(=O)[C@@H]1[C@@H](O)CC[C@@H]2CN3CCc4c([nH]c5ccccc45)[C@@H]3C[C@H]12
677,COc1ccc(CCNCC(O)COc2ccc(cc2)-c2nc(c[nH]2)-c2cccs2)cc1OC
678,COc1ccc(CCNCC(O)COc2ccc(cc2)-c2nc(C)c[nH]2)cc1OC
679,CC(C)(C)NC[C@H](O)COc1nsnc1N1CCOCC1
680,CC(C)NCC(O)COc1ccc(cc1)-c1nc(c[nH]1)-c1cccs1
681,COCCc1ccc(OCC(O)CNC(C)C)cc1
682,COc1ccc(CCNC[C@H](O)COc2ccc(cc2)-c2nc(c[nH]2)-c2cccs2)cc1OC
683,COc1ccc(CC(C)(C)NCC(O)COc2ccc(cc2)-c2nc(c[nH]2)-c2cccs2)cc1OC
684,CC(C)NCC(O)COc1ccc(CC(N)=O)cc1
685,COc1ccc(CCNC[C@H](O)COc2ccc(cc2)-c2ncc[nH]2)cc1OC
686,CC(C)NCC(O)COc1ccc(CCOCC2CC2)cc1
687,CC(C)(C)NC[C@H](O)COc1ccc(cc1)-c1nc(c[nH]1)C(F)(F)F
688,O[C@@H](CNC1CC1)COc1ccc(cc1)-c1nc(c[nH]1)-c1cccs1
689,CC(C)(C)NCC(O)CO\N=C/C1CC1
690,C\C(=N\OCC(O)CNC(C)(C)C)C1CC1
691,CC(C)(C)NCC(O)CON=C(C1CC1)C1CC1
692,CC(C)NCC(O)COc1ccc(O)c2ccccc12
693,COc1cc(Cc2cnc(N)nc2N)cc(OCCCCCCC(O)=O)c1OC
694,COc1cc(Cc2cnc(N)nc2N)cc(OCCCCC(O)=O)c1OC
695,COc1cc(Cc2cnc(N)nc2N)cc(OC)c1OC
696,COc1cc(Cc2cnc(N)nc2N)cc(OCCC(O)=O)c1OC
697,COc1cc(Cc2cnc(N)nc2N)cc(OCCCC(O)=O)c1OC
698,COc1cc(Cc2cnc(N)nc2N)cc(OCCCCCC(O)=O)c1OC
699,COc1cc(Cc2cnc(N)nc2N)cc(OCC(O)=O)c1OC
700,C\C(=N/OC[C@@H](O)CNC(C)(C)C)C1CC1
701,CC(C)(C)NC[C@H](O)CON=C(C1CC1)C1CC1
702,C\C(=N/OCC(O)CNC(C)(C)C)C1CC1
703,CC(C)C[C@@H](NC(=O)[C@H](Cc1ccccc1)NC(=O)CNC(=O)[C@@H](C)NC(=O)[C@@H](N)Cc1ccc(O)cc1)C(O)=O
704,CCC1C2N(CC3CC3)CCC1(C)c1cc(O)ccc1C2=O
705,CN1CC[C@@]23[C@H]4Oc5c2c(C[C@@H]1[C@@H]3CC[C@@H]4O)ccc5O
706,COc1ccc(CCNCC(O)COc2ccc(OCc3ncc[nH]3)cc2)cc1OC
707,COc1ccc(CCNCC(O)COc2ccc(cc2)-c2nc(C)c(Cl)[nH]2)cc1OC
708,COc1ccc(CCNCC(O)COc2ccc(cc2)-c2ncc(CN3CCOCC3)[nH]2)cc1OC
709,COc1ccc(CCNCC(O)COc2ccc(Cc3ncc(C)[nH]3)cc2)cc1OC
710,OC(CNCCNC(=O)Nc1ccccc1)COc1ccccc1C#N
711,COc1ccc(CCNCC(O)COc2ccc(CCc3nc(c[nH]3)-c3cccs3)cc2)cc1OC
712,CCOCCNC[C@H](O)COc1ccc(cc1)-c1nc(c[nH]1)-c1cccs1
713,COCc1cnc([nH]1)-c1ccc(OC[C@@H](O)CNCCc2ccc(OC)c(OC)c2)cc1
714,COc1ccc(CCNCC(O)COc2ccc(cc2)-c2nc(c[nH]2)C(C)C)cc1OC
715,CC(C)NCC(O)COc1ccc(cc1)-c1nc(c[nH]1)C(C)C
716,CCOC(=O)c1cnc([nH]1)-c1ccc(OCC(O)CNCCc2ccc(OC)c(OC)c2)cc1
717,COc1ccc(CCNCC(O)COc2ccc(cn2)-c2nc(c[nH]2)-c2cccs2)cc1OC
718,CC(C)NCC(O)COc1ccc(cc1)-c1ncc[nH]1
719,COc1ccc(CCNC[C@H](O)COc2ccc(cc2)-c2nc(c[nH]2)C(C)(C)C)cc1OC
720,CC(C)NCC(O)COc1ccc(Cc2ncc(Br)[nH]2)cc1
721,COc1ccc(CCNCC(O)COc2ccc(cc2Cl)-c2ncc(Br)[nH]2)cc1OC
722,CCOCc1cnc([nH]1)-c1ccc(OCC(O)CNCCc2ccc(OC)c(OC)c2)cc1
723,CCCNCC(O)COc1ccc(cc1)-c1nc(c[nH]1)-c1cccs1
724,COc1ccc(CCNCC(O)COc2ccc(cc2)-c2nc(c[nH]2)C(C)(C)C)cc1OC
725,COc1ccc(CCNCC(O)COc2ccc(cc2Cl)-c2nc(c[nH]2)-c2cccs2)cc1OC
726,COc1ccc(CCNCC(O)COc2ccc(cc2)-c2ncc(Br)[nH]2)cc1OC
727,COc1ccc(CCNCC(O)COc2ccc(cc2)-c2nc(C)c([nH]2)C(C)=O)cc1OC
728,COCc1[nH]c(nc1C)-c1ccc(OCC(O)CNCCc2ccc(OC)c(OC)c2)cc1
729,COc1ccc(CCNCC(O)COc2ccc(CCc3ncc(Br)[nH]3)cc2)cc1OC
730,COc1ccc(CCNCC(O)COc2ccc(cc2)-c2ncc(Cl)[nH]2)cc1OC
731,OC(CNCCc1ccncc1)COc1ccc(cc1)-c1nc(c[nH]1)-c1cccs1
732,CC(C)NC=Nc1ccc(cc1)-c1c[nH]cn1
733,CC(C)NCC(O)COc1ccc(CCOC2CCCC2)cc1
734,CC(C)NCC(O)COc1ccc(CCOCC2CCC2)cc1
735,CN(Cc1cnc2nc(N)nc(N)c2n1)c1ccc(cc1)C(=O)N[C@@H](CCC(O)=O)C(O)=O
736,CN([C@H]1CC[C@@]2(CCCO2)C[C@@H]1N1CCCC1)C(=O)Cc1ccccc1
737,O[C@H](COc1ccc2ccccc2c1)[C@@H]1CCCCN1
738,O[C@H](COc1ccccc1)[C@@H]1CCCCN1
739,CC(C)NCC(O)COc1ccc2ccccc2c1
740,CC(C)NC[C@H](O)COc1cccc(C)c1
741,CC(C)NCC(O)COc1ccc(C)cc1
742,CC(C)NCC(O)COc1ccccc1
743,CC(C)C[C@@H]1NC(=O)[C@@H](NC(=O)[C@H](CCCNC(N)=N)NC(=O)[C@H](CNC(=O)C[C@H](NC(=O)[C@@H]2CCCN2C(=O)[C@H](CCCNC(N)=N)NC1=O)C(N)=O)NC(=O)[C@@H](NC(=O)[C@H](Cc1ccc(Cl)cc1)NC(=O)[C@H](Cc1ccc2ccccc2c1)NC(C)=O)c1cccnc1)c1cccnc1
744,CCN1CCC[C@H]1CNC(=O)c1c(O)c(Cl)cc(Cl)c1OC
745,CN1[C@H]2CC[C@@H]1C[C@@H](C2)OC(=O)C(CO)c1ccccc1
746,C[C@H]([C@H](O)\C=C\C1C2CCC(O2)C1C\C=C/CCCC(O)=O)c1ccccc1
747,CN1[C@H]2C[C@@H](C[C@@H]1[C@@H]1O[C@@H]21)OC(=O)[C@H](CO)c1ccccc1
748,CCn1c(\C=C\C=C2/N(C)c3ccccc3C2(C)C)[n+](CC)c2nc3ccccc3nc12
749,COc1ccc(C[C@@H]2NC(=O)C3(CCCC3)CSSC[C@H](NC(=O)[C@H](CC(N)=O)NC(=O)[C@@H](NC(=O)[C@H](Cc3ccccc3)NC2=O)C(C)C)C(=O)N2CCC[C@H]2C(=O)N[C@@H](CCCCN)C(=O)N[C@@H](Cc2ccc(O)cc2)C(N)=O)cc1
750,C[C@H](N(C)C(=O)[C@H]1CSSCC2(CCCC2)C(=O)N[C@@H](Cc2ccc(O)cc2)C(=O)N[C@@H](Cc2ccccc2)C(=O)N[C@@H](CCC(N)=O)C(=O)N[C@@H](CC(N)=O)C(=O)N1)C(=O)N[C@@H](CCCN=C(N)N)C(=O)N[C@@H](CCCC\N=C(\N)c1ccc(cc1)N=[N+]=[N-])C(N)=O
751,N[C@H]1CSSC[C@H](NC(=O)[C@H](CC(N)=O)NC(=O)[C@H](CCC(N)=O)NC(=O)[C@H](Cc2ccccc2)NC(=O)[C@H](Cc2ccc(O)cc2)NC1=O)C(=O)N1CCC[C@H]1C(=O)N[C@@H](CCCN=C(N)N)C(=O)NCC(N)=O
752,CC(C)[C@@H]1NC(=O)[C@H](Cc2ccccc2)NC(=O)[C@H](Cc2ccc(cc2)[N+]([O-])=O)NC(=O)C(C)(C)CSSC[C@H](NC(=O)[C@H](CC(N)=O)NC1=O)C(=O)N1CCC[C@H]1C(=O)N[C@@H](CCCCN)C(=O)N[C@@H](Cc1ccc(O)cc1)C(N)=O
753,CC(C)[C@@H]1NC(=O)[C@H](Cc2ccccc2)NC(=O)[C@H](Cc2ccc(cc2)N=[N+]=[N-])NC(=O)C(C)(C)CSSC[C@H](NC(=O)[C@H](CC(N)=O)NC1=O)C(=O)N1CCC[C@H]1C(=O)N[C@@H](CCCCN)C(=O)N[C@@H](Cc1ccc(O)cc1)C(N)=O
754,CC(C)[C@@H]1NC(=O)[C@H](Cc2ccccc2)NC(=O)[C@H](Cc2ccc(cc2)[N+]([O-])=O)NC(=O)C2(CCCC2)CSSC[C@H](NC(=O)[C@H](CC(N)=O)NC1=O)C(=O)N1CCC[C@H]1C(=O)N[C@@H](CCCCN)C(=O)N[C@H](Cc1ccc(O)cc1)C(N)=O
755,CC(C)[C@@H]1NC(=O)[C@H](Cc2ccccc2)NC(=O)[C@H](Cc2ccc(cc2)N=[N+]=[N-])NC(=O)CCSSC[C@H](NC(=O)[C@H](CC(N)=O)NC1=O)C(=O)N1CCC[C@H]1C(=O)N[C@@H](CCCCN)C(=O)N[C@H](Cc1ccc(O)cc1)C(N)=O
756,CCC1(CC)CSSC[C@H](NC(=O)[C@H](CC(N)=O)NC(=O)[C@@H](NC(=O)[C@H](Cc2ccccc2)NC(=O)[C@H](Cc2ccc(cc2)N=[N+]=[N-])NC1=O)C(C)C)C(=O)N1CCC[C@H]1C(=O)N[C@@H](CCCCN)C(=O)N[C@H](Cc1ccc(O)cc1)C(N)=O
757,CCC1(CC)CSSC[C@H](NC(=O)[C@H](CC(N)=O)NC(=O)[C@@H](NC(=O)[C@H](Cc2ccccc2)NC(=O)[C@H](Cc2ccc(cc2)[N+]([O-])=O)NC1=O)C(C)C)C(=O)N1CCC[C@H]1C(=O)N[C@@H](CCCCN)C(=O)N[C@@H](Cc1ccc(O)cc1)C(N)=O
758,CC(C)[C@@H]1NC(=O)[C@H](Cc2ccccc2)NC(=O)[C@H](Cc2ccc(cc2)[N+]([O-])=O)NC(=O)CCSSC[C@H](NC(=O)[C@H](CC(N)=O)NC1=O)C(=O)N1CCC[C@H]1C(=O)N[C@@H](CCCCN)C(=O)N[C@H](Cc1ccc(O)cc1)C(N)=O
759,N[C@H]1CSSC[C@H](NC(=O)[C@H](CC(N)=O)NC(=O)[C@H](CCC(N)=O)NC(=O)[C@H](Cc2ccc(cc2)N=[N+]=[N-])NC(=O)[C@H](Cc2ccc(O)cc2)NC1=O)C(=O)N1CCC[C@H]1C(=O)N[C@@H](CCCN=C(N)N)C(=O)NCC(N)=O
760,CC(C)C[C@H](NC(=O)[C@@H](CCCN=C(N)N)NC(=O)[C@H](Cc1ccc(O)cc1)NC(=O)[C@H](CO)NC(=O)[C@@H](Cc1c[nH]c2ccccc12)NC(=O)[C@@H](Cc1ccc(F)cc1)NC(=O)[C@@H](Cc1ccc2ccccc2c1)NC(C)=O)C(=O)N[C@@H](CCCN=C(N)N)C(=O)N1CCC[C@H]1C(=O)NCC(N)=O
761,CC(C)C[C@@H]1NC(=O)[C@@H](CCCN=C(N)N)NC(=O)[C@H](Cc2ccc(O)cc2)NC(=O)[C@H](CC(=O)NC[C@H](NC(=O)[C@@H]2CCCN2C(=O)[C@H](CCCN=C(N)N)NC1=O)C(N)=O)NC(=O)[C@@H](Cc1c[nH]c2ccccc12)NC(=O)[C@@H](Cc1ccc(F)cc1)NC(=O)[C@H](N)Cc1ccc2ccccc2c1
762,CC(C)C[C@@H]1NC(=O)[C@@H](CCCN=C(N)N)NC(=O)[C@H](Cc2ccc(O)cc2)NC(=O)[C@H](CSSC[C@H](NC(=O)[C@@H]2CCCN2C(=O)[C@H](CCCN=C(N)N)NC1=O)C(N)=O)NC(=O)[C@@H](Cc1c[nH]c2ccccc12)NC(=O)[C@@H](Cc1ccc(F)cc1)NC(=O)[C@H](N)Cc1ccc2ccccc2c1
763,CC(C)C[C@H](NC(=O)[C@@H](NC(=O)[C@H](CCCNC(N)=N)NC(=O)[C@H](CO)NC(=O)[C@@H](NC(=O)[C@H](Cc1ccc(Cl)cc1)NC(=O)[C@H](Cc1ccc2ccccc2c1)NC(C)=O)c1cccnc1)c1cccnc1)C(=O)N[C@@H](CCCNC(N)=N)C(=O)N1CCC[C@H]1C(=O)N[C@@H](C)C(N)=O
764,CC(C)C[C@@H]1NC(=O)[C@@H](CCCN=C(N)N)NC(=O)[C@H](Cc2ccc(O)cc2)NC(=O)[C@H](CNC(=O)C[C@H](NC(=O)[C@@H]2CCCN2C(=O)[C@H](CCCN=C(N)N)NC1=O)C(N)=O)NC(=O)[C@@H](Cc1c[nH]c2ccccc12)NC(=O)[C@@H](Cc1ccc(F)cc1)NC(=O)[C@H](N)Cc1ccc2ccccc2c1
765,CC(C)C[C@@H]1NC(=O)[C@@H](NC(=O)[C@H](CCCNC(N)=N)NC(=O)[C@H](CCC(=O)NC[C@H](NC(=O)[C@@H]2CCCN2C(=O)[C@H](CCCNC(N)=N)NC1=O)C(N)=O)NC(=O)[C@@H](NC(=O)[C@H](Cc1ccc(Cl)cc1)NC(=O)[C@H](Cc1ccc2ccccc2c1)NC(C)=O)c1cccnc1)c1cccnc1
766,CC(C)C[C@@H]1NC(=O)[C@@H](NC(=O)[C@H](CCCNC(N)=N)NC(=O)[C@H](CC(=O)NCCC[C@H](NC(=O)[C@@H]2CCCN2C(=O)[C@H](CCCNC(N)=N)NC1=O)C(N)=O)NC(=O)[C@@H](NC(=O)[C@H](Cc1ccc(Cl)cc1)NC(=O)[C@H](Cc1ccc2ccccc2c1)NC(C)=O)c1cccnc1)c1cccnc1
767,CC(C)C[C@@H]1NC(=O)[C@@H](CCCN=C(N)N)NC(=O)[C@H](Cc2ccc(O)cc2)NC(=O)[C@H](CCC(=O)NC[C@H](NC(=O)[C@@H]2CCCN2C(=O)[C@H](CCCN=C(N)N)NC1=O)C(N)=O)NC(=O)[C@H](Cc1c[nH]c2ccccc12)NC(=O)[C@@H](Cc1ccc(F)cc1)NC(=O)[C@H](N)Cc1ccc2ccccc2c1
768,CC(C)C[C@H](NC(=O)[C@@H](NC(=O)[C@H](CCCNC(N)=N)NC(=O)[C@H](CNC(C)=O)NC(=O)[C@@H](NC(=O)[C@H](Cc1ccc(Cl)cc1)NC(=O)[C@H](Cc1ccc2ccccc2c1)NC(C)=O)c1cccnc1)c1cccnc1)C(=O)N[C@@H](CCCNC(N)=N)C(=O)N1CCC[C@H]1C(=O)N[C@@H](CC(N)=O)C(N)=O
769,CC(C)C[C@@H]1NC(=O)[C@@H](NC(=O)[C@H](CCCNC(N)=N)NC(=O)[C@H](CC(=O)NC[C@H](NC(=O)[C@@H]2CCCN2C(=O)[C@H](CCCNC(N)=N)NC1=O)C(N)=O)NC(=O)[C@@H](NC(=O)[C@H](Cc1ccc(Cl)cc1)NC(=O)[C@H](Cc1ccc2ccccc2c1)NC(C)=O)c1cccnc1)c1cccnc1
770,CN([C@@H](Cc1ccc(O)cc1)C(=O)N[C@@H](Cc1ccccc1)C(=O)N[C@@H](CCC(N)=O)C(=O)N[C@@H](CC(N)=O)C(=O)N[C@@H](CCCNC(N)=N)C(=O)N1CCC[C@H]1C(=O)N[C@@H](CCCNC(N)=N)C(=O)N[C@@H](Cc1ccc(O)cc1)C(N)=O)C(=O)CCc1cccc(c1)N=[N+]=[N-]
771,CN([C@@H](Cc1ccc(O)cc1)C(=O)N[C@@H](Cc1ccccc1)C(=O)N[C@@H](CCC(N)=O)C(=O)N[C@@H](CC(N)=O)C(=O)N[C@@H](CCCNC(N)=N)C(=O)N1CCC[C@H]1C(=O)N[C@@H](CCCNC(N)=N)C(=O)N[C@@H](Cc1ccc(O)cc1)C(N)=O)C(=O)CCCc1ccc(cc1)N=[N+]=[N-]
772,CN([C@@H](Cc1ccc(O)cc1)C(=O)N[C@@H](Cc1ccccc1)C(=O)N[C@@H](CCC(N)=O)C(=O)N[C@@H](CC(N)=O)C(=O)N[C@@H](CCCNC(N)=N)C(=O)N1CCC[C@H]1C(=O)N[C@@H](CCCNC(N)=N)C(=O)N[C@@H](Cc1ccc(O)cc1)C(N)=O)C(=O)Cc1ccc(cc1)N=[N+]=[N-]
773,Oc1ccc2C[C@H]3N(CC=C)CC[C@@]45[C@@H](Oc1c24)C(=O)CC[C@@]35O
774,CC1CN(C[C@H](Cc2ccccc2)C(=O)NCC(O)=O)CCC1(C)c1cccc(O)c1
775,CCCn1c2nc(CNC(=O)c3cccc(c3)S(F)(=O)=O)[nH]c2c(=O)n(CCC)c1=O
776,CCCn1c2nc([nH]c2c(=O)n(CCC)c1=O)C1CCC(C1)OC(=O)CBr
777,FS(=O)(=O)c1ccc(cc1)C(=O)OCCCn1c2nc([nH]c2c(=O)n(CCCOC(=O)c2ccc(cc2)S(F)(=O)=O)c1=O)C1CCCC1
778,CCCn1c2nc([nH]c2c(=O)n(CCC)c1=O)C1CCC(C1)OC(=O)c1cccc(c1)S(F)(=O)=O
779,CCCn1c(=O)n(CC(C)OC(=O)CBr)c2nc([nH]c2c1=O)C1CCCC1
780,Cc1cc2c(cc1C(=C)c1ccc(cc1)C(O)=O)C(C)(C)CCC2(C)C
781,CC1(C)CCC(C)(C)c2cc(C(=C)c3ccc(cc3)C(O)=O)c(Cl)cc12
782,CC1(C)CCC(C)(C)c2cc(C(=C)c3ccc(cc3)C(O)=O)c(Br)cc12
783,CC[C@H](C)[C@@H]1NC(=O)[C@H](Cc2ccc(O)cc2)NC(=O)[C@@H](N)CSSC[C@H](NC(=O)[C@H](CC(N)=O)NC(=O)[C@H](CCC(N)=O)NC1=O)C(=O)N1CCC[C@H]1C(=O)N[C@@H](CC(C)C)C(=O)NCC(N)=O
784,CC(C)C[C@@H]1CN[C@@H](CCC(N)OCc2ccccc2)C(=O)N[C@H](CCC(N)=O)C(=O)N[C@@H](Cc2c[nH]c3ccccc23)C(=O)N[C@H](Cc2ccccc2)C(=O)NCCC(=O)N1
785,CC(C)C[C@@H]1CN(C)[C@@H](CC2CCCCC2)C(=O)N[C@H](CCC(N)=O)C(=O)N[C@@H](Cc2c[nH]c3ccccc23)C(=O)N[C@H](Cc2ccccc2)C(=O)NCCC(=O)N1
786,CC(C)C[C@@H]1CN[C@@H](Cc2ccccc2)C(=O)N[C@H](CCC(N)=O)C(=O)N[C@@H](Cc2c[nH]c3ccccc23)C(=O)N[C@H](Cc2ccccc2)C(=O)NCCC(=O)N1
787,CC(C)C[C@@H]1CN[C@@H](CCC(=O)NCc2ccccc2)C(=O)N[C@H](CCC(N)=O)C(=O)N[C@@H](Cc2c[nH]c3ccccc23)C(=O)N[C@H](Cc2ccccc2)C(=O)NCCC(=O)N1
788,CC(C)C[C@@H]1CN[C@@H](Cc2ccc3ccccc3c2)C(=O)N[C@H](CCC(N)=O)C(=O)N[C@@H](Cc2c[nH]c3ccccc23)C(=O)N[C@H](Cc2ccccc2)C(=O)NCCC(=O)N1
789,CC(C)C[C@@H]1CN[C@@H](CC(=O)N(N)C[C@]23C[C@H]4C[C@H](C[C@H](C4)C2)C3)C(=O)N[C@H](CCC(N)=O)C(=O)N[C@@H](Cc2c[nH]c3ccccc23)C(=O)N[C@H](Cc2ccccc2)C(=O)NCCC(=O)N1
790,CCCN1C=CC(C)=C2C(=O)NC(N)N=C12
791,CCCN1C(C)=CC=C2C(=O)NC(N)N=C12
792,CC(C)CN1C=CC(C)=C2C(=O)NC(N)N=C12
793,CCCN1C=CC=C2C(=O)NC(N)N=C12
794,CN([C@H](CN1CCCC1)c1cccc(c1)N=C=S)C(=O)Cc1ccc(Cl)c(Cl)c1
795,CN([C@H](CN1CCCC1)c1cccc(N)c1)C(=O)Cc1ccc(Cl)c(Cl)c1
796,CN(C)[C@@H](CCS(C)(=O)=O)C(=O)N[C@H]1CC2CC[C@]1(CS(=O)(=O)N1CCN(CC1)c1ccccc1C)C2(C)C
797,CC[C@H](C)[C@H]1NC(=O)[C@H](Cc2cc3ccccc3[nH]2)NC(=O)CC2(CCCCC2)SSC[C@@H](NC(=O)[C@@H](CC(N)=O)NC(=O)[C@@H](NC1=O)[C@@H](C)O)C(=O)N1CCC[C@H]1C(=O)N[C@@H](CCCN)C(O)=O
798,CN1[C@@H](Cc2ccc(O)cc2)C(=O)N[C@H](Cc2ccccc2)C(=O)N[C@@H](CCC(N)=O)C(=O)N[C@H](CC(N)=O)C(=O)N[C@H](CSSC2(CCCCC2)CC1=O)C(=O)N1CCC[C@H]1C(=O)N[C@@H](CCCNC(N)=N)C(=O)NCC(N)=O
799,CCN1[C@H](Cc2ccc(O)cc2)C(=O)N[C@H](Cc2ccccc2)C(=O)N[C@@H](C(C)C)C(=O)N[C@H](CC(N)=O)C(=O)N[C@H](CSSC2(CCCCC2)CC1=O)C(=O)N1CCC[C@H]1C(=O)N[C@@H](CCCNC(N)=N)C(=O)NCC(N)=O
800,CC[C@H](C)[C@H]1NC(=O)[C@H](Cc2ccc(O)cc2)N(C)C(=O)CC2(CCCCC2)SSC[C@H](NC(=O)[C@@H](CC(N)=O)NC(=O)[C@H](CCC(N)=O)NC1=O)C(=O)N1CCC[C@H]1C(=O)N[C@@H](CCCN)C(=O)NCC(N)=O
801,CC(C)[C@@H]1NC(=O)[C@@H](Cc2ccccc2)NC(=O)[C@@H](Cc2ccccc2)NC(=O)CC2(CCCCC2)SSC[C@H](NC(=O)[C@@H](CC(N)=O)NC1=O)C(=O)N1CCC[C@H]1C(=O)N[C@@H](CCCNC(N)=N)C(=O)NCC(N)=O
802,CC[C@H](C)[C@H]1NC(=O)[C@H](Cc2ccc(O)cc2)N(C)C(=O)CC2(CCCCC2)SSC[C@@H](NC(=O)[C@@H](CC(N)=O)NC(=O)[C@H](CCC(N)=O)NC1=O)C(=O)N1CCC[C@H]1C(=O)N[C@@H](CCCN)C(=O)NCC(N)=O
803,CN1[C@@H](Cc2ccc(O)cc2)C(=O)N[C@H](Cc2ccccc2)C(=O)N[C@@H](CCC(N)=O)C(=O)N[C@H](CC(N)=O)C(=O)N[C@@H](CSSC2(CCCCC2)CC1=O)C(=O)N1CCC[C@H]1C(=O)N[C@@H](CCCNC(N)=N)C(=O)NCC(N)=O
804,CCN1[C@@H](Cc2ccc(O)cc2)C(=O)N[C@H](Cc2ccccc2)C(=O)N[C@@H](C(C)C)C(=O)N[C@H](CC(N)=O)C(=O)N[C@H](CSSC2(CCCCC2)CC1=O)C(=O)N1CCC[C@H]1C(=O)N[C@@H](CCCNC(N)=N)C(=O)NCC(N)=O
805,CC[C@H](C)[C@H]1NC(=O)[C@H](Cc2ccc(O)cc2)N(C)C(=O)CC2(CCCCC2)SSC[C@H](NC(=O)[C@@H](CC(N)=O)NC(=O)[C@@H](NC1=O)[C@@H](C)O)C(=O)N1CCC[C@H]1C(=O)N[C@@H](CCCN)C(O)=O
806,OC(=O)c1cc(=O)c2cc(OCCCN3CCC(CC3)=C(c3ccccc3)c3ccccc3)ccc2o1
807,O=c1cc(oc2cc(OCCCN3CCC(CC3)=C(c3ccccc3)c3ccccc3)ccc12)-c1nnn[nH]1
808,CCCC[C@H](NC(C)=O)C(=O)N[C@H]1CC(=O)NCCCC[C@@H](NC(=O)[C@@H](Cc2c[nH]c3ccccc23)NC(=O)[C@H](CCCNC(N)=N)NC(=O)[C@@H](Cc2ccc(I)cc2)NC(=O)[C@H](Cc2cnc[nH]2)NC1=O)C(N)=O
809,CCCC[C@H](NC(C)=O)C(=O)N[C@H]1CC(=O)NCCCC[C@@H](NC(=O)[C@@H](Cc2c[nH]c3ccccc23)NC(=O)[C@H](CCCNC(N)=N)NC(=O)[C@@H](Cc2ccc3ccccc3c2)NC(=O)[C@H](Cc2cnc[nH]2)NC1=O)C(N)=O
810,OC(C(=O)O[C@H]1CN2CCC1CC2)(c1ccccc1)c1ccccc1
811,CCc1nc2c(C)cc(C)nc2n1Cc1ccc(cc1)[C@@H]([C@H](C)C(O)=O)c1ccccc1
812,CC[C@H](C)[C@H](NC(=O)[C@H](Cc1ccc(O)cc1)NC(=O)[C@@H](NC(=O)[C@H](CCCN=C(N)N)NC(=O)[C@@H](N)CC(O)=O)C(C)C)C(=O)N[C@@H](Cc1cnc[nH]1)C(=O)N1CCC[C@H]1C(=O)N[C@@H](Cc1ccccc1)C(O)=O
813,CCC(C)\C=C\C\C(\C=C\C1=C(C)CCCC1(C)C)=C\C(O)=O
814,CCC1=C(C(C)C)\C(CCC1)=C\C(\C)=C\C(\C\C(C)=C\C)=C/C(O)=O
815,CCC1=C(C(C)C)\C(CCC1)=C\C(\C)=C\C=C\C(\C)=C\C(O)=O
816,CCNC(=O)[C@H]1O[C@H]([C@H](O)[C@@H]1O)n1cnc2c(N)nc(NCCc3ccc(CCC(O)=O)cc3)nc12
817,C[C@H](NC(=O)[C@@H]1Cc2ccccc2CN1C(=O)[C@H](Cc1c(C)cc(O)cc1C)N(C)C)C(O)=O
818,CN(C)[C@@H](Cc1c(C)cc(O)cc1C)C(=O)N1Cc2ccccc2CC1C(O)=O
819,CN[C@@H](Cc1c(C)cc(O)cc1C)C(=O)N1Cc2ccccc2C[C@H]1C(=O)N[C@@H](C)C(O)=O
820,COc1cccc2[C@@H]3CN(CCn4c(=O)[nH]c5c6ncccc6sc5c4=O)C[C@@H]3CCc12
821,CCOc1ccccc1OCCN[C@H](C)Cc1ccc(OC)c(c1)S(N)(=O)=O
822,COc1cc2nc(nc(N)c2cc1OC)N1CCN(CC1)C(=O)C1CCCO1
823,Cc1cc2c(cc1C1(CC1)c1ccc(cn1)C(O)=O)C(C)(C)CCC2(C)C
824,CC1CN(CCCn2c3ccccc3c3ccccc23)CC(C)N1CCCCCCN=C=S
825,CN(C)CCc1c[nH]c2ccc(C[C@H]3COC(=O)N3)cc12
826,COc1ccc(cc1)C1(O)OC(=O)C(=C1Cc1cc(OC)c(OC)c(OC)c1)c1ccc2OCOc2c1
827,OC(=O)c1cc(Br)cc2c1oc(cc2=O)-c1cccc(OCc2ccc3ccc(Cl)cc3n2)c1
828,OC(=O)c1cccc2c1oc(cc2=O)-c1cccc(\C=C\c2ccc3ccccc3n2)c1
829,OC(=O)c1cc(Br)cc2c1oc(cc2=O)-c1cccc(\C=C\c2ccc3ccccc3n2)c1
830,OC(=O)c1cc(Cl)cc2c1oc(cc2=O)-c1cccc(\C=C\c2ccc3ccccc3n2)c1
831,OC(=O)c1cccc2c1oc(cc2=O)-c1cccc(OCc2ccc3ccccc3n2)c1
832,CC(C)NCC(O)COc1ccc(OCCOCCc2ccc(F)cc2)cc1
833,CCCN(CCC)C1CCc2cccc(O)c2C1
834,CN([C@@H](Cc1ccc(O)cc1)C(=O)N[C@@H](Cc1ccccc1)C(=O)N[C@@H](CCC(N)=O)C(=O)N[C@@H](CC(N)=O)C(=O)N[C@@H](CCCNC(N)=N)C(=O)N1CCC[C@H]1C(=O)N[C@@H](CCCNC(N)=N)C(=O)N[C@@H](Cc1ccc(O)cc1)C(N)=O)C(=O)CCc1ccc(cc1)N=[N+]=[N-]
835,NS(=O)(=O)c1ccc(cc1)C(=O)NCc1cccnc1
836,NS(=O)(=O)c1ccc(cc1)C(=O)NCc1ccncc1
837,NS(=O)(=O)c1ccc(cc1)C(=O)NCc1ccccn1
838,NS(=O)(=O)c1ccc(cc1)C(=O)N[C@H](C(=O)NCC(=O)NCC(=O)OCc1ccccc1)c1ccccc1
839,NS(=O)(=O)c1ccc(cc1)C(=O)N[C@@H](Cc1ccccc1)C(=O)NCC(=O)NCC(O)=O
840,NS(=O)(=O)c1ccc(cc1)C(=O)NCC12CC3CC(CC(C3)C1)C2
841,NS(=O)(=O)c1ccc(cc1)C(=O)NCC(F)(F)C(F)(F)C(F)(F)C(F)(F)C(F)(F)C(F)(F)C(F)(F)F
842,CCCCCCCCNC(=O)c1ccc(cc1)S(N)(=O)=O
843,NS(=O)(=O)c1ccc(cc1)C(=O)NCC1CCCCC1
844,NS(=O)(=O)c1ccc(cc1)C(=O)NCc1ccccc1
845,NS(=O)(=O)c1ccc(cc1)C(=O)NCSc1ccccc1
846,NS(=O)(=O)c1ccc(cc1)C(=O)NCc1ccc(cc1)[N+]([O-])=O
847,NS(=O)(=O)c1ccc(cc1)C(=O)NCc1cccc2ccccc12
848,CC[C@H](C)[C@H](NC(=O)[C@H](CC(C)C)NC(=O)[C@@H](NC(=O)[C@H](CC(C)C)NC(=O)[C@H](Cc1cnc[nH]1)NC(=O)[C@@H]1CSSC[C@@H](N)C(=O)N[C@@H](CO)C(=O)N[C@@H]2CSSC[C@@H](NC(=O)[C@H](CCC(O)=O)NC(=O)[C@@H](CCCCN)NC(=O)[C@H](CC(O)=O)NC(=O)[C@@H](CCSC)NC(=O)[C@H](CC(C)C)NC(=O)[C@@H](CO)NC(=O)[C@H](CO)NC2=O)C(=O)N[C@@H](C(C)C)C(=O)N[C@H](Cc2ccc(O)cc2)C(=O)N[C@@H](Cc2ccccc2)C(=O)N1)[C@H](C)O)C(=O)N[C@@H](Cc1c[nH]c2ccccc12)C(O)=O
849,CCCn1c2nc(CN3C(=O)C=CC3=O)[nH]c2c(=O)n(CCC)c1=O
850,CCCn1c2nc(NC(=O)CBr)[nH]c2c(=O)n(CCC)c1=O
851,CCCn1c2nc(NC(=O)c3cccc(c3)S(F)(=O)=O)[nH]c2c(=O)n(CCC)c1=O
852,CCCn1c2nc(CCNC(=O)c3cccc(c3)S(F)(=O)=O)[nH]c2c(=O)n(CCC)c1=O
853,CCCN1C(=O)C2NC(NC2N(CCCOC(=O)CBr)C1=O)C1CCCC1
854,CCCn1c2nc(CCNC(=O)c3ccc(cc3)S(F)(=O)=O)[nH]c2c(=O)n(CCC)c1=O
855,CCCn1c2nc(NC(=O)c3ccc(cc3)S(F)(=O)=O)[nH]c2c(=O)n(CCC)c1=O
856,CCCN(C\C=C\I)C1CCc2ccc(O)cc2C1
857,Cn1c2nc(NC(CCO)CCO)ncc2cc(Oc2ccc(F)cc2F)c1=O
858,Cc1occ2Cc3c(O)ccc(O)c3C(=O)c12
859,Cc1cc(O)c2c(O)cccc2c1-c1cc(O)cc(=O)o1
860,CN(C)CC[C@H](CSc1ccccc1)Nc1ccc(cc1[N+]([O-])=O)S(=O)(=O)Nc1ncnc2cc(ccc12)N1CCN(Cc2ccccc2-c2ccc(Cl)cc2)CC1
861,O[C@@H]1Cc2c(O)cc(O)cc2O[C@@H]1c1ccc(O)c(O)c1
862,COc1cc(ccc1O)[C@H]1Oc2cc(ccc2O[C@@H]1CO)[C@H]1Oc2cc(O)cc(O)c2C(O)C1=O
863,Oc1cc(O)c2c(c1)oc(-c1ccc(O)c(O)c1)c(O)c2=O
864,Oc1cc2oc(c(O)cc2c(=[OH+])c1)-c1ccc(O)c(O)c1
865,OCCCCCNC(=O)c1coc(n1)C1C2CCC(O2)C1Cc1ccccc1CCC(O)=O
866,OC(=O)CCc1ccccc1CC1C2CCC(O2)C1c1nc(co1)C(=O)NCCCCC(F)(F)F
867,CC(C)(C)NC(=O)c1coc(n1)C1C2CCC(O2)C1Cc1ccccc1CCC(O)=O
868,OC(=O)CCc1ccccc1CC1C2CCC(O2)C1c1nc(co1)C(=O)OCCCCC1CCCCC1
869,OC(=O)COc1ccccc1CC1C2CCC(O2)C1c1nc(co1)C(=O)NCCCCC1CCCCC1
870,CCCNC(=O)c1coc(n1)C1C2CCC(O2)C1Cc1ccccc1CCC(O)=O
871,OC(=O)CCc1ccccc1CC1C2CCC(O2)C1c1nc(co1)C(=O)NCCCCc1ccc(O)cc1
872,OC(=O)Cc1ccccc1CC1C2CCC(O2)C1c1nc(co1)C(=O)NCCCCC1CCCCC1
873,OC(=O)CCc1ccccc1CC1C2CCC(O2)C1c1nc(co1)C(=O)NCCc1ccccc1
874,OC(=O)CCc1ccccc1CC1C2CCC(O2)C1c1nc(co1)C(=O)NCCCCc1ccc(F)cc1
875,CCCCCCCNC(=O)c1coc(n1)C1C2CCC(O2)C1Cc1ccccc1CCC(O)=O
876,CC(C)(C)CCCCNC(=O)c1coc(n1)C1C2CCC(O2)C1Cc1ccccc1CCC(O)=O
877,OC(=O)CCc1ccccc1CC1C2CCC(O2)C1c1nc(co1)C(=O)NCCC1CCCCC1
878,CC(C)(C)CCNC(=O)c1coc(n1)C1C2CCC(O2)C1Cc1ccccc1CCC(O)=O
879,OC(=O)CCc1ccccc1CC1C2CCC(O2)C1c1nc(co1)C(=O)CCCCCC1CCCCC1
880,CCCCCCCCCCNC(=O)c1coc(n1)C1C2CCC(O2)C1Cc1ccccc1CCC(O)=O
881,CSc1ccc(CCCCNC(=O)c2coc(n2)C2C3CCC(O3)C2Cc2ccccc2CCC(O)=O)cc1
882,OC(=O)c1cccc(CCC2C3CCC(O3)C2c2nc(co2)C(=O)NCCCCC2CCCCC2)c1
883,CCC(C)(C)NC(=O)c1coc(n1)C1C2CCC(O2)C1Cc1ccccc1CCC(O)=O
884,OC(=O)CCCc1ccccc1CC1C2CCC(O2)C1c1nc(co1)C(=O)NCCCCC1CCCCC1
885,OC(=O)CCc1ccccc1CC1C2CCC(O2)C1c1nc(co1)C(=O)NC1CCCCC1
886,OC(=O)CCc1ccccc1CC1C2CCC(O2)C1c1nc(co1)C(=O)NCCCCCC#C
887,OC(=O)CCc1ccccc1CC1C2CCC(O2)C1c1nc(co1)C(=O)NCCCCc1ccccc1
888,OC(=O)CCc1ccccc1CC1C2CCC(O2)C1c1nc(co1)C(=S)NCCCCC1CCCCC1
889,OC(=O)Cc1cccc(CCC2C3CCC(O3)C2c2nc(co2)C(=O)NCCCCC2CCCCC2)c1
890,OC(=O)Cc1cccc(CC2C3CCC(O3)C2c2nc(co2)C(=O)NCCCCC2CCCCC2)c1
891,COC(=O)[C@H](Cc1ccc(O)cc1)NC(=O)c1cc(C(O)=O)c2cc(\C=C\c3ccc(Cl)cc3)ccc2n1
892,COc1cc(ccc1Cn1ncc2ccc(NC(=O)OC3CCCC3)cc12)C(=O)NS(=O)(=O)c1ccccc1
893,NCCCC[C@@H](NC(=O)CCCCCNC(=O)c1ccc(s1)-c1ccnc(N)n1)C(=O)NCCCCCC(=O)N[C@H](CCCN=C(N)N)C(=O)N[C@H](CCCN=C(N)N)C(=O)N[C@H](CCCN=C(N)N)C(=O)N[C@H](CCCN=C(N)N)C(=O)N[C@H](CCCN=C(N)N)C(=O)N[C@H](CCCN=C(N)N)C(N)=O
894,NC(N)=NCCC[C@@H](NC(=O)[C@@H](CCCN=C(N)N)NC(=O)[C@@H](CCCN=C(N)N)NC(=O)[C@@H](CCCN=C(N)N)NC(=O)[C@@H](CCCN=C(N)N)NC(=O)[C@@H](CCCN=C(N)N)NC(=O)CCCCCNC(=O)[C@H]1O[C@H]([C@H](O)[C@@H]1O)n1cnc2c(N)ncnc12)C(N)=O
895,CN(C)C1C=CC2=C(c3ccc(cc3OC2=C1)N(C)C)c1ccc(cc1C(=O)N[C@H](CCCCN)C(=O)NC(N)=NCCC[C@@H](NC(=O)[C@@H](CCCN=C(N)N)NC(=O)[C@@H](CCCN=C(N)N)NC(=O)[C@@H](CCCN=C(N)N)NC(=O)[C@@H](CCCN=C(N)N)NC(=O)[C@@H](CCCN=C(N)N)NC(=O)CCCCCNCCNS(=O)(=O)c1cccc2cnccc12)C(N)=O)C(O)=O
896,C[C@H]1CC[C@@H](CC1)n1c2cnccc2c2cnc(Nc3ccc4CN(CCc4n3)C(=O)CO)nc12
897,COc1ccc(cc1)S(=O)(=O)N(CC(O)=O)c1ccc(N(CC(O)=O)S(=O)(=O)c2ccc(OC)cc2)c2ccccc12
898,CC1(C)CCC(C)(C)c2cc(ccc12)C(=C)c1ccc2cc(ccc2c1)C(O)=O
899,CC1(C)CCC(C)(C)c2cc(ccc12)C(N=O)c1ccc2cc(ccc2c1)C(O)=O
900,CC1(C)CCC(C)(C)c2cc(ccc12)C(=O)c1ccc2cc(ccc2c1)C(O)=O
901,CC1(C)CCC(C)(C)c2cc(ccc12)C(=C(F)F)c1ccc2cc(ccc2c1)C(O)=O
902,CC[C@@H](CS(=O)(=O)C(C)(C)C)N1[C@@H]([C@H](O[C@H](CC(O)=O)C1=O)c1cccc(Cl)c1)c1ccc(Cl)cc1
903,C\C(=C\c1ccc(cc1)C(O)=O)c1ccc2c(c1)C(C)(C)CCC2(C)C
904,CC1(C)CCC(C)(C)c2c(Br)c(O)c(cc12)C(=O)Nc1ccc(C(O)=O)c(F)c1
905,C\C(\C=C\C=C(/C)\C=C1/CCCC(C)=C1C)=C/C(O)=O
906,C\C(\C=C\C=C(/C)\C=C1/CCCC=C1)=C/C(O)=O
907,CC(C)C1=C(C)CCC\C1=C/C(/C)=C/C=C/C(/C)=C/C(O)=O
908,CC(C)C[C@H](NC(=O)[C@H](CC(C)C)NC(=O)[C@H](CC(N)=O)NC(=O)[C@H](Cc1c[nH]c2ccccc12)NC(=O)[C@H](Cc1ccc(O)cc1)NC(=O)[C@H](CCC(O)=O)NC(=O)[C@H](C)NC(=O)[C@H](Cc1ccccc1)NC(=O)[C@H](CO)NC(=O)[C@@H](N)[C@@H](C)O)C(=O)N[C@@H](CO)C(=O)N1CCC[C@H]1C(O)=O
909,CC(C)C[C@H](NC(=O)[C@H](CC(C)C)NC(=O)[C@H](CC(N)=O)NC(=O)[C@H](Cc1c[nH]c2ccccc12)NC(=O)[C@H](Cc1ccc(O)cc1)NC(=O)[C@H](CCC(O)=O)NC(=O)[C@H](C)NC(=O)[C@H](Cc1ccccc1)NC(=O)[C@H](CO)NC(=O)[C@@H](N)[C@@H](C)O)C(=O)N[C@H](Cc1ccc(O)cc1)C(=O)N1CCC[C@H]1C(O)=O
910,CC(C)C[C@H](NC(=O)[C@H](CC(C)C)NC(=O)[C@H](CC(N)=O)NC(=O)[C@H](Cc1c[nH]c2ccccc12)NC(=O)[C@H](Cc1ccc(O)cc1)NC(=O)[C@H](CCC(O)=O)NC(=O)[C@H](C)NC(=O)[C@H](Cc1ccccc1)NC(=O)[C@H](CO)NC(=O)[C@@H](N)[C@@H](C)O)C(=O)N[C@H](Cc1cnc[nH]1)C(=O)N1CCC[C@H]1C(O)=O
911,Nc1nc2n(CCc3ccccc3)ncc2c2nc(nn12)-c1ccco1
912,COc1ccc(CCCn2ncc3c2nc(N)n2nc(nc32)-c2ccco2)cc1
913,CC1(C)CC=C(c2cccs2)c2cc(ccc12)C(=O)Nc1ccc(cc1)C(O)=O
914,CC(C)C(CC(=O)OCC1(CO)C\C(=C/c2ccccc2O)C(=O)O1)C(C)C
915,CC(C)C(CC(=O)OCC1(CO)C\C(=C/c2ccc(O)cc2)C(=O)O1)C(C)C
916,CC(C)CC(CC(C)C)CC(=O)OCC1(CO)C\C(=C/c2ccccc2C(C(=O)OC(C)(C)C)C(=O)OC(C)(C)C)C(=O)O1
917,CC(C)CC(CC(C)C)CC(=O)OCC1(CO)C\C(=C/c2cccc(c2)C(C(=O)OC(C)(C)C)C(=O)OC(C)(C)C)C(=O)O1
918,Cc1cn(cn1)-c1cc(NC(=O)c2ccc(C)c(Nc3nccc(n3)-c3cccnc3)c2)cc(c1)C(F)(F)F
919,CNC(=O)c1cc(Oc2ccc(NC(=O)Nc3ccc(Cl)c(c3)C(F)(F)F)cc2)ccn1
920,Cc1ccc(cc1)-n1nc(cc1NC(=O)Nc1ccc(OCCN2CCOCC2)c2ccccc12)C(C)(C)C
921,CC(C)(C)c1cc(NC(=O)Nc2ccc(Cl)cc2)n(n1)-c1cccc(N)c1
922,CC(C)(C)c1cc(NC(=O)Nc2ccc(OCCN3CCOCC3)c3ccccc23)n(n1)-c1cccc(N)c1
923,C/C(/C=C/C=C(/C)\C=C1/CCCc2cccc(C)c12)=C\C(O)=O
924,C[C@@H]1CC\C(=C/C(/C)=C\C=C\C(\C)=C\C(O)=O)c2ccccc12
925,CC(C)C(COc1ccc(cc1)-c1nc2ccccc2n1Cc1ccccc1)n1c(nc2ccccc12)-c1ccccc1
926,C(Oc1ccc(cc1)-c1nc2ccccc2n1Cc1ccccc1)C(C1CCCCC1)n1c(nc2ccccc12)-c1ccccc1
927,O=C(OCC(C1CCNCC1)n1c(nc2ccccc12)-c1ccccc1)C1CCN(CC1)c1nc2ccccc2n1Cc1ccccc1
928,O=C(OCC(C1CCCCC1)n1c(nc2ccccc12)-c1ccccc1)C1CCN(CC1)c1nc2ccccc2n1Cc1ccccc1
929,CC(C)C(COC(=O)C1CCN(CC1)c1nc2ccccc2n1Cc1ccccc1)n1c(nc2ccccc12)-c1ccccc1
930,O=C(OCC(C1CCNCC1)n1c(nc2ccccc12)-c1ccccc1)C1CCN(CC1)c1nc2ccccc2n1Cc1ccsc1
931,O=C(OCC(C1CCCCC1)n1c(nc2ccccc12)-c1ccccc1)C1CCN(CC1)c1nc2ccccc2n1Cc1ccsc1
932,O=C(OCC(C1CCCNC1)n1c(nc2ccccc12)-c1ccccc1)C1CCN(CC1)c1nc2ccccc2n1Cc1ccccc1
933,O=C(OCC(C1CCNC1)n1c(nc2ccccc12)-c1ccccc1)C1CCN(CC1)c1nc2ccccc2n1Cc1ccccc1
934,O=C(OCC(CC1CCNCC1)n1c(nc2ccccc12)-c1ccccc1)C1CCN(CC1)c1nc2ccccc2n1Cc1ccccc1
935,COc1ccccc1N1CCN(CCN(C(=O)C2CCCCC2)c2ccccn2)CC1
936,CC(C)c1nc2ccccc2n1[C@H](COC(=O)C1CCN(CC1)c1nc2ccccc2n1Cc1ccsc1)C1CCNCC1
937,O=C(OC[C@H](C1CCNCC1)n1c(nc2ccccc12)C1CC1)C1CCN(CC1)c1nc2ccccc2n1Cc1ccsc1
938,CCc1nc2ccccc2n1[C@H](COC(=O)C1CCN(CC1)c1nc2ccccc2n1Cc1ccsc1)C1CCNCC1
939,O=C(OCCn1ccnc1-c1ccccc1)C1CCN(CC1)c1nc2ccccc2n1Cc1ccccc1
940,Cc1nc2ccccc2n1CCOC(=O)C1CCN(CC1)c1nc2ccccc2n1Cc1ccccc1
941,O=C(OCCn1c(nc2ccccc12)-c1ccccc1)C1CCN(CC1)c1nc2ccccc2n1Cc1ccccc1
942,Cc1nc2ccccc2n1CCOc1ccc(cc1)-c1nc2ccccc2n1Cc1ccccc1
943,CC(C)c1c(C(=O)Nc2ccccc2)c(c(-c2ccc(F)cc2)n1CC[C@@H](O)C[C@@H](O)CC(=O)NCCCOCCOCCOCCCNC(=O)CCCC[C@@H]1SC[C@@H]2NC(=O)N[C@H]12)-c1ccccc1
944,O=C(OC[C@H](C1CCNCC1)n1c(nc2ccccc12)-c1ccccc1)C1CCN(CC1)c1nc2ccccc2n1Cc1ccccc1
945,OC(=O)c1csc(n1)N1CCc2cccc(C(=O)Nc3nc4ccccc4s3)c2C1
946,OC(=O)CCCC\C=C(\c1cccnc1)c1cccc(c1)-c1nc(co1)C(=O)NCCCCC1CCCCC1
947,OC(=O)CCCC\C=C(/c1ccc(cc1)C1=N[C@H](CO1)C(=O)NCCCCC1CCCCC1)c1cccnc1
948,OC(=O)CCCC\C=C(/c1ccc(cc1)-c1nc(co1)C(=O)NCCCCC1CCCCC1)c1cccnc1
949,CN([C@@H](Cc1ccc(OS(=O)(=O)c2cccc3cnccc23)cc1)C(=O)N1CCN(CC1)c1ccccc1C)S(=O)(=O)c1cccc2cnccc12
950,CN[C@@H]1C[C@H]2O[C@@](C)([C@@H]1OC)n1c3ccccc3c3c4CNC(=O)c4c4c5ccccc5n2c4c13
951,Oc1c2cccc3N=Nc(c23)c2ccccc12
952,CC1(C)CC=C(c2ccc(cc2)C(F)(F)F)c2cc(ccc12)C#Cc1ccc(cc1)C(O)=O
953,CCc1ccc(cc1)C1=CCC(C)(C)c2ccc(cc12)C#Cc1ccc(cc1)C(O)=O
954,CC1(C)CC=C(c2ccc(Cl)cc2)c2cc(ccc12)C#Cc1ccc(cc1)C(O)=O
955,CC(C)(C)c1ccc(cc1)C1=CCC(C)(C)c2ccc(cc12)C#Cc1ccc(cc1)C(O)=O
956,CC1(C)CC=C(c2ccc(cc2)C#N)c2cc(ccc12)C#Cc1ccc(cc1)C(O)=O
957,Cc1ccccc1C1=CCC(C)(C)c2ccc(cc12)C#Cc1ccc(cc1)C(O)=O
958,C\C(\C=C\c1ccccc1\C=C\C1=C(C)CCCC1(C)C)=C/C(O)=O
959,C\C(\C=C\c1ccoc1\C=C\C1=C(C)CCCC1(C)C)=C/C(O)=O
960,Cc1ccc(cc1)C1=CC(C)(C)Sc2cc3ccc(cc3cc12)-c1ccc(cc1)C(O)=O
961,Cc1ccc(cc1)C1=CCC(C)(C)c2cc3ccc(cc3cc12)-c1ccc(cc1)C(O)=O
962,Cc1ccc(s1)C1=CC(C)(C)Sc2cc3ccc(cc3cc12)-c1ccc(cc1)C(O)=O
963,Cc1ccc(s1)C1=CC(C)(C)Oc2cc3ccc(cc3cc12)-c1ccc(cc1)C(O)=O
964,Cc1ccc(cc1)C1=CC(C)(C)Oc2cc3ccc(cc3cc12)-c1ccc(cc1)C(O)=O
965,CN(C)c1ccc(cc1)[C+](c1ccc(cc1)N(C)C)c1ccc(cc1)C(=O)NCCCOP(O)(=O)OC1C(O)C(O)C(OP(O)(O)=O)C(OP(O)(O)=O)C1O
966,CS(=O)(=O)c1cc(F)cc2c3CC[C@H](CC(O)=O)c3n(Cc3ccc(Cl)cc3)c12
967,CCCCCCCCCCCCCCCC(=O)OC[C@H](NC(=O)CNC(=O)CCCCCCCCCCCCC)C(=O)OCc1ccccc1
968,CCCCCCCCCCCCCC(=O)NCC(=O)N[C@@H](CO)C(=O)OCc1ccccc1
969,CCCC#CCCCc1cc(O)c2C3CC(C)=CCC3C(C)(C)Oc2c1
970,CC1=CCC2C(C1)c1c(O)cc(CC#CCCCBr)cc1OC2(C)C
971,CC1=CCC2C(C1)c1c(O)cc(C\C=C\CCCC[N+]([O-])=O)cc1OC2(C)C
972,CC1=CCC2C(C1)c1c(O)cc(C\C=C\CCCC#N)cc1OC2(C)C
973,CC(Br)C#CCc1cc(O)c2C3CC(C)=CCC3C(C)(C)Oc2c1
974,CCCCCCC(C)(C)c1cc(O)c2C3CC(C)=CCC3C(C)(C)Oc2c1
975,CCCCC\C=C\Cc1cc(O)c2C3CC(C)=CCC3C(C)(C)Oc2c1
976,CCCCCCC#CCc1cc(O)c2C3CC(C)=CCC3C(C)(C)Oc2c1
977,CC(=O)NCCC\C=C\Cc1cc(O)c2C3CC(C)=CCC3C(C)(C)Oc2c1
978,CCCCC#CCCc1cc(O)c2C3CC(C)=CCC3C(C)(C)Oc2c1
979,CCCCCC#CCc1cc(O)c2C3CC(C)=CCC3C(C)(C)Oc2c1
980,CCCC\C=C\CCc1cc(O)c2C3CC(C)=CCC3C(C)(C)Oc2c1
981,COCCC\C=C\Cc1cc(O)c2C3CC(C)=CCC3C(C)(C)Oc2c1
982,CC1=CCC2C(C1)c1c(O)cc(CC#CCCCC#C)cc1OC2(C)C
983,CCCC#CCc1cc(O)c2C3CC(C)=CCC3C(C)(C)Oc2c1
984,CC1=CCC2C(C1)c1c(O)cc(C\C=C\CCCBr)cc1OC2(C)C
985,NC(=O)Nc1sc(cc1C(N)=O)-c1ccc(F)cc1
986,Cc1ccc(O)cc1Nc1ccnc(Nc2cccc(c2)C(N)=O)n1
987,C[C@@H]1CCN(C[C@@H]1N(C)c1ncnc2[nH]ccc12)C(=O)CC#N
988,NCCCC[C@@H](NC(=O)CCCCCNC(=O)c1ccc(s1)-c1ccnc(N)n1)C(=O)NCCCCCC(=O)N[C@H](CCCN=C(N)N)C(=O)N[C@H](CCCN=C(N)N)C(N)=O
989,NCCCC[C@@H](NC(=O)CCCCCNC(=O)c1cccc(c1)-c1ccncc1)C(=O)NCCCCCC(=O)N[C@H](CCCN=C(N)N)C(=O)N[C@H](CCCN=C(N)N)C(N)=O
990,C[C@]12O[C@H](C[C@]1(O)CO)n1c3ccccc3c3c4C(=O)NCc4c4c5ccccc5n2c4c13
991,COc1cc(N)c(Cl)cc1C(=O)OCCN1CCN(CC1)c1ncccn1
992,CO[C@@H]1[C@@H](C[C@H]2O[C@]1(C)n1c3ccccc3c3c4CNC(=O)c4c4c5ccccc5n2c4c13)N(C)C(=O)c1ccccc1
993,CC(C)(C)c1cc(NC(=O)Nc2ccc(cc2)-c2cn3c(n2)sc2cc(OCCN4CCOCC4)ccc32)no1
994,Cc1cc(Nc2nc(Sc3ccc(NC(=O)CN4C[C@H](O)[C@H](C4)Oc4ccccc4F)cc3)nn3cccc23)n[nH]1
995,Cc1cc(Nc2nc(Sc3ccc(NC(=O)CN4C[C@H](O)[C@H](C4)OC4CCCC4)cc3)nn3cccc23)n[nH]1
996,CC(C)O[C@H]1CN(CC(=O)Nc2ccc(Sc3nc(Nc4cc(C)[nH]n4)c4cccn4n3)cc2)C[C@@H]1O
997,Cc1cc(Nc2nc(Sc3ccc(NC(=O)CN4C[C@H](O)[C@H](C4)OCC4CC4)cc3)nn3cccc23)n[nH]1
998,COCCO[C@H]1CN(CC(=O)Nc2ccc(Sc3nc(Nc4cc(C)[nH]n4)c4cccn4n3)cc2)C[C@@H]1O
999,Cc1cc(Nc2nc(Sc3ccc(NC(=O)CN4C[C@H](O)[C@H](C4)OC(C)(C)C(F)(F)F)cc3)nn3cccc23)n[nH]1
1000,Cc1cc(Nc2nc(Sc3ccc(NC(=O)CN4C[C@H](O)[C@H](C4)Oc4cccc(F)c4)cc3)nn3cccc23)n[nH]1
1001,Cc1cc(Nc2nc(Sc3ccc(NC(=O)CN4C[C@H](O)[C@H](C4)Oc4ccc(F)cc4)cc3)nn3cccc23)n[nH]1
1002,Cc1cc(Nc2nc(Sc3ccc(NC(=O)CN4C[C@H](O)[C@H](C4)Oc4ccc(F)cc4F)cc3)nn3cccc23)n[nH]1
1003,Cc1cc(Nc2nc(Sc3ccc(NC(=O)CN4C[C@H](O)C[C@H]4CO)cc3)nn3cccc23)n[nH]1
1004,Cc1cc(Nc2nc(Sc3ccc(NC(=O)CN4C[C@H]5C[C@H]5[C@H]4CO)cc3)nn3cccc23)n[nH]1
1005,Cc1cc(Nc2nc(Sc3ccc(NC(=O)CN4C[C@@H](C[C@H]4CO)Oc4ccc(F)cc4)cc3)nn3cccc23)n[nH]1
1006,Cc1cc(Nc2nc(Sc3ccc(NC(=O)C4CC4)cc3)nn3cc(NC(=O)CN4CCOCC4)cc23)[nH]n1
1007,Cc1cc(Nc2nc(Sc3ccc(NC(=O)CN4C[C@H](F)C[C@H]4CO)cc3)nn3cccc23)n[nH]1
1008,Cc1cc(Nc2nc(Sc3ccc(NC(=O)CN4C[C@@H](F)C[C@H]4CO)cc3)nn3cccc23)n[nH]1
1009,Cc1cc(Nc2nc(Sc3ccc(NC(=O)C4CC4)cc3)nn3cccc23)n[nH]1
1010,Cc1cc(Nc2nc(Sc3ccc(NC(=O)CN4C[C@@H](C[C@H]4CO)OC(C)(C)C)cc3)nn3cccc23)n[nH]1
1011,Cc1cc(Nc2nc(Sc3ccc(NC(=O)CN4CC(F)(F)C[C@H]4CO)cc3)nn3cccc23)n[nH]1
1012,CN(C)CC(=O)Nc1ccc(Sc2nc(Nc3cc(C)[nH]n3)c3cccn3n2)cc1
1013,Cc1cc(Nc2nc(Sc3ccc(NC(=O)CN4C[C@H](O)[C@H](C4)OC(C)(C)C)cc3)nn3cccc23)n[nH]1
1014,Cc1cc(Nc2nc(Sc3ccc(NC(=O)CN4CCC[C@H]4CO)cc3)nn3cccc23)n[nH]1
1015,CN1CCN(CC1)C(=O)C(=O)Nc1cc2c(Nc3cc(C)n[nH]3)nc(Sc3ccc(NC(=O)C4CC4)cc3)nn2c1
1016,Cc1cc(Nc2nc(Sc3ccc(NC(=O)C4CC4)cc3)nn3cc(NC(=O)CN4CCC[C@@H]4CO)cc23)[nH]n1
1017,COc1ccc(C[C@H](NC(=O)Nc2ccc3c(CNC4CCCC4)cn(Cc4ccc(F)cc4)c3c2)C(=O)N[C@@H](CCCNC(N)=N)C(=O)NCc2ccccc2)cc1
1018,COc1ccc(C[C@H](NC(=O)Nc2ccc3c(CN4CCCC4)cn(Cc4ccc(OC(F)(F)F)cc4)c3c2)C(=O)N[C@@H](CCCNC(N)=N)C(=O)NCc2ccccc2)cc1
1019,NC(CCN[C@H](NC(=O)[C@H](Cc1ccc(F)c(F)c1)NC(=O)Nc1ccc2c(CN3CCCC3)cn(Cc3c(Cl)cccc3Cl)c2c1)C(=O)NCc1ccccc1)C(O)=O
1020,NCC[C@H](NC(=O)[C@H](Cc1ccc(F)c(F)c1)NC(=O)Nc1ccc2c(CN3CCCC3)nn(Cc3c(Cl)cccc3Cl)c2c1)C(=O)NCc1ccccc1
1021,NC(=N)NCCC[C@H](NC(=O)[C@H](Cc1ccc(F)c(F)c1)NC(=O)Nc1ccc2c(CN3CCCC3)cn(Cc3c(Cl)cccc3Cl)c2c1)C(=O)NCc1ccncc1
1022,COc1ccc(C[C@H](NC(=O)Nc2ccc3c(CN4CCCC4)cn(Cc4ccc(F)cc4)c3c2)C(=O)N[C@@H](CCCNC(N)=N)C(=O)NCc2ccccc2)cc1
1023,C[C@@H](O)[C@H](NC(=O)[C@@H]1CSSC[C@@H](NC(=O)[C@H](N)Cc2ccccc2)C(=O)N[C@@H](Cc2ccccc2)C(=O)N(C)[C@@H](Cc2c[nH]c3ccccc23)C(=O)N[C@@H](CCCCN)C(=O)N[C@@H]([C@@H](C)O)C(=O)N1)C(N)=O
1024,C[C@@H](O)[C@H](NC(=O)[C@@H]1CSSC[C@@H](NC(=O)[C@H](N)Cc2ccccc2)C(=O)N[C@@H](Cc2ccccc2)C(=O)N[C@@H](Cc2c[nH]c3ccccc23)C(=O)N(C)[C@@H](CCCCN)C(=O)N[C@@H]([C@@H](C)O)C(=O)N1)C(N)=O
1025,C[C@@H](O)[C@H](NC(=O)[C@@H]1CSSC[C@@H](NC(=O)[C@H](N)Cc2ccccc2)C(=O)N(C)[C@@H](Cc2ccccc2)C(=O)N[C@@H](Cc2c[nH]c3ccccc23)C(=O)N[C@@H](CCCCN)C(=O)N[C@@H]([C@@H](C)O)C(=O)N1)C(N)=O
1026,C[C@@H](O)[C@H](NC(=O)[C@@H]1CSSC[C@@H](NC(=O)[C@H](N)Cc2ccc(O)cc2)C(=O)N[C@@H](Cc2ccccc2)C(=O)N[C@@H](Cc2c[nH]c3ccccc23)C(=O)N(C)[C@@H](CCCCN)C(=O)N[C@@H]([C@@H](C)O)C(=O)N1)C(N)=O
1027,C[C@@H](O)[C@H](NC(=O)[C@@H]1CSSC[C@@H](NC(=O)[C@H](N)Cc2ccccc2)C(=O)N[C@@H](Cc2ccccc2)C(=O)N[C@@H](Cc2c[nH]c3ccccc23)C(=O)N[C@@H](CCCCN)C(=O)N[C@@H]([C@@H](C)O)C(=O)N1)C(N)=O
1028,C[C@@H](O)[C@H](NC(=O)[C@@H]1CSSC[C@@H](N(C)C(=O)[C@H](N)Cc2ccccc2)C(=O)N[C@@H](Cc2ccccc2)C(=O)N[C@@H](Cc2c[nH]c3ccccc23)C(=O)N[C@@H](CCCCN)C(=O)N[C@@H]([C@@H](C)O)C(=O)N1)C(N)=O
1029,C[C@@H](O)[C@H](NC(=O)[C@@H]1CSSC[C@@H](NC(=O)[C@H](N)Cc2ccc(O)cc2)C(=O)N[C@@H](Cc2ccccc2)C(=O)N[C@@H](Cc2c[nH]c3ccccc23)C(=O)N[C@@H](CCCCN)C(=O)N[C@@H]([C@@H](C)O)C(=O)N1C)C(N)=O
1030,CN[C@H](Cc1ccc(O)cc1)C(=O)N[C@@H]1CSSC[C@H](NC(=O)[C@@H](NC(=O)[C@H](CCCCN)NC(=O)[C@H](Cc2c[nH]c3ccccc23)NC(=O)[C@H](Cc2ccccc2)NC1=O)[C@@H](C)O)C(=O)N[C@@H]([C@@H](C)O)C(N)=O
1031,C[C@@H](O)[C@H](NC(=O)[C@@H]1CSSC[C@@H](NC(=O)[C@H](N)Cc2ccc(O)cc2)C(=O)N[C@@H](Cc2ccccc2)C(=O)N[C@@H](Cc2c[nH]c3ccccc23)C(=O)N[C@@H](CCCCN)C(=O)N[C@@H]([C@@H](C)O)C(=O)N1)C(N)=O
1032,CN[C@H](Cc1ccccc1)C(=O)N[C@@H]1CSSC[C@H](NC(=O)[C@@H](NC(=O)[C@H](CCCCN)NC(=O)[C@H](Cc2c[nH]c3ccccc23)NC(=O)[C@H](Cc2ccccc2)NC1=O)[C@@H](C)O)C(=O)N[C@@H]([C@@H](C)O)C(N)=O
1033,C[C@@H](O)[C@H](N(C)C(=O)[C@@H]1CSSC[C@@H](NC(=O)[C@H](N)Cc2ccccc2)C(=O)N[C@@H](Cc2ccccc2)C(=O)N[C@@H](Cc2c[nH]c3ccccc23)C(=O)N[C@@H](CCCCN)C(=O)N[C@@H]([C@@H](C)O)C(=O)N1)C(N)=O
1034,C[C@@H](O)[C@H](NC(=O)[C@@H]1CSSC[C@@H](N(C)C(=O)[C@H](N)Cc2ccc(O)cc2)C(=O)N[C@@H](Cc2ccccc2)C(=O)N[C@@H](Cc2c[nH]c3ccccc23)C(=O)N[C@@H](CCCCN)C(=O)N[C@@H]([C@@H](C)O)C(=O)N1)C(N)=O
1035,C[C@@H](O)[C@H](NC(=O)[C@@H]1CSSC[C@@H](NC(=O)[C@H](N)Cc2ccc(O)cc2)C(=O)N[C@@H](Cc2ccccc2)C(=O)N(C)[C@@H](Cc2c[nH]c3ccccc23)C(=O)N[C@@H](CCCCN)C(=O)N[C@@H]([C@@H](C)O)C(=O)N1)C(N)=O
1036,CCN(CCO)CCCOc1ccc2c(Nc3cc(CC(=O)Nc4cccc(F)c4)n[nH]3)ncnc2c1
1037,COc1cc(ccc1Nc1ncc(Cl)c(Nc2ccccc2S(=O)(=O)C(C)C)n1)N1CCC(CC1)N1CCN(C)CC1
1038,CCOc1cc2ncc(C#N)c(Nc3ccc(OCc4ccccn4)c(Cl)c3)c2cc1NC(=O)\C=C\CN(C)C
1039,COc1cc2c(Nc3ccc(Br)cc3F)ncnc2cc1OCC1CCN(C)CC1
1040,COC(=O)c1ccc2\C(=C(\Nc3ccc(cc3)N(C)C(=O)CN3CCN(C)CC3)c3ccccc3)C(=O)Nc2c1
1041,CC1(C)CNc2cc(NC(=O)c3cccnc3NCc3ccncc3)ccc12
1042,COc1cc(Nc2ncc(F)c(Nc3ccc4OC(C)(C)C(=O)Nc4n3)n2)cc(OC)c1OC
1043,CN1CCN(Cc2ccc(cc2)C(=O)Nc2ccc(C)c(Nc3nc(cs3)-c3cccnc3)c2)CC1
1044,COc1cc2c(Oc3ccc(NC(=O)C4(CC4)C(=O)NC4=CCC(F)C=C4)cc3F)ccnc2cc1OCCCN1CCOCC1
1045,COc1ccc(F)c(F)c1C(=O)c1cnc(NC2CCN(CC2)S(C)(=O)=O)nc1N
1046,OCCn1cc(c(n1)-c1ccncc1)-c1ccc2C(CCc2c1)N=O
1047,CS(=O)(=O)CCNCc1ccc(o1)-c1ccc2ncnc(Nc3ccc(OCc4cccc(F)c4)c(Cl)c3)c2c1
1048,CN(C)C\C=C\C(=O)Nc1cc2c(Nc3ccc(F)c(Cl)c3)ncnc2cc1O[C@H]1CCOC1
1049,Cc1[nH]c(\C=C2/C(=O)Nc3ccc(F)cc23)c(C)c1C(=O)NC[C@H](O)CN1CCOCC1
1050,CN(C)CC(=O)N1CCC(CC1)c1ccc(NC(=O)c2ncc([nH]2)C#N)c(c1)C1=CCCCC1
1051,O=C(N1CCNCC1)c1ccc(\C=C\c2n[nH]c3ccccc23)cc1
1052,COc1cc(Nc2c(cnc3cc(OCCCN4CCN(C)CC4)c(OC)cc23)C#N)c(Cl)cc1Cl
1053,COc1cc2c(Oc3ccc4[nH]c(C)cc4c3F)ncnc2cc1OCCCN1CCCC1
1054,Cc1ccc(F)c(NC(=O)Nc2ccc(cc2)-c2cccc3[nH]nc(N)c23)c1
1055,Cc1n[nH]c2ccc(cc12)-c1cncc(OC[C@@H](N)Cc2ccccc2)c1
1056,CNC(=O)c1ccccc1Sc1ccc2c(\C=C\c3ccccn3)n[nH]c2c1
1057,Cc1cnc(Nc2ccc(OCCN3CCCC3)cc2)nc1Nc1cccc(c1)S(=O)(=O)NC(C)(C)C
1058,CN1CCN(CC1)c1ccc2nc([nH]c2c1)-c1c(N)c2c(F)cccc2[nH]c1=O
1059,CC[C@H]1N(C2CCCC2)c2nc(Nc3ccc(cc3OC)C(=O)NC3CCN(C)CC3)ncc2N(C)C1=O
1060,Fc1ccc(Nc2ncnc3cc(OCCCN4CCOCC4)c(NC(=O)C=C)cc23)cc1Cl
1061,CSc1cccc(Nc2ncc3cc(-c4c(Cl)cccc4Cl)c(=O)n(C)c3n2)c1
1062,Oc1cccc(c1)-c1nc(N2CCOCC2)c2oc3ncccc3c2n1
1063,COc1cc(Oc2ccnc3cc(OC)c(OC)cc23)ccc1NC(=O)NC(C)c1nccs1
1064,COCCOc1cc2ncnc(Nc3cccc(c3)C#C)c2cc1OCCOC
1065,CC(C)n1nc(-c2cc3cc(O)ccc3[nH]2)c2c(N)ncnc12
1066,C\C(\C=C\[C@H]1C[C@@]1(C)c1ccc2c(c1)C(C)(C)CCC2(C)C)=C/C(O)=O
1067,C\C(\C=C\[C@@H]1C[C@]1(C)c1ccc2c(c1)C(C)(C)CCC2(C)C)=C/C(O)=O
1068,CN1CC[C@@H]([C@H](O)C1)c1c(O)cc(O)c2c1oc(cc2=O)-c1ccccc1Cl
1069,Clc1ccc(Nc2nnc(Cc3ccncc3)c3ccccc23)cc1
1070,CS(=O)(=O)N1CCN(Cc2cc3nc(nc(N4CCOCC4)c3s2)-c2cccc3[nH]ncc23)CC1
1071,CNC(=O)c1c(F)cccc1Nc1nc(Nc2cc3N(CCc3cc2OC)C(=O)CN(C)C)nc2[nH]ccc12
1072,Cc1[nH]c(\C=C2/C(=O)Nc3ccc(cc23)S(=O)(=O)Cc2c(Cl)cccc2Cl)c(C)c1C(=O)N1CCC[C@@H]1CN1CCCC1
1073,C[C@@H](O)COc1cn2ncnc(Oc3ccc4[nH]c(C)cc4c3F)c2c1C
1074,Cn1cc(cn1)-c1ccc2nnc(Sc3ccc4ncccc4c3)n2n1
1075,N[C@@H](Cc1cc(I)c(Oc2ccc(O)c(I)c2)c(I)c1)C(O)=O
1076,CN(c1ccc2c(C)n(C)nc2c1)c1ccnc(Nc2ccc(C)c(c2)S(N)(=O)=O)n1
1077,C[C@@H](Oc1cc(cnc1N)-c1cnn(c1)C1CCNCC1)c1c(Cl)ccc(F)c1Cl
1078,N#CC[C@H](C1CCCC1)n1cc(cn1)-c1ncnc2[nH]ccc12
1079,CCCN[C@H]1CCc2nc(N)sc2C1
1080,COc1ccccc1CNCCc1cc(OC)c(I)cc1OC
1081,Fc1ccc(cc1)C(=O)C1CCN(CCn2c(=O)[nH]c3ccccc3c2=O)CC1
1082,CSCC[C@H](NC(=O)[C@H](CC(C)C)NC(=O)CNC(=O)[C@H](Cc1ccccc1)NC(=O)[C@H](Cc1ccccc1)NC(=O)[C@H](CCC(N)=O)NC(=O)[C@H](CCC(N)=O)NC(=O)[C@@H]1CCCN1C(=O)CNC(=O)[C@H](CC(C)C)NC(=O)[C@H](CC(C)C)NC(=O)[C@H](Cc1ccc(O)cc1)NC(=O)CNC(=O)[C@H](C)NC(=O)[C@H](CO)NC(=O)[C@H](CC(N)=O)NC(=O)[C@H](CC(C)C)NC(=O)[C@@H](NC(=O)[C@H](Cc1c[nH]c2ccccc12)NC(=O)CN)[C@@H](C)O)C(N)=O
1083,CC(C)C[C@H](NC(=O)[C@H](CC(C)C)NC(=O)[C@H](Cc1ccc(O)cc1)NC(=O)CNC(=O)[C@H](C)NC(=O)[C@H](CO)NC(=O)[C@H](CC(N)=O)NC(=O)[C@H](CC(C)C)NC(=O)[C@@H](NC(=O)[C@H](Cc1c[nH]c2ccccc12)NC(=O)CN)[C@@H](C)O)C(=O)NCC(=O)N1CCC[C@H]1C(=O)N1CCC[C@H]1C(=O)N1CCC[C@H]1C(=O)NCC(=O)N[C@@H](Cc1ccccc1)C(=O)N[C@@H](CO)C(=O)N1CCC[C@H]1C(=O)N[C@@H](Cc1ccccc1)C(=O)N[C@@H](CCCN=C(N)N)C(N)=O
1084,CC(C)C[C@H](NC(=O)CNC(=O)[C@H](CC(N)=O)NC(=O)[C@H](CCCCN)NC(=O)[C@H](CC(O)=O)NC(=O)[C@H](CO)NC(=O)[C@H](Cc1ccccc1)NC(=O)[C@H](CO)NC(=O)[C@H](CCCN=C(N)N)NC(=O)[C@H](Cc1cnc[nH]1)NC(=O)[C@H](CC(N)=O)NC(=O)CNC(=O)[C@@H](NC(=O)[C@H](C)NC(=O)[C@H](Cc1cnc[nH]1)NC(=O)[C@@H]1CCCN1C(=O)CNC(=O)[C@H](CC(C)C)NC(=O)[C@H](CC(C)C)NC(=O)[C@H](Cc1ccc(O)cc1)NC(=O)CNC(=O)[C@H](C)NC(=O)[C@H](CO)NC(=O)[C@H](CC(N)=O)NC(=O)[C@H](CC(C)C)NC(=O)[C@@H](NC(=O)[C@H](Cc1c[nH]c2ccccc12)NC(=O)CN)[C@@H](C)O)C(C)C)C(=O)N[C@@H]([C@@H](C)O)C(O)=O
1085,CC[C@H](C)[C@H](NC(=O)[C@H](C)NC(=O)[C@H](Cc1cnc[nH]1)NC(=O)[C@@H]1CCCN1C(=O)CNC(=O)[C@H](CC(C)C)NC(=O)[C@H](CC(C)C)NC(=O)[C@H](Cc1ccc(O)cc1)NC(=O)CNC(=O)[C@H](C)NC(=O)[C@H](CO)NC(=O)[C@H](CC(N)=O)NC(=O)[C@H](CC(C)C)NC(=O)[C@@H](NC(=O)[C@H](Cc1c[nH]c2ccccc12)NC(=O)CN)[C@@H](C)O)C(O)=O
1086,Oc1ccc2C[C@H]3N(CC=C)CC[C@@]45[C@@H](Oc1c24)[C@@H](CC[C@@]35O)NC(=O)c1cccc(I)c1
1087,Oc1ccc2C[C@H]3N(CC4CC4)CC[C@@]45[C@@H](Oc1c24)[C@@H](CC[C@@]35O)NC(=O)c1cccc(I)c1
1088,CC1(C)CCC(C)(C)c2c(Cl)c(O)c(cc12)C(=O)Nc1cc(F)c(C(O)=O)c(F)c1
1089,CC1(C)CCC(C)(C)c2cc(C(=O)Nc3cc(F)c(C(O)=O)c(F)c3)c(O)cc12
1090,Cc1cc(Nc2nc(Sc3ccc(NC(=O)CN4CC[C@H](C4)C(=O)NCC(F)(F)F)cc3)nn3cccc23)n[nH]1
1091,Cc1cc(Nc2nc(Sc3ccc(NC(=O)CN4CC[C@H](C4)C(=O)NC(C)(C)C)cc3)nn3cccc23)n[nH]1
1092,Cc1cc(Nc2nc(Sc3ccc(NC(=O)CN4CC[C@H](C4)C(=O)N4CCOCC4)cc3)nn3cccc23)n[nH]1
1093,Cc1cc(Nc2nc(Sc3ccc(NC(=O)CN4CC[C@H](C4)C(=O)N4CCCCC4)cc3)nn3cccc23)n[nH]1
1094,Cc1cc(Nc2nc(Sc3ccc(NC(=O)CN4CC[C@H](C4)C(=O)N4CCC(O)CC4)cc3)nn3cccc23)n[nH]1
1095,Cc1cc(Nc2nc(Sc3ccc(NC(=O)CN4CC[C@H](C4)C(=O)N4CCC(F)(F)C4)cc3)nn3cccc23)n[nH]1
1096,Cc1cc(Nc2nc(Sc3ccc(NC(=O)CN4CC[C@H](C4)C(=O)NC4CCCC4)cc3)nn3cccc23)n[nH]1
1097,Cc1cc(Nc2nc(Sc3ccc(NC(=O)CN4CC[C@H](C4)SC(C)(C)C)cc3)nn3cccc23)n[nH]1
1098,Cc1cc(Nc2nc(Sc3ccc(NC(=O)CN4CC[C@H](C4)C(=O)N4CCCC4)cc3)nn3cccc23)n[nH]1
1099,Cc1cc(Nc2nc(Sc3ccc(NC(=O)CN4CC[C@@H](O)C4)cc3)nn3cccc23)n[nH]1
1100,Cc1cc(Nc2nc(Sc3ccc(NC(=O)CN4CC[C@H](O)C4)cc3)nn3cccc23)n[nH]1
1101,COCCO[C@@H]1CCN(CC(=O)Nc2ccc(Sc3nc(Nc4cc(C)[nH]n4)c4cccn4n3)cc2)C1
1102,Cc1cc(Nc2nc(Sc3ccc(NC(=O)CN4CC[C@H](C4)OCCO)cc3)nn3cccc23)n[nH]1
1103,CN1CCN(CCO[C@@H]2CCN(CC(=O)Nc3ccc(Sc4nc(Nc5cc(C)[nH]n5)c5cccn5n4)cc3)C2)CC1
1104,Cc1cc(Nc2nc(Sc3ccc(NC(=O)CN4CC[C@H](C4)OC(C)(C)C)cc3)nn3cccc23)n[nH]1
1105,Cc1cc(Nc2nc(Sc3ccc(NC(=O)CN4CC[C@H](C4)OCCCN4CCOCC4)cc3)nn3cccc23)n[nH]1
1106,CC(C)C(=O)N[C@@H]1CCN(CC(=O)Nc2ccc(Sc3nc(Nc4cc(C)[nH]n4)c4cccn4n3)cc2)C1
1107,CC(C)C[C@H](NC(=O)N1CCOCC1)C(=O)N[C@@H](COCc1ccccc1C)C#N
1108,CC(C)C[C@H](NC(=O)N1CCOCC1)C(=O)N[C@H](C#N)c1ccccc1
1109,CC(C)C[C@H](NC(=O)N1CCOCC1)C(=O)N[C@@H](COCc1ccccc1)C#N
1110,CCCC[C@H](NC(=O)N1CCOCC1)C(=O)N[C@@H](CCc1ccccc1)C#N
1111,Cc1ccccc1COC[C@H](NC(=O)[C@H](CC(C)(C)C)NC(=O)N1CCOCC1)C#N
1112,O=C(N[C@@H](CCc1ccccc1)C#N)[C@@H](NC(=O)N1CCOCC1)C1CCCCC1
1113,CC(C)C[C@H](NC(=O)N1CCOCC1)C(=O)N[C@@H](COCc1cccc(Cl)c1)C#N
1114,CC(C)C[C@H](NC(=O)N1CCOCC1)C(=O)N[C@@H](CCc1ccccc1)C#N
1115,CC(C)C[C@H](NC(=O)N1CCOCC1)C(=O)N[C@@H](Cc1ccc(Cl)c(Cl)c1)C#N
1116,CC(C)(C)C[C@H](NC(=O)N1CCOCC1)C(=O)N[C@@H](CCc1ccccc1)C#N
1117,CC(C)(C)C[C@H](NC(=O)N1CCOCC1)C(=O)N[C@@H](COCc1ccccc1)C#N
1118,CC(C)(NC(=O)[C@H](CC1CCCCC1)NC(=O)N1CCOCC1)C#N
1119,O=C(N[C@@H](COCc1ccccc1)C#N)[C@H](CC1CCCCC1)NC(=O)c1cccs1
1120,Cc1ccccc1COC[C@H](NC(=O)[C@H](CC1CCCCC1)NC(=O)N1CCOCC1)C#N
1121,O=C(N[C@@H](COCc1ccccc1)C#N)[C@H](CC1CCCCC1)NC(=O)c1ccco1
1122,CC(C)CC[C@H](NC(=O)N1CCOCC1)C(=O)N[C@H](CCc1ccccc1)C#N
1123,CC(C)C[C@H](NC(=O)N1CCOCC1)C(=O)N[C@@H](COCc1ccc(Cl)cc1)C#N
1124,O=C(N[C@@H](COCc1ccccc1)C#N)[C@H](CC1CCCCC1)NC(=O)N1CCOCC1
1125,Clc1ccccc1COC[C@H](NC(=O)[C@H](CC1CCCCC1)NC(=O)N1CCOCC1)C#N
1126,O=C(N[C@@H](COCc1ccccc1)C#N)[C@H](CC1CCCCC1)NC(=O)c1cnccn1
1127,Cc1nn(C)cc1-c1nc2ncc(Cl)c(N3CCN(Cc4ccc(Cl)cc4)CC3)c2[nH]1
1128,C\C(\C=C\CC1(CC1)c1cc(cc2c1CCC2(C)C)C(C)(C)C)=C/C(O)=O
1129,C\C(\C=C\CC1(CC1)c1ccc2c(c1)C(C)(C)CCC2(C)C)=C/C(O)=O
1130,C\C(\C=C\CC1(CCCC1)c1ccc2c(c1)C(C)(C)CCC2(C)C)=C/C(O)=O
1131,C\C(\C=C\CC1(CC1)c1cc(cc(c1)C(C)(C)C)C(C)(C)C)=C/C(O)=O
1132,CCc1cc2CC(C)(Cc2cc1CC)NC[C@H](O)c1ccc(O)c2[nH]c(=O)ccc12
1133,OC(CNCCNC(=O)CCCCCNC(=O)COc1ccc(\C=C\c2ccc3C=C4C=CC(c5cccs5)=[N+]4[B-](F)(F)n23)cc1)COc1ccccc1CC=C
1134,O[C@@H](CNCCOCCOCCNC(=O)CCCCCNC(=O)COc1ccc(\C=C\c2ccc3C=C4C=CC(c5cccs5)=[N+]4[B-](F)(F)n23)cc1)COc1ccccc1CC=C
1135,CC(C)NCC(O)COc1cccc2[nH]ccc12
1136,O[C@@H](CNCCCCCCCCNC(=O)CCCCCNC(=O)COc1ccc(\C=C\c2ccc3C=C4C=CC(c5cccs5)=[N+]4[B-](F)(F)n23)cc1)COc1cccc2ccccc12
1137,O[C@@H](CNCCCCNC(=O)CCCCCNC(=O)COc1ccc(\C=C\c2ccc3C=C4C=CC(c5cccs5)=[N+]4[B-](F)(F)n23)cc1)COc1cccc2ccccc12
1138,O[C@@H](CNCCNC(=O)CCCCCNC(=O)COc1ccc(\C=C\c2ccc3C=C4C=CC(c5cccs5)=[N+]4[B-](F)(F)n23)cc1)COc1cccc2ccccc12
1139,O[C@@H](CNCCNC(=O)CCCCCNC(=O)COc1ccc(\C=C\c2ccc3C=C4C=CC(c5cccs5)=[N+]4[B-](F)(F)n23)cc1)COc1ccccc1CC=C
1140,OC(CNCCOCCOCCNC(=O)CCCCCNC(=O)COc1ccc(\C=C\c2ccc3C=C4C=CC(c5cccs5)=[N+]4[B-](F)(F)n23)cc1)COc1cccc2ccccc12
1141,O[C@@H](CNCCOCCOCCNC(=O)CCCCCNC(=O)COc1ccc(\C=C\c2ccc3C=C4C=CC(c5cccs5)=[N+]4[B-](F)(F)n23)cc1)COc1cccc2ccccc12
1142,OC(CNCCNC(=O)CCCCCNC(=O)COc1ccc(\C=C\c2ccc3C=C4C=CC(c5cccs5)=[N+]4[B-](F)(F)n23)cc1)COc1cccc2ccccc12
1143,CCOCCOc1ccc(OCC(O)CNCCNC(=O)Nc2ccc(O)cc2)cc1
1144,OC(CNCCNC(=O)Nc1ccc(O)cc1)COc1ccc(OCCOCCc2ccc(F)cc2)cc1
1145,OC(CNCCNC(=O)Nc1ccc(O)cc1)COc1ccc(OCCOC2CCCC2)cc1
1146,OC(CNCCNC(=O)Nc1ccc(O)cc1)COc1ccc(OCCOCC2CC2)cc1
1147,OC(CNCCNC(=O)Nc1ccccc1)COc1ccc(OCCOC2CCCC2)cc1
1148,OC(CNCCNC(=O)Nc1cccc(Cl)c1)COc1ccc(OCCOC2CCCC2)cc1
1149,OC(CNCCNC(=O)Nc1ccc(Cl)cc1)COc1ccc(OCCOC2CCCC2)cc1
1150,OC(CNCCNC(=O)Nc1cccc(F)c1)COc1ccc(OCCOC2CCCC2)cc1
1151,OC(CNCCNC(=O)Nc1ccccc1F)COc1ccc(OCCOC2CCCC2)cc1
1152,COc1ccc(NC(=O)NCCNCC(O)COc2ccc(OCCOC3CCCC3)cc2)cc1
1153,Cc1cccc(NC(=O)NCCNCC(O)COc2ccc(OCCOC3CCCC3)cc2)c1
1154,OC(CNCCNC(=O)Nc1cccc(O)c1)COc1ccc(OCCOC2CCCC2)cc1
1155,OC(CNCCNC(=O)Nc1cccc(c1)C(F)(F)F)COc1ccc(OCCOC2CCCC2)cc1
1156,OC(CNCCNC(=O)Nc1ccc(Br)cc1)COc1ccc(OCCOC2CCCC2)cc1
1157,OC(CNCCNC(=O)Nc1cccc(Br)c1)COc1ccc(OCCOC2CCCC2)cc1
1158,OC(CNCCNC(=O)Nc1ccc(O)cc1)COc1ccc(OCCOCC2CC2)cc1C#N
1159,CS(=O)c1ccc(cc1)-c1nc(c([nH]1)-c1ccc(F)cc1)-c1ccncc1
1160,COc1ccc(COc2ccc(Cc3cnc(N)nc3N)cc2OC)cc1
1161,CCOc1cc2ncc(C#N)c(Nc3ccc(F)c(Cl)c3)c2cc1NC(=O)\C=C\CN(C)C
1162,Cn1c(Nc2ccc(cc2)C(F)(F)F)nc2cc(Oc3ccnc(c3)-c3ncc([nH]3)C(F)(F)F)ccc12
1163,NC(=O)c1ccc(cc1)-c1nc(c([nH]1)-c1ccc2OCOc2c1)-c1ccccn1
1164,Oc1ccc(cc1)-c1nc(c([nH]1)-c1ccc(F)cc1)-c1ccncc1
1165,CN(C)C[C@@H]1CCn2cc(C3=C(C(=O)NC3=O)c3cn(CCO1)c1ccccc31)c1ccccc21
1166,Fc1ccc(Sc2ccc3c(-c4c(Cl)cccc4Cl)c(=O)ncn3n2)c(F)c1
1167,COCC(=O)NC\C=C\c1ccc2ncnc(Nc3ccc(Oc4ccc(C)nc4)c(C)c3)c2c1
1168,Nc1nc(Nc2ccc(cc2)S(N)(=O)=O)nn1C(=O)c1c(F)cccc1F
1169,CC[C@H](CO)Nc1nc(NCc2ccccc2)c2ncn(C(C)C)c2n1
1170,CC(C)(C)c1cnc(CSc2cnc(NC(=O)C3CCNCC3)s2)o1
1171,CCNC(=O)[C@H]1O[C@H]([C@H](O)[C@@H]1O)n1cnc2c(N)nc(NCCc3ccc(CCC(=O)Nc4ccc(OC(=O)CCCCN=[N+]=[N-])c(c4)[N+]([O-])=O)cc3)nc12
1172,CCNC(=O)[C@H]1O[C@H]([C@H](O)[C@@H]1O)n1cnc2c(N)nc(NCCc3ccc(CCC(=O)Nc4ccc(OC(C)=O)c(c4)[N+]([O-])=O)cc3)nc12
1173,CC(C)c1cc(Cc2c(C)cc(CCC(O)=O)cc2C)ccc1O
1174,CC(C)c1cc(Cc2c(C)cc(OCC(O)=O)cc2C)ccc1O
1175,CC(C)c1cc(Cc2c(C)cc(C[C@H](N)C(O)=O)cc2C)ccc1O
1176,CC(C)c1cc(Oc2c(C)cc(C[C@H](N)C(O)=O)cc2C)ccc1O
1177,CCCCN(CCCC)c1ccc(\C=C2/C(=O)ON=C2c2ccccc2)cc1
1178,Oc1ccc(cc1)C1=NOC(=O)\C1=C/c1ccc(cc1)N1CCCC1
1179,Fc1ccccc1C1=NOC(=O)\C1=C/c1ccc(cc1)N1CCCC1
1180,COc1cc(NC(=O)Nc2cc(nn2-c2ccc(C)cc2)C(C)(C)C)c2ccccc2c1
1181,CN(C)Cc1cc(ccc1C)-n1nc(cc1NC(=O)Nc1ccc(OCCN2CCOCC2)c2ccccc12)C(C)(C)C
1182,CC[C@@H]1NC(=O)[C@H]([C@H](O)[C@H](C)C\C=C\C)N(C)C(=O)[C@H](C(C)C)N(C)C(=O)[C@H](CC(C)C)N(C)C(=O)[C@H](CC(C)C)N(C)C(=O)[C@@H](C)NC(=O)[C@H](C)NC(=O)[C@H](CC(C)C)N(C)C(=O)[C@@H](NC(=O)[C@H](C(C)C)N(CC)C(=O)[C@@H](C)N(C)C1=O)C(C)C
1183,CC[C@H](C)[C@@H]1N(C)C(=O)CN(C)C(=O)[C@H](CC)NC(=O)[C@H]([C@H](O)[C@H](C)C\C=C\C)N(C)C(=O)[C@H](C(C)C)N(C)C(=O)[C@H](CC(C)C)N(C)C(=O)[C@H](CC(C)C)N(C)C(=O)[C@@H](C)NC(=O)[C@H](C)NC(=O)[C@H](CC(C)C)N(C)C(=O)[C@@H](NC1=O)C(C)C
1184,CC[C@@H]1NC(=O)[C@H]([C@H](O)[C@H](C)C\C=C\C)N(C)C(=O)[C@H](C(C)C)N(C)C(=O)[C@H](CC(C)C)N(C)C(=O)[C@H](CC(C)C)N(C)C(=O)[C@@H](C)NC(=O)[C@H](C)NC(=O)[C@H](CC(C)C)N(C)C(=O)[C@@H](NC(=O)[C@H](CC(C)(C)O)N(C)C(=O)[C@H](SCCN(C)C)N(C)C1=O)C(C)C
1185,CC[C@@H]1NC(=O)[C@H]([C@H](O)[C@H](C)C\C=C\C)N(C)C(=O)[C@H](C(C)C)N(C)C(=O)[C@H](CC(C)C)N(C)C(=O)[C@H](CC(C)C)N(C)C(=O)[C@@H](C)NC(=O)[C@H](C)NC(=O)[C@H](CC(C)C)N(C)C(=O)[C@@H](NC(=O)[C@H]([C@@H](C)CN2CCN(CCOC)CC2)N(C)C(=O)[C@@H](C)N(C)C1=O)C(C)C
1186,CC[C@@H]1NC(=O)[C@H]([C@H](O)[C@H](C)C\C=C\C)N(C)C(=O)[C@H](C(C)C)N(C)C(=O)[C@H](CC(C)C)N(C)C(=O)[C@H](CC(C)C)N(C)C(=O)[C@@H](C)NC(=O)[C@H](C)NC(=O)[C@H](CC(C)C)N(C)C(=O)[C@@H](NC(=O)[C@H]([C@H](C)CN(C)CCOC)N(C)C(=O)[C@@H](C)N(C)C1=O)C(C)C
1187,CC[C@@H]1NC(=O)[C@H]([C@H](O)[C@H](C)C\C=C\C)N(C)C(=O)[C@H](C(C)C)N(C)C(=O)[C@H](CC(C)C)N(C)C(=O)[C@H](CC(C)C)N(C)C(=O)[C@@H](C)NC(=O)[C@H](C)NC(=O)[C@H](CC(C)C)N(C)C(=O)[C@@H](NC(=O)[C@H]([C@H](C)CN2CCC(CC2)C#N)N(C)C(=O)[C@@H](C)N(C)C1=O)C(C)C
1188,CC[C@@H]1NC(=O)[C@H]([C@H](O)[C@H](C)C\C=C\C)N(C)C(=O)[C@H](C(C)C)N(C)C(=O)[C@H](CC(C)C)N(C)C(=O)[C@H](CC(C)C)N(C)C(=O)[C@@H](C)NC(=O)[C@H](C)NC(=O)[C@H](CC(C)C)N(C)C(=O)[C@@H](NC(=O)[C@H]([C@H](C)CN2CC3CCC(C2)O3)N(C)C(=O)[C@@H](C)N(C)C1=O)C(C)C
1189,CC[C@@H]1NC(=O)[C@H]([C@H](O)[C@H](C)C\C=C\C)N(C)C(=O)[C@H](C(C)C)N(C)C(=O)[C@H](CC(C)C)N(C)C(=O)[C@H](CC(C)C)N(C)C(=O)[C@@H](C)NC(=O)[C@H](C)NC(=O)[C@H](CC(C)C)N(C)C(=O)[C@@H](NC(=O)[C@H]([C@H](C)CN2CCCOCC2)N(C)C(=O)[C@@H](C)N(C)C1=O)C(C)C
1190,CC(C)[C@@H]1N(C)c2ccc(NC(=O)CCCCCCCCCCCCC(=O)Nc3ccc4C[C@@H](CO)NC(=O)[C@H](C(C)C)N(C)c4c3)cc2C[C@@H](CO)NC1=O
1191,NS(=O)(=O)c1c(F)c(F)c(c(NC2CCCCCCC2)c1F)S(=O)(=O)CCO
1192,NS(=O)(=O)c1c(F)c(F)c(SCCO)c(F)c1F
1193,NS(=O)(=O)c1c(F)c(F)c(SCCO)c(F)c1NC1CCCCCCC1
1194,NS(=O)(=O)c1c(F)c(F)c(c(F)c1F)S(=O)(=O)CCO
1195,CC(=O)Nc1nnc(s1)S(N)(=O)=O
1196,COc1cc2nccc(Oc3ccc(NC(=O)NC4CC4)c(Cl)c3)c2cc1C(N)=O
1197,C[C@@H]1C[C@H]2[C@@H]3CCC4=CC(=O)C=C[C@]4(C)[C@@]3(Cl)[C@@H](O)C[C@]2(C)[C@@]1(OC(=O)c1ccco1)C(=O)CCl
1198,CCCOc1ccc(C[C@@H](Cc2ccccc2)C(O)=O)cc1CNC(=O)c1ccc(cc1)N1CC2CCC(C2)C1
1199,CCCOc1ccc(C[C@@H](Cc2ccccc2)C(O)=O)cc1CNC(=O)c1ccc(cc1)N1CC(C)(C)CC(C)(C)C1
1200,CCCOc1ccc(C[C@@H](Cc2ccccc2)C(O)=O)cc1CNC(=O)c1ccc(cc1)N1CCCCCCCC1
1201,CCCOc1ccc(C[C@@H](Cc2ccccc2)C(O)=O)cc1CNC(=O)c1ccc(cc1)N1CCCCCCC1
1202,CCCOc1ccc(C[C@@H](Cc2ccccc2)C(O)=O)cc1CNC(=O)c1ccc(cc1)N1CCCCC1
1203,OC(=O)[C@H]1CCCC[C@@H]1Nc1nc(ncc1F)-c1c[nH]c2ncc(Cl)cc12
1204,C[C@@]1(CCCC[C@@H]1Nc1nc(ncc1F)-c1c[nH]c2ncc(F)cc12)C(O)=O
1205,COCC[C@@]1(CCCC[C@@H]1Nc1nc(ncc1F)-c1c[nH]c2ncc(Cl)cc12)C(O)=O
1206,OC(=O)[C@H]1[C@@H]2CC[C@@H](C2)[C@@H]1Nc1nc(ncc1F)-c1c[nH]c2ncc(Cl)cc12
1207,OC(=O)[C@H]1[C@H]2CC[C@H](C2)[C@@H]1Nc1nc(ncc1F)-c1c[nH]c2ncc(Cl)cc12
1208,OC(=O)[C@H]1C2CCC(CC2)[C@@H]1Nc1nc(ncc1F)-c1c[nH]c2ncc(Cl)cc12
1209,CC(C)C[C@@H](NC(=O)[C@H](CC1=CCCCC1)NC(=O)[C@@H](CC(C)C)NC(=O)[C@H](Cc1ccc(cc1)C(=O)c1ccccc1)NC(=O)OC(C)(C)C)C(=O)N[C@@H](Cc1ccccc1)C(O)=O
1210,CC(C)C[C@@H](NC(=O)[C@H](CC1CCCCC1)NC(=O)[C@@H](CC(C)C)NC(=O)[C@H](Cc1ccccc1)NC(=O)OC(C)(C)C)C(=O)N[C@@H](Cc1ccccc1)C(O)=O
1211,CC(C)C[C@@H](NC(=O)[C@H](Cc1ccccc1)NC(=O)[C@@H](CC(C)C)NC(=O)[C@H](Cc1ccc(cc1)C(=O)c1ccccc1)NC(=O)OC(C)(C)C)C(=O)N[C@@H](Cc1ccccc1)C(O)=O
1212,Cc1cccc(NC(=O)CN2CCN(CC2)c2ccccc2C#N)c1
1213,NCCc1c[nH]c2ccc(O)cc12
1214,Cn1cncc1C(O)(c1ccc(Cl)cc1)c1ccc2nc(Cl)c(Cc3ccccc3)c(Cl)c2c1
1215,OC(c1cncs1)(c1ccncc1)c1ccc2nc(Cl)c(Cc3ccc(Cl)cc3)c(Cl)c2c1
1216,CC[C@H](C)[C@H](NC(=O)[C@H](Cc1cnc[nH]1)NC(=O)[C@H](CCSC)NC(=O)[C@H](CCCNC(N)=N)NC(=O)[C@H](CO)NC(=O)CNC(=O)[C@H](Cc1ccccc1)NC(=O)[C@H](CCCCN)NC(=O)[C@H](CO)NC(=O)[C@H](Cc1ccccc1)NC(=O)[C@H](CC(C)C)NC(=O)[C@@H]1CCCN1C(=O)[C@H](CC(C)C)NC(=O)[C@H](Cc1ccccc1)NC(=O)[C@H](CCC(O)=O)NC(=O)[C@H](C)NC(=O)[C@H](Cc1ccccc1)NC(=O)[C@@H](N)C(C)C)C(=O)N[C@@H](CC(C)C)C(=O)N[C@@H](CCCCN)C(O)=O
1217,CC[C@H](C)[C@H](NC(=O)[C@H](CC(C)C)NC(=O)[C@H](CCCNC(N)=N)NC(=O)[C@H](CCCNC(N)=N)NC(=O)[C@H](CCCCN)NC(=O)[C@H](C)NC(=O)[C@@H](N)Cc1cnc[nH]1)C(=O)N[C@@H](Cc1ccccc1)C(O)=O
1218,CC(C)CN(C[C@@H](O)[C@H](Cc1ccccc1)NC(=O)O[C@H]1CO[C@H]2OCC[C@@H]12)S(=O)(=O)c1ccc2nc(NCCN3CCCC3)sc2c1
1219,Cc1ccc2n(C[C@H]3CNC(=O)[C@H](CC(N)=O)NC(=O)C4(CCCCC4)NC(=O)[C@@H](CC(O)=O)[C@H](\C=C\C3)c3ccc(cc3)C(C(O)=O)C(O)=O)ccc2c1
1220,Cc1ccc2n(C[C@H]3CNC(=O)[C@H](CC(N)=O)NC(=O)C4(CCCCC4)NC(=O)[C@@H](CC(O)=O)[C@H](\C=C\C3)c3ccc(CP(O)(O)=O)cc3)ccc2c1
1221,Cc1ccc2n(C[C@H]3CNC(=O)[C@H](CC(N)=O)NC(=O)C4(CCCCC4)NC(=O)[C@@H](CC(O)=O)[C@H](\C=C\C3)c3ccc(CP(C)(O)=O)cc3)ccc2c1
1222,CSCC[C@H](NC=O)C(=O)N[C@@H](CC(C)C)C(=O)N[C@@H](Cc1ccccc1)C(O)=O
1223,CC(=O)N[C@H]1[C@H](OC[C@@H](O)[C@@H](O)[C@H](O)[C@@H](O)CNc2cccc(NC(=O)CCCCC3CCSS3)c2)O[C@H](COS([O-])(=O)=O)[C@H](OS([O-])(=O)=O)[C@@H]1O[C@@H]1O[C@@H]([C@@H](O[C@@H]2O[C@H](COS([O-])(=O)=O)[C@H](OS([O-])(=O)=O)[C@H](O[C@@H]3O[C@@H]([C@@H](O)[C@H](O)[C@H]3O)C(O)=O)[C@H]2NC(C)=O)[C@H](O)[C@H]1O)C(O)=O
1224,CC(=O)N[C@H]1[C@H](OC[C@@H](O)[C@@H](O)[C@H](O)[C@@H](O)CNc2cccc(NC(=O)CCCCC3CCSS3)c2)O[C@H](CO)[C@H](OS([O-])(=O)=O)[C@@H]1O[C@@H]1O[C@@H]([C@@H](O[C@@H]2O[C@H](COS([O-])(=O)=O)[C@H](OS([O-])(=O)=O)[C@H](O[C@@H]3O[C@@H]([C@@H](O)[C@H](O)[C@H]3O)C(O)=O)[C@H]2NC(C)=O)[C@H](O)[C@H]1O)C(O)=O
1225,CC(=O)N[C@H]1[C@H](O[C@H]2[C@H](O)[C@@H](OS([O-])(=O)=O)[C@H](O[C@@H]3[C@@H](NC(C)=O)[C@H](OCC(O)C(O)C(O)C(O)CNc4cccc(NC(=O)CCCCC5CCSS5)c4)O[C@H](COS([O-])(=O)=O)[C@@H]3OS([O-])(=O)=O)O[C@@H]2C(O)=O)O[C@H](COS([O-])(=O)=O)[C@H](O)[C@@H]1O[C@@H]1O[C@@H]([C@@H](O)[C@H](O)[C@H]1OS([O-])(=O)=O)C(O)=O
1226,CC(C)N(CCCNC(=O)Nc1ccc(cc1)C(C)(C)C)C[C@H]1O[C@H]([C@H](O)[C@@H]1O)n1cc(Br)c2c(N)ncnc12
1227,CC(C)N(CCCNC(=O)Nc1ccc(cc1)C(C)(C)C)C[C@H]1O[C@H]([C@H](O)[C@@H]1O)n1ccc2c(N)ncnc12
1228,N[C@H]1CCCC[C@H]1Nc1nnc(C(N)=O)c(Nc2cccc3cc[nH]c23)n1
1229,CCN1\C(=C/C=C/C=C/C2=[N+](CC)c3cc(ccc3C2(C)C)S([O-])(=O)=O)C(C)(CCCC(=O)NCCNC(=O)CCc2ccc(cc2)S(=O)(=O)N(CC(=O)N\N=C2/C(=O)Nc3ccccc23)c2ccc(Cl)cc2)c2cc(ccc12)S(O)(=O)=O
1230,CCN1\C(=C/C=C/C=C/C2=[N+](CC)c3cc(ccc3C2(C)C)S([O-])(=O)=O)C(C)(CCCC(=O)NCCOCCOCCOCCOCc2nnc(N3CC(C3)Oc3ccc(F)cc3Cl)n2-c2ccc(OC)[nH+]c2)c2cc(ccc12)S(O)(=O)=O
1231,COc1ccc(c[nH+]1)-n1c(COCCOCCOCCOCCOCCOCCOCCOCCNC(=O)CCCCCNC(=O)c2ccc(c(c2)C(O)=O)-c2c3ccc(O)cc3oc3cc(=O)ccc23)nnc1N1CC(C1)Oc1ccc(F)cc1Cl
1232,COc1ccc(c[nH+]1)-n1c(COCCOCCOCCOCCNC(=O)CCCCCNC(=O)c2ccc(c(c2)C(O)=O)-c2c3ccc(O)cc3oc3cc(=O)ccc23)nnc1N1CC(C1)Oc1ccc(F)cc1Cl
1233,OC(=O)c1cc(ccc1-c1c2ccc(O)cc2oc2cc(=O)ccc12)C(=O)NCCCCCC(=O)NCCNC(=O)CCc1ccc(cc1)S(=O)(=O)N(CC(=O)N\N=C1/C(=O)Nc2ccccc12)c1ccc(Cl)cc1
1234,CO[C@@H]1COCC[C@@H]1N[C@@H]1CC[C@](C1)(C(C)C)C(=O)N1CCc2ncc(cc2C1)C(F)(F)F
1235,CCN[C@H]1CN(CCCO[N+]([O-])=O)S(=O)(=O)c2sc(cc12)S(N)(=O)=O
1236,CCN[C@H]1C[C@H](CCCO)S(=O)(=O)c2sc(cc12)S(N)(=O)=O
1237,CCN[C@H]1C[C@H](CCO[N+]([O-])=O)S(=O)(=O)c2sc(cc12)S(N)(=O)=O
1238,CCN[C@H]1C[C@H](CCCO[N+]([O-])=O)S(=O)(=O)c2sc(cc12)S(N)(=O)=O
1239,CCN[C@H]1C[C@H](C)S(=O)(=O)c2sc(cc12)S(N)(=O)=O
1240,CCCSc1nc(N)c2ncn([C@@H]3O[C@H](COP(O)(=O)OP(O)(=O)C(Cl)(Cl)P(O)(O)=O)[C@@H](O)[C@H]3O)c2n1
1241,OC(=O)c1cc(-c2ccc(CNC(=S)c3ccc(cc3)-c3nc(=O)o[nH]3)cc2)n(n1)-c1ccc(Cl)c(Cl)c1
1242,OC(=O)c1cc(-c2ccc(CN3CCc4cc(ccc4C3=S)-c3ccc(o3)C(O)=O)cc2)n(n1)-c1ccc(Cl)c(Cl)c1
1243,OC(=O)c1cc(-c2ccc(cc2)C(=O)NCc2ccc(cc2Cl)-c2ccc(o2)C(O)=O)n(n1)-c1ccc(Cl)c(Cl)c1
1244,OC(=O)c1cc(-c2ccc(CNC(=S)c3ccc(cc3)-c3ccc(o3)C(O)=O)cc2)n(n1)-c1ccc(Cl)c(Cl)c1
1245,OC(=O)c1cc(-c2ccc(cc2)C(=S)NCc2ccc(cc2)-c2ccc(o2)C(O)=O)n(n1)-c1ccc(Cl)c(Cl)c1
1246,OC(=O)c1cc(-c2cccc(c2)C(=O)NCc2ccc(cc2)-c2ccc(o2)C(O)=O)n(n1)-c1ccc(Cl)c(Cl)c1
1247,OC(=O)c1cc(-c2ccc(CNC(=S)c3ccc(Br)cc3)cc2)n(n1)-c1ccc(Cl)c(Cl)c1
1248,COc1ccc(CNC(=S)c2ccc(cc2)-c2cc(nn2-c2ccc(Cl)c(Cl)c2)C(O)=O)cc1
1249,OC(=O)c1cc(-c2ccc(cc2)C(=S)NCc2ccccc2)n(n1)-c1ccc(Cl)c(Cl)c1
1250,O=C(C1C(=O)N(Cc2ccccc2)C(=O)N(Cc2ccccc2)C1=O)c1ccccc1
1251,OC[C@H]1O[C@H](NC(=O)COc2ccccc2)[C@@H](O[C@H]2O[C@H](CO)[C@@H](O)[C@H](O[C@H]3O[C@H](CO)[C@@H](O)[C@H](O[C@H]4O[C@H](CO)[C@@H](O)[C@H](O[C@H]5O[C@H](CO)[C@@H](O)[C@H](O)[C@@H]5O)[C@@H]4O)[C@@H]3O)[C@@H]2O)[C@@H](O)[C@@H]1O
1252,OC[C@H]1O[C@H](O[C@H]2[C@H](O)[C@@H](CO)O[C@H](O[C@H]3[C@H](O)[C@@H](CO)O[C@H](O[C@H]4[C@H](O)[C@@H](CO)O[C@H](O[C@H]5[C@@H](O)[C@H](O)[C@@H](CO)O[C@@H]5OCc5ccccc5)[C@H]4O)[C@H]3O)[C@H]2O)[C@@H](O)[C@@H](O)[C@@H]1O
1253,CCCCCCCCO[C@H]1O[C@H](CO)[C@@H](O)[C@H](O)[C@@H]1O[C@H]1O[C@H](CO)[C@@H](O)[C@H](O[C@H]2O[C@H](CO)[C@@H](O)[C@H](O[C@H]3O[C@H](CO)[C@@H](O)[C@H](O[C@H]4O[C@H](CO)[C@@H](O)[C@H](O)[C@@H]4O)[C@@H]3O)[C@@H]2O)[C@@H]1O
1254,COc1cccc(c1)-c1ccc(cn1)C(=O)NC1CCN(CC(F)(F)F)CC1
1255,Fc1cccc(c1)-c1ccc(cn1)C(=O)NC1CCN(CC(F)(F)F)CC1
1256,COc1cc(cc(OC)c1OC)-c1cnc2c(snc2c1)N1CCOCC1
1257,COc1cc(ccc1N)-c1cnc2c(snc2c1)N1CCOCC1
1258,COc1cc(ccc1O)-c1cnc2c(snc2c1)N1CCOCC1
1259,COc1ccc(cc1OC)-c1cnc2c(NCC3CC3)snc2c1
1260,COc1cc2c(cc1-c1c(C)noc1C)[nH]c1ccnc(-c3c(C)[nH]nc3C3CC3)c21
1261,CCN(CCOc1ccc(cc1)[N+]([O-])=O)CCc1ccc(cc1)[N+]([O-])=O
1262,CNc1c(CN=O)ccc(-c2ccc(O)cc2)c1-c1ccccc1
1263,C[C@]12CC[C@H]3[C@@H](CCc4cc(O)ccc34)[C@@H]1CC[C@@H]2O
1264,CN(CCCCOc1ccc(cc1)[N+]([O-])=O)CCc1ccc(cc1)[N+]([O-])=O
1265,Cc1ccc(Oc2ccc(cc2NC(=O)Nc2ccccc2)C(=O)NCCN2CCCC2)cc1C
1266,CCCCCCCN(CC)CCCCc1ccc(Cl)cc1
1267,CCCCCCC[N+](CC)(CC)CC#Cc1ccc(Cl)cc1
1268,CCCCCCc1cccc(CCCCCC)[n+]1C
1269,CCCCCCCc1cccc(CCCCCCC)[n+]1C
1270,CCCCCNC(=O)[C@H](CC(N)=O)NC(=O)C1(CCCCC1)NC(=O)[C@H](Cc1ccc(CP(O)(O)=O)cc1)NC(=O)Cn1cc(CCCNC(=O)[C@H](CC(N)=O)NC(=O)C2(CCCCC2)NC(=O)[C@H](Cc2ccc(CP(O)(O)=O)cc2)NC(C)=O)nn1
1271,C[C@H](O)[C@H]1NC(=O)[C@H](Cc2ccc(F)cc2)NC(=O)[C@@H](Cc2ccccc2)NC(=O)c2cc3cc(c2)C(=O)NC[C@H](NC(=O)[C@H](C)NC(=O)[C@H](CCCNC(N)=N)NC(=O)[C@H](Cc2ccc4ccccc4c2)NC(=O)[C@H]2CCCCN2C1=O)C(=O)N[C@@H](Cc1ccccc1)C(=O)N[C@@H](Cc1ccc2ccccc2c1)C(=O)N[C@@H](CCCNC(N)=N)C(=O)N[C@@H](CCCNC(N)=N)C(=O)N[C@@H](CCCNC(N)=N)C(=O)N[C@@H](CCCNC(N)=N)C(=O)N[C@@H](CNC3=O)C(=O)N[C@@H](CCCCN)C(O)=O
1272,C[C@H](OP(O)(O)=O)[C@H]1NC(=O)CN(C)C(=O)[C@@H](C)NC(=O)[C@H](CCCCN)NC(=O)[C@H](Cc2ccc(O)cc2)NC(=O)[C@H](Cc2ccc3ccccc3c2)NC(=O)[C@H]2CCCCN2C1=O
1273,C[C@H](O)[C@H]1NC(=O)[C@H](Cc2ccc(F)cc2)NC(=O)[C@@H](Cc2ccccc2)NC(=O)c2cc3cc(c2)C(=O)NC[C@H](NC(=O)[C@@H](Cc2ccccc2)NC(=O)[C@H](C)NC(=O)[C@H](CCCNC(N)=N)NC(=O)[C@H](Cc2ccc4ccccc4c2)NC(=O)[C@H]2CCCCN2C1=O)C(=O)N[C@@H](Cc1ccccc1)C(=O)N[C@@H](Cc1ccc2ccccc2c1)C(=O)N[C@@H](CCCNC(N)=N)C(=O)N[C@@H](CCCNC(N)=N)C(=O)N[C@@H](CCCNC(N)=N)C(=O)N[C@@H](CCCNC(N)=N)C(=O)N[C@@H](CNC3=O)C(=O)N[C@@H](CCCCN)C(O)=O
1274,C[C@H](O)[C@H]1NC(=O)[C@H](Cc2ccc(F)cc2)NC(=O)[C@@H](Cc2ccc(F)cc2)NC(=O)c2cc3cc(c2)C(=O)NC[C@H](NC(=O)[C@@H](C)NC(=O)[C@H](C)NC(=O)[C@H](CCCNC(N)=N)NC(=O)[C@H](Cc2ccc4ccccc4c2)NC(=O)[C@H]2CCCCN2C1=O)C(=O)N[C@@H](Cc1ccccc1)C(=O)N[C@@H](Cc1ccc2ccccc2c1)C(=O)N[C@@H](CCCNC(N)=N)C(=O)N[C@@H](CCCNC(N)=N)C(=O)N[C@@H](CCCNC(N)=N)C(=O)N[C@@H](CCCNC(N)=N)C(=O)N[C@@H](CNC3=O)C(=O)N[C@@H](CCCCN)C(O)=O
1275,CCCCCCCC(=O)O[C@@H]1[C@@H](OC(=O)C(\C)=C/C)C(C)=C2[C@@H]3OC(=O)[C@@](C)(O)[C@@]3(O)[C@H](C[C@](C)(OC(C)=O)[C@@H]12)OC(=O)CCC
1276,CCN(CC)C(=O)[C@H]1CN(C)[C@@H]2Cc3c[nH]c4cccc(C2=C1)c34
1277,Cn1cc(C(=O)OCC2CCN(CCNS(C)(=O)=O)CC2)c2ccccc12
1278,Cc1ccc(O)cc1-n1c(N)c(C(N)=O)c2nc3ccccc3nc12
1279,NC(=O)c1c(N)n(-c2ccc(NC(=O)Nc3cccc(c3)C(F)(F)F)cc2)c2nc3ccccc3nc12
1280,NC(=O)C[C@H](NC(=O)C1(CCN(CC1)C(=O)CCCc1ccccc1)NC(=O)[C@@H](CC(O)=O)Cc1ccc(CP(O)(O)=O)cc1)C(=O)NCCCc1ccc2ccccc2c1
1281,O=C(C[C@@H](CC1CCCCC1)C(=O)N[C@@H](COCc1ccccc1)C#N)N1CCOCC1
1282,O=C(C[C@@H](CC1Cc2ccccc2C1)C(=O)N[C@@]1(CCN(C1)C1CCCCC1)C#N)N1CCOCC1
1283,CC1CCC(C[C@H](CC(=O)N2CCOCC2)C(=O)N[C@@]2(CCN(C2)C2CCCCC2)C#N)CC1
1284,O=C(C[C@@H](CC1CCCCC1)C(=O)NC1(CC1)C#N)N1CCOCC1
1285,O=C(C[C@@H](CC1CCCCC1)C(=O)N[C@@]1(CCN(C1)C1CCCCC1)C#N)N1CCOCC1
1286,O=C(C[C@@H](CC1CCCCC1)C(=O)N[C@]1(CCN(Cc2ccccc2)C1)C#N)N1CCOCC1
1287,O=C(C[C@@H](CC1CCCCC1)C(=O)N[C@]1(CCN(CC2CCCCC2)C1)C#N)N1CCOCC1
1288,O=C(C[C@@H](CC1CCCCC1)C(=O)N[C@@H](CCc1ccccc1)C#N)N1CCOCC1
1289,O=C(C[C@@H](CC1CCCCC1)C(=O)N[C@@]1(CCN(CC2CC2)C1)C#N)N1CCOCC1
1290,O=C(C[C@@H](CC1CCCCC1)C(=O)N[C@@]1(CCN(CCc2ccccc2)C1)C#N)N1CCOCC1
1291,Clc1ccc(COC[C@H](NC(=O)[C@H](CC2CCCCC2)CC(=O)N2CCOCC2)C#N)cc1
1292,O=C(C[C@@H](CC1CCCCC1)C(=O)N[C@@]1(CCN(C1)C1CCCCCC1)C#N)N1CCOCC1
1293,Fc1ccc(Cc2n[nH]c(=O)c3ccccc23)cc1C(=O)N1CCN(CC1)C(=O)C1CC1
1294,C[C@@]1(CCCN1)c1nc2cccc(C(N)=O)c2[nH]1
1295,COC(=O)[C@@H]1[C@H]2CC[C@@H](C[C@@H]1c1ccc(I)cc1)N2C
1296,CC(C)NC(=O)N1CC[C@@H](C1)NC1=Nc2cc(F)ccc2N(CC(F)F)c2ccc(Cl)cc12
1297,CCN1c2ccc(F)cc2N=C(N[C@H]2CCN(C2)C(=O)NC(C)(C)C)c2cc(Cl)ccc12
1298,NC(=O)c1cc(F)cc2CN(C3CCN(CC3)C3CCC(F)(F)CC3)C(=O)c12
1299,OC(=O)c1ccc(Oc2ccc(Cl)cc2Cl)c(O)c1
1300,OCc1ccc(Oc2ccc(Cl)cc2Cl)c(O)c1
1301,COc1cc(ccc1Oc1ccc(Cl)cc1Cl)C(O)=O
1302,CC(C)[C@@H](C(=O)N1CC2CCC(CC2)C1)n1cc(nn1)-c1ccc(cc1)S(N)(=O)=O
1303,CCCCOc1ccc(cc1OCCCC)[C@@H](C)NCCCNCCC(c1ccccc1)c1ccccc1
1304,CCn1c(cc2c1nc(Nc1cc(C)n(C)n1)c1ncn(C)c21)C(=O)N(C1CC1)C1CC1
1305,CCC1=C(CCC(C)C)\C(CCC1)=C\C(\C)=C/C=C/C(/C)=C/C(O)=O
1306,C/C(/C=C/C=C(/C)\C=C1/CCCCc2ccccc12)=C\C(O)=O
1307,Oc1cccc(c1)-c1ccc2c(NC(=O)C3CC3)n[nH]c2n1
1308,Nc1ncnc2n(cc(-c3cccc(O)c3)c12)C1CCNCC1
1309,O=C(Nc1c[nH]c2ncc(cc12)-c1ccc(cc1)C#N)c1cccnc1
1310,C[C@H]1CCN(C[C@@H]1N(C)c1ncnc2[nH]ccc12)C(=O)CC#N
1311,CCC(=O)NC(N)=NCCC[C@@H](NC(=O)C(c1ccccc1)c1ccccc1)C(=O)NCc1ccc(O)cc1
1312,CC(C)(C)OC(=O)NC12CC3(CCC(=O)N[C@@H](CCP(O)(=O)CC(CCC(O)=O)C(O)=O)C(O)=O)CC(CCC(=O)N[C@@H](CCP(O)(=O)CC(CCC(O)=O)C(O)=O)C(O)=O)(CC(CCC(=O)N[C@@H](CCP(O)(=O)CC(CCC(O)=O)C(O)=O)C(O)=O)(C3)C1)C2
1313,CC(C)(C)OC(=O)NCCCCCC(=O)NC12CC3(CCC(=O)N[C@@H](CCP(O)(=O)CC(CCC(O)=O)C(O)=O)C(O)=O)CC(CCC(=O)N[C@@H](CCP(O)(=O)CC(CCC(O)=O)C(O)=O)C(O)=O)(CC(CCC(=O)N[C@@H](CCP(O)(=O)CC(CCC(O)=O)C(O)=O)C(O)=O)(C3)C1)C2
1314,CC(C)(C)OC(=O)NCCCCCC(=O)NC12CC3(CCC=O)CC(CCC(=O)N[C@@H](CCP(O)(=O)CC(CCC(O)=O)C(O)=O)C(O)=O)(CC(CCC(=O)N[C@@H](CCP(O)(=O)CC(CCC(O)=O)C(O)=O)C(O)=O)(C3)C1)C2
1315,N[C@@H](CCP(O)(=O)CC(CCC(O)=O)C(O)=O)C(O)=O
1316,CC(C)(C)OC(=O)NCCCCCC(=O)NC12CC3(CCC=O)CC(CCC=O)(CC(CCC(=O)N[C@@H](CCP(O)(=O)CC(CCC(O)=O)C(O)=O)C(O)=O)(C3)C1)C2
1317,OC(=O)CCC(CP(O)(O)=O)C(O)=O
1318,COc1ccc(cc1)-c1snnc1-c1cc(Cl)c(O)cc1O
1319,Cc1ccc(cc1)-c1snnc1-c1cc(Cl)c(O)cc1O
1320,CSCCC(NC(=O)CNC(=O)C(Cc1ccccc1)NC(=O)C(NC(=O)C(NC(C)=O)C(C)O)C(C)O)C(=O)NC(CCSC)C(=O)NC(C(C)O)C(=O)NC(CC(C)C)C(=O)NC(CCCCN)C(=O)NC1CCCCn2cc(CC(NC(=O)C(CCCCN)NC(=O)C(Cc3ccccc3)NC(=O)C(C)NC1=O)C(=O)NC(CC(C)C)C(=O)NC(CO)C(=O)NCCC(=O)NCCC(=O)NC(CCCCNC(=O)c1ccc(C(O)=O)c(c1)-c1c3ccc(O)cc3oc3cc(=O)ccc13)C(N)=O)nn2
1321,C(CCCNCc1cc2ccccc2o1)CCCNc1c2CCCCc2nc2ccccc12
1322,Fc1ccc(Cc2n[nH]c(=O)c3ccccc23)cc1C(=O)N1CCCNCC1
1323,COc1ccc(cc1NC(=O)Nc1ccc(-c2ccc(CN3CCOCC3)nc2)c2ccccc12)C(C)(C)C
1324,CCn1cc(-c2cccc(c2)C(F)(F)F)c2sc(cc2c1=O)C(=N)NC1CCS(=O)(=O)CC1
1325,OC[C@H]1O[C@H]([C@H](O)[C@@H]1O)n1cnc2c(NC3CCCCC3)ncnc12
1326,COC(=O)N1CCC(CC#Cc2nc(N)c3ncn([C@@H]4O[C@@H]([C@@H](O)[C@H]4O)C(=O)NC4CC4)c3n2)CC1
1327,C[C@@H]1OC(=O)[C@H]2C[C@H]3CCCC[C@@H]3[C@@H](\C=C\[C@H]3CCC[C@H](C)N3C)[C@@H]12
1328,CCCOc1cc(OCCCCN(C)C)cc(Oc2cc3n(C)c(=O)n(C)c3cc2NS(=O)(=O)c2ccc(OC)c(OC)c2)c1
1329,C[C@@H](Cn1c(CCc2ccccc2)nc2cc(ccc12)-c1c(C)noc1C)N1CCOCC1
1330,COc1cc(N)c(Cl)cc1C(=O)NC1CN2CCC1CC2
1331,COc1c(I)cc(Cl)cc1C(=O)N[C@@H]1CN2CCC1CC2
1332,CC(C)C[C@H](NC(=O)c1ccc(cc1)S(N)(=O)=O)C(O)=O
1333,NS(=O)(=O)c1ccc(cc1)C(=O)NC(Cc1ccc2ccccc2c1)C(O)=O
1334,CSCC[C@H](NC(=O)c1ccc(cc1)S(N)(=O)=O)C(O)=O
1335,CC(C)[C@H](NC(=O)c1ccc(cc1)S(N)(=O)=O)C(O)=O
1336,NS(=O)(=O)c1ccc(cc1)C(=O)NC(Cc1ccc(cc1)[N+]([O-])=O)C(O)=O
1337,NS(=O)(=O)c1ccc(cc1)C(=O)N[C@@H](Cc1ccccc1)C(O)=O
1338,NS(=O)(=O)c1ccc(cc1)C(=O)NC(Cc1ccc(F)cc1)C(O)=O
1339,CC(C)(C)C(NC(=O)c1ccc(cc1)S(N)(=O)=O)C(O)=O
1340,FC(F)(F)Cc1cc2c(NC3CCN(Cc4ccc5[nH]c(cc5c4)C#N)CC3)ncnc2s1
1341,Oc1cc2n(Cc3cn[nH]c3)c(cc2cc1CN1CCC(CC1)Nc1ncnc2sc(CC(F)(F)F)cc12)C#N
1342,CC(C)N1C(=O)CC(C)(C)c2ccc(cc12)C#Cc1ccc(cc1)C(O)=O
1343,CC(C)N1C(=O)CC(C)(C)c2cc(ccc12)C#Cc1ccc(cc1)C(O)=O
1344,CC(C)(C)CCNC(=O)CCc1cc2cc(ccc2nc1N)-c1ccccc1C#CC1CC(C1)NC(=O)c1ccc(F)cc1
1345,CC(C)(C)CCNC(=O)CCc1cc2cc(ccc2nc1N)-c1ccccc1CCc1ccc(NC(=O)c2ccc(F)cc2)cn1
1346,NC1=NC2(CO1)c1cc(NC(=O)c3ccc(Cl)cn3)ccc1Oc1ccc(cc21)C1=CCCOC1
1347,C[C@@H](Cc1cc2cc(ccc2nc1N)-c1ncccc1C)C(=O)NCCC(C)(C)C
1348,CN(CCN)c1ccc(Nc2cc(NC3CC3)n3ncc(C#N)c3n2)cc1NC(C)=O
1349,CC(=O)Nc1cc(Nc2cc(NC3CC3)n3ncc(C#N)c3n2)ccc1C
1350,CN1CCN(Cc2ccc(cc2)C(=O)Nc2cc(n[nH]2)-c2ccc(NC(=O)Nc3cc(on3)C(C)(C)C)c(C)c2)CC1
1351,CSCC[C@H](NC(=O)[C@H](CC(N)=O)NC(=O)[C@H](C)NC(=O)[C@H](CCC(O)=O)NC(=O)[C@H](CC(C)C)NC(=O)[C@H](CC(O)=O)NC(=O)[C@H](CC(C)C)NC(=O)[C@H](Cc1c[nH]c2ccccc12)NC(=O)[C@H](CO)NC(=O)[C@H](CC(C)C)NC(=O)[C@H](CC(O)=O)NC(=O)[C@H](CCCNC(N)=N)NC(=O)[C@@H]1CCCN1C(=O)[C@@H](NC(=O)[C@H](CS)NC(=O)[C@H](Cc1cnc[nH]1)NC(=O)[C@@H]1CCCN1)C(C)C)C(=O)N[C@@H](CS)C(=O)N[C@@H](CC(C)C)C(=O)N1CCC[C@H]1C(O)=O
1352,CN1CCC[C@H]1c1cccnc1
1353,OC(=O)Cc1coc2cc(OS(=O)(=O)c3ccc(Cl)cc3F)ccc12
1354,COC(=O)CN1C(=O)S\C(=C\c2ccc(o2)-c2cccc(C(O)=O)c2C)C1=O
1355,CCCN1C(=S)N\C(=C/c2ccc(OCC(O)=O)c(Cl)c2)C1=O
1356,CCOc1cc(\C=C2/Sc3ccccc3C2=O)cc(Br)c1OCC(O)=O
1357,CC(C)CN(C[C@@H](O)[C@H](Cc1ccccc1)NC(=O)O[C@H]1CO[C@H]2OCC[C@@H]12)S(=O)(=O)c1ccc(N)cc1
1358,Cc1cc(OCCOCCNc2ccc([N+]([O-])=O)c3nonc23)ccc1-c1cccc(COc2ccc(CCC(O)=O)c(F)c2)c1
1359,Oc1ccccc1C(=O)\C=C\N1CCc2c(C1)ncnc2NC1CC1
1360,COc1cc(cc(OC)c1CN(C)C)-c1cn(C)c(=O)c2cnccc12
1361,COc1cc(c(OC)cc1CN(C)C)-c1cn(C)c(=O)c2cnccc12
1362,C\C(CC[C@H]1[C@](C)(O)C[C@H](O)[C@@H]2[C@]1(C)CCC[C@@]2(C)C(O)=O)=C/CC1OC(=O)C=C1C
1363,C[C@@H](O)[C@H](CO)NC(=O)[C@@H]1CSSC[C@H](NC(=O)[C@H](N)Cc2ccccc2)C(=O)N[C@@H](Cc2ccccc2)C(=O)N[C@H](Cc2c[nH]c3ccccc23)C(=O)N[C@@H](CCCCN)C(=O)N[C@@H]([C@@H](C)O)C(=O)N1
1364,C[C@@H](O)[C@H](CO)NC(=O)[C@@H]1CSSC[C@H](NC(=O)[C@H](N)Cc2ccccc2)C(=O)N[C@@H](Cc2ccccc2)C(=O)N[C@H](Cc2c([nH]c3ccccc23)C(F)(F)F)C(=O)N[C@@H](CCCCN)C(=O)N[C@@H]([C@@H](C)O)C(=O)N1
1365,C[C@H](NC(=O)c1c(N)nn2cccnc12)c1cc2cccc(C#Cc3cnn(C)c3)c2c(=O)n1-c1ccccc1
1366,CN(\N=C\c1cnc2ccc(Br)cn12)S(=O)(=O)c1cc(ccc1C)[N+]([O-])=O
1367,CNC(=O)c1ccccc1Nc1nc(Nc2ccc3C[C@H](CCCc3c2OC)N2CCN(CCO)CC2)ncc1Cl
1368,Cn1c2cc(ccc2oc1=O)-c1ccc(C[C@H](NC(=O)[C@@H]2CNCCCO2)C#N)cc1
1369,C[C@@H](O)[C@@H]1[C@H]2[C@@H](C)C(S[C@@H]3CN[C@@H](C3)C(=O)N(C)C)=C(N2C1=O)C(O)=O
1370,Cn1ccc(c1)-c1ccc2n(cnc2c1)-c1ccc(CC(=O)Nc2cc(on2)C(C)(C)C)cc1
1371,OC(=O)c1ccc2nc(oc2c1)-c1cc(Cl)cc(Cl)c1
1372,Cc1c(\C=C\c2ccc(Cl)o2)occ1C(O)=O
1373,Cc1n[nH]c(C)c1CCCOc1cc(ccc1F)C(O)=O
1374,CCc1ccc(cc1)\N=C1/S\C(=C/c2ccnc(Nc3ccc(cn3)C(O)=O)c2)C(=O)N1C
1375,N[C@@H](CC(=O)N1CCn2c(C1)nnc2C(F)(F)F)Cc1cc(F)c(F)cc1F
1376,COc1cc2ccc3O[C@@H]([C@@H](N)Cc3c2cc1OC)c1cc(F)c(F)cc1F
1377,CS(=O)(=O)n1cc2CN(Cc2n1)[C@H]1CO[C@@H]([C@@H](N)C1)c1cc(F)ccc1F
1378,COc1cc2c3C[C@H](N)[C@H](Oc3ccc2cc1S(C)(=O)=O)c1cc(F)c(F)cc1F
1379,[O-][N+](=O)c1ccc(cc1)C(=O)NCCNCCSc1ccccc1
1380,CCc1cc(CNc2cc(Cl)nn3c(c(C)nc23)-c2ccc(OC)c(c2)S(=O)(=O)NCc2cn(nn2)-c2cc3ccc(O)cc3oc2=O)ccn1
1381,CCc1cc(CNc2cc(Cl)nn3c(c(C)nc23)-c2ccc(OC)c(c2)S(=O)(=O)NCC#C)ccn1
1382,CC(C)C[C@@H]1NC(=O)[C@H](Cc2ccc(O)cc2)NC(=O)[C@H](CCC(O)=O)NC(=O)CNC(=O)[C@@H](NC(=O)[C@H](CCC(O)=O)NC(=O)[C@@H]2CCCN2C(=O)[C@H](CC(O)=O)NC(=O)[C@H](CC(C)C)NC(=O)[C@H](CSSC[C@H](NC1=O)C(O)=O)NC(C)=O)[C@@H](C)O
1383,CC(C)C[C@H](NC(=O)[C@H](Cc1ccccc1)NC(=O)[C@H](CCC(O)=O)NC(=O)CNC(=O)[C@@H](NC(=O)[C@H](CCC(O)=O)NC(=O)[C@H](CCC(O)=O)NC(=O)[C@H](CC(O)=O)NC(=O)[C@H](CC(C)C)NC(=O)c1ccc(cc1C1c2ccc(O)cc2Oc2cc(O)ccc12)N=C=S)[C@@H](C)O)C(N)=O
1384,CS(O)(=O)=O.Cc1c(Cc2c(CO)nc3c(N)cc(nn23)N2CCOCC2)cccc1C(F)(F)F
1385,CN(CCS(C)(=O)=O)Cc1nc2c(N)cc(nn2c1Cc1cccc(c1C)C(F)(F)F)N1CCOCC1
1386,Cc1nc2c(cc(nn2c1Cc1cccc(c1C)C(F)(F)F)N1CCOCC1)-c1cnc[nH]1
1387,CN1CCN(Cc2c(Nc3c(C)nc4c(N)cc(nn34)N3CCOCC3)cccc2C(F)(F)F)CC1
1388,Cc1nc2c(cc(nn2c1Nc1cccc(c1C)C(F)(F)F)N1CCOCC1)-c1cnc[nH]1
1389,Cc1c(Cc2c(CO)nc3c(cc(nn23)N2CCOCC2)C(O)=O)cccc1C(F)(F)F
1390,NC(=O)c1nn(CC(=O)N2CCS[C@H]2C(=O)Nc2cccc(Br)n2)c2ncccc12
1391,NC(=O)c1nn(CC(=O)N2[C@@H]3C[C@@H]3C[C@H]2C(=O)Nc2cccc(Br)n2)c2ncccc12
1392,CCS(=O)(=O)c1cc(Nc2ncc(F)c(n2)N(Cc2ccccc2C#N)c2cc(CO)ccc2C)ccc1N1CCN(C)CC1
1393,FC1(F)CCN(C[C@@H]1Oc1ccc2ccccc2n1)C(=O)c1nccc2[nH]cnc12
1394,FC1(F)CCN(C[C@@H]1Oc1ccc2ccccc2n1)C(=O)c1cccn2cncc12
1395,CCN1C(Sc2ccc(OC)cc12)=CC(C)=O
1396,C(Nc1ncnc2ccc(cc12)-c1ccc2OCOc2c1)c1cccs1
1397,CCC1(CC)C(=O)N(C1=O)c1ccc(CSc2nc3cc(ccc3o2)C(O)=O)cc1
1398,CCC1(CC)C(=O)N(C1=O)c1ccc(CSc2nc3ccccc3o2)cc1
1399,OC(=O)CCCN1CCC[C@H]1COc1ccc(Oc2ccc(Cl)cc2)cc1
1400,CO[C@@H]1[C@@H](OC(N)=O)[C@@H](O)[C@H](Oc2ccc3c(O)c(NC(=O)c4ccc(O)c(CC=C(C)C)c4)c(=O)oc3c2C)OC1(C)C
1401,NC(=N)NCc1ccc(cc1)C1CCC(=C)OC1=O
1402,NC(=N)Nc1ccc(cc1)C1CC(=C)OC(=C)C1
1403,NC(=N)Nc1ccc(cc1)C1CC(=C)O\C(C1)=C\I
1404,NC(=N)Nc1ccc(cc1)[C@H]1CC(=C)OC(=C)[C@@H]1NC(=O)c1ccccc1
1405,NC(=N)Nc1ccc(cc1)[C@H]1C\C(OC(=C)[C@@H]1NC(=O)c1ccccc1)=C/I
1406,CC(C)(C)c1cc(NC(=O)Nc2ccc(NC(=O)c3ccccc3)cc2)no1
1407,CC(C)(C)c1cc(NC(=O)Nc2ccc(NC(=O)c3ccccn3)cc2)no1
1408,CC(C)(C)c1cc(NC(=O)Nc2ccc(NC(=O)c3cccnc3)cc2)no1
1409,CC(C)(C)c1cc(NC(=O)Nc2ccc(NC(=O)c3ccncc3)cc2)no1
1410,CC(C)(C)c1cc(NC(=O)Nc2ccc(NC(=O)c3cccc(=O)[nH]3)cc2)no1
1411,CC(C)(C)c1cc(NC(=O)Nc2ccc(NC(=O)c3ncccc3O)cc2)no1
1412,Cc1ccc2sc(cc2c1)C(=O)Nc1ccc(NC(=O)Nc2cc(on2)C(C)(C)C)cc1
1413,CC(C)(C)c1cc(NC(=O)Nc2ccc(NC(=O)c3nccc4ccccc34)cc2)no1
1414,CC(C)(C)c1cc(NC(=O)Nc2ccc(NC(=O)c3cn4c(n3)sc3ccccc43)cc2)no1
1415,CC(C)(C)c1cc(NC(=O)Nc2ccc(cc2)C(=O)Nc2ccccn2)no1
1416,CC(C)(C)c1cc(NC(=O)Nc2ccc(NC(=O)c3cc4ccccc4cn3)cc2)no1
1417,Cc1ccc(cc1-c1cc2cnn(-c3c(F)cccc3F)c2n(C)c1=O)C(=O)NC1CC1
1418,Cc1ccc(cc1-c1cc2cnn(-c3ccccc3F)c2n(C)c1=O)C(=O)NC1CC1
1419,Cc1ccc(cc1-c1ccc2c(nncc2c1)-c1ccccc1F)C(=O)NC1CC1
1420,FCCOCCO\N=C1/CCCC(=C1)C#Cc1ccccn1
1421,CSCC[C@H](NC(=O)[C@@H](NC(=O)[C@@H]1CCCN1C(=O)[C@H](CO)NC(=O)[C@H](CC(C)C)NC(=O)[C@H](CCCN=C(N)N)NC(=O)[C@@H](C)N)[C@@H](C)O)C(=O)N[C@@H](C(C)C)C(=O)N[C@@H](Cc1cnc[nH]1)C(=O)N1CCC[C@H]1C(=O)N[C@@H](CC(N)=O)C(=O)NCC(=O)N[C@@H](C)C(=O)N[C@@H](CCC(N)=O)C(=O)N1CCC[C@H]1C(O)=O
1422,CC(C)C[C@H](NC(=O)CNC(=O)[C@H](Cc1ccccc1)NC(=O)[C@@H]1CCCN1C(=O)[C@@H](NC(=O)[C@H](CCCN=C(N)N)NC(=O)CN)C(C)C)C(=O)N[C@@H](CO)C(=O)N1CCC[C@H]1C(=O)N[C@@H](CC(C)C)C(=O)N[C@@H](Cc1ccccc1)C(=O)N[C@@H](CCCCN)C(=O)N[C@@H](C(C)C)C(=O)N[C@@H](CCC(O)=O)C(O)=O
1423,CC[C@H](C)[C@H](N)C(=O)N[C@@H](CC(O)=O)C(=O)N[C@@H]([C@@H](C)CC)C(=O)N[C@@H](C)C(=O)N[C@@H](Cc1ccccc1)C(=O)N[C@@H](CO)C(=O)N[C@@H](CO)C(=O)N[C@@H](CC(C)C)C(=O)N[C@@H](C)C(=O)N[C@@H](CC(C)C)C(=O)N[C@@H](C)C(=O)N[C@@H](CC(O)=O)C(=O)N[C@@H]([C@@H](C)CC)C(=O)N[C@@H](CO)C(=O)N[C@@H](CCCN=C(N)N)C(O)=O
1424,CO[C@@H]1[C@@H](C[C@H]2O[C@]1(C)n1c3ccccc3c3c4[C@H](O)NC(=O)c4c4c5ccccc5n2c4c13)N(C)C(=O)c1ccccc1
1425,CC1CCC(CC1)C(=O)NC(Cc1c[nH]c2ccccc12)C(=O)Nc1ccncc1
1426,Cc1ccc(cc1C(=O)NCc1ccncc1)-n1nc(cc1NC(=O)Nc1cccc2ccccc12)C(C)(C)C
1427,C(CSc1nc(-c2ccncc2)n(CCCN2CCCCC2)n1)CN1CCCCC1
1428,CCC(=O)N1CCN(CC1)c1ccc(cc1C(F)(F)F)-n1c2c(ccc1=O)cnc1ccc(cc21)-c1cnc2ccccc2c1
1429,CCNC(=O)c1noc(c1-c1ccc(CN2CCOCC2)cc1)-c1cc(C(C)C)c(O)cc1O
1430,CSc1nc(Cl)c(C=O)c(NCc2ccc(cc2)S(N)(=O)=O)n1
1431,COc1ncnc(NCc2ccc(cc2)S(N)(=O)=O)c1[N+]([O-])=O
1432,NS(=O)(=O)c1ccc(Nc2ncnc(Cl)c2[N+]([O-])=O)cc1
1433,NS(=O)(=O)c1ccc(CNc2nc[nH]c(=O)c2[N+]([O-])=O)cc1
1434,NS(=O)(=O)C(F)(F)F
1435,O=c1[nH]cnc2c(CN3CCCC3)c[nH]c12
1436,CC(CCCCNC(=O)c1ccc(C)cc1)NCC(O)c1ccc(O)c(O)c1
1437,CC(CCCCNC(=O)Nc1ccc(C)cc1)NCC(O)c1ccc(O)c(O)c1
1438,CC(CCCCN)NCC(O)c1ccc(O)c(O)c1
1439,OCCONC(=O)c1cc(CN2OCCCC2=O)c(F)c(F)c1Nc1ccc(I)cc1F
1440,OC[C@@H](O)CONC(=O)c1ccc(F)c(F)c1Nc1ccc(I)cc1F
1441,CC[C@@H]1NC(=O)[C@H]([C@H](O)[C@H](C)C\C=C\c2ccc(CNC(=O)c3ccc(c(c3)C(O)=O)-c3c4ccc(O)cc4oc4cc(=O)ccc34)cc2)N(C)C(=O)[C@H](C(C)C)N(C)C(=O)[C@H](CC(C)C)N(C)C(=O)[C@H](CC(C)C)N(C)C(=O)[C@@H](C)NC(=O)[C@H](C)NC(=O)[C@H](CC(C)C)N(C)C(=O)[C@@H](NC(=O)[C@H](CC(C)C)N(C)C(=O)CN(C)C1=O)C(C)C
1442,CCO[C@@H]1Cc2cc(ccc2[C@H]1N1CCN(C[C@@H]1C)C1(C)CCN(CC1)C(=O)c1c(C)ncnc1C)C(F)(F)F
1443,CSCC[C@H](NC(=O)[C@@H](NC(=O)[C@H](CCCCN)NC(=O)[C@@H]1CSSC[C@H](NC(=O)[C@@H](NC(=O)[C@H](CC(O)=O)NC(=O)[C@H](Cc2ccccc2)NC(C)=O)C(C)C)C(=O)N[C@@H](CCCCN)C(=O)N[C@@H](Cc2c[nH]c3ccccc23)C(=O)N[C@@H](C(C)C)C(=O)N[C@@H]([C@@H](C)O)C(=O)N[C@@H](CC(C)C)C(=O)N2CCC[C@H]2C(=O)N[C@@H](Cc2cnc[nH]2)C(=O)N1)C(C)C)C(=O)N[C@@H](CCCCN)C(=O)NC(=O)COCC(=O)Nc1ccc(CCC(=O)N2CCC2=O)cc1
1444,CSCC[C@H](NC(=O)[C@H](CCCCNC(=O)COCC(=O)Nc1ccc(CCC(=O)N2CCC2=O)cc1)NC(=O)[C@H](CCCCNC(C)=O)NC(=O)[C@@H]1CSSC[C@H](NC(=O)[C@@H](NC(=O)[C@H](CC(O)=O)NC(=O)[C@H](Cc2ccccc2)NC(C)=O)C(C)C)C(=O)N[C@@H](CC(N)=O)C(=O)N[C@@H](Cc2c[nH]c3ccccc23)C(=O)N[C@@H](C(C)C)C(=O)N[C@@H]([C@@H](C)O)C(=O)N[C@@H](CC(C)C)C(=O)N2CCC[C@H]2C(=O)N[C@@H](Cc2cnc[nH]2)C(=O)N1)C(N)=O
1445,CC(C)C[C@@H]1NC(=O)[C@@H](NC(=O)[C@@H](NC(=O)[C@H](Cc2c[nH]c3ccccc23)NC(=O)[C@H](CCCCNC(C)=O)NC(=O)[C@H](CSSC[C@H](NC(=O)[C@H](Cc2cnc[nH]2)NC(=O)[C@@H]2CCCN2C1=O)C(=O)N[C@@H](CCCCNC(C)=O)C(=O)N[C@@H](C(C)C)C(=O)N[C@@H](CCCCN)C(=O)NC(=O)COCC(=O)Nc1ccc(CCC(=O)N2CCC2=O)cc1)NC(=O)[C@@H](NC(=O)[C@H](CC(O)=O)NC(=O)[C@H](Cc1ccccc1)NC(C)=O)C(C)C)C(C)C)[C@@H](C)O
1446,CC(C)C[C@@H]1NC(=O)[C@@H](NC(=O)[C@@H](NC(=O)[C@H](Cc2c[nH]c3ccccc23)NC(=O)[C@H](CC(N)=O)NC(=O)[C@H](CSSC[C@H](NC(=O)[C@H](Cc2cnc[nH]2)NC(=O)[C@@H]2CCCN2C1=O)C(=O)N[C@@H](CCCCNC(C)=O)C(=O)N[C@@H](C(C)C)C(=O)N[C@@H](CCCCN)C(=O)NC(=O)COCC(=O)Nc1ccc(CCC(=O)N2CCC2=O)cc1)NC(=O)[C@@H](NC(=O)[C@H](CC(O)=O)NC(=O)[C@H](Cc1ccccc1)NC(C)=O)C(C)C)C(C)C)[C@@H](C)O
1447,CSCC[C@H](NC(=O)[C@@H](NC(=O)[C@H](CCCCNC(C)=O)NC(=O)[C@@H]1CSSC[C@H](NC(=O)[C@@H](NC(=O)[C@H](CC(O)=O)NC(=O)[C@H](Cc2ccccc2)NC(C)=O)C(C)C)C(=O)N[C@@H](CC(N)=O)C(=O)N[C@@H](Cc2c[nH]c3ccccc23)C(=O)N[C@@H](C(C)C)C(=O)N[C@@H](CCCCNC(=O)COCC(=O)Nc2ccc(CCC(=O)N3CCC3=O)cc2)C(=O)N[C@@H](CC(C)C)C(=O)N2CCC[C@H]2C(=O)N[C@@H](Cc2cnc[nH]2)C(=O)N1)C(C)C)C(N)=O
1448,CSCC[C@H](NC(=O)[C@@H](NC(=O)[C@H](CCCCNC(C)=O)NC(=O)[C@@H]1CSSC[C@H](NC(=O)[C@@H](NC(=O)[C@H](CC(O)=O)NC(=O)[C@H](Cc2ccccc2)NC(C)=O)C(C)C)C(=O)N[C@@H](CCCCNC(=O)COCC(=O)Nc2ccc(CCC(=O)N3CCC3=O)cc2)C(=O)N[C@@H](Cc2c[nH]c3ccccc23)C(=O)N[C@@H](C(C)C)C(=O)N[C@@H]([C@@H](C)O)C(=O)N[C@@H](CC(C)C)C(=O)N2CCC[C@H]2C(=O)N[C@@H](Cc2cnc[nH]2)C(=O)N1)C(C)C)C(N)=O
1449,CC[C@H](C)[C@@H]1NC(=O)[C@H](Cc2ccc(O)cc2)NC(=O)[C@H](Cc2cnc[nH]2)NC(=O)[C@H](CSSC[C@H](NC(=O)[C@H](Cc2cnc[nH]2)NC(=O)[C@@H]2CCCN2C(=O)[C@H](CC(C)C)NC(=O)[C@H](CCCCNC(=O)COCC(=O)Nc2ccc(CCC(=O)N3CCC3=O)cc2)NC1=O)C(=O)N[C@@H]([C@@H](C)O)C(=O)N[C@@H](CCCN=C(N)N)C(=O)N[C@@H](Cc1ccc(O)cc1)C(N)=O)NC(=O)[C@@H](NC(=O)[C@H](CCC(O)=O)NC(=O)[C@H](Cc1ccccc1)NC(C)=O)C(C)C
1450,CC[C@H](C)[C@@H]1NC(=O)[C@H](Cc2ccc(O)cc2)NC(=O)[C@H](Cc2cnc[nH]2)NC(=O)[C@H](CSSC[C@H](NC(=O)[C@H](Cc2cnc[nH]2)NC(=O)[C@@H]2CCCN2C(=O)[C@H](CC(C)C)NC(=O)[C@H](CCCCNC(=O)COCC(=O)Nc2ccc(CCC(=O)N3CCC3=O)cc2)NC1=O)C(=O)N[C@H]([C@@H](C)O)C(=O)N[C@H](CCCN=C(N)N)C(=O)N[C@H](Cc1ccc(O)cc1)C(N)=O)NC(=O)[C@@H](NC(=O)[C@H](CCC(O)=O)NC(=O)[C@H](Cc1ccccc1)NC(=O)[C@H](C)NC(=O)[C@H](C)NC(=O)[C@H](CC(O)=O)NC(C)=O)C(C)C
1451,CC[C@H](C)[C@@H]1NC(=O)[C@H](Cc2ccc(O)cc2)NC(=O)[C@H](Cc2cnc[nH]2)NC(=O)[C@H](CSSC[C@H](NC(=O)[C@@H](Cc2cnc[nH]2)NC(=O)C(C)(C)NC(=O)[C@H](CC(C)C)NC(=O)[C@H](CCCCNC(=O)COCC(=O)Nc2ccc(CCC(=O)N3CCC3=O)cc2)NC1=O)C(=O)N[C@H]([C@@H](C)O)C(=O)N[C@@H](CCCCNC(C)=O)C(=O)NC(C)(C)C(N)=O)NC(=O)[C@@H](NC(=O)[C@H](CCC(O)=O)N(C)C(=O)[C@H](Cc1ccccc1)NC(=O)[C@H](C)NC(=O)[C@H](C)NC(=O)[C@H](CC(O)=O)NC(=O)[C@H](C)NC(C)=O)C(C)C
1452,Cn1c2nc(NC3CCOCC3)ncc2cc(Oc2ccc(F)cc2F)c1=O
1453,CCN(CC)CCOc1ccc(Nc2ncc3CN(C(=O)N(C)c3n2)c2c(Cl)cccc2Cl)cc1
1454,Cc1nc(no1)-c1cnc2ccc(cn12)-c1cncc(NS(=O)(=O)c2ccccc2)c1
1455,OC[C@H]1O[C@@H]2O[C@@H]3[C@@H](CO)O[C@H](O[C@@H]4[C@@H](CO)O[C@H](O[C@@H]5[C@@H](CO)O[C@H](O[C@@H]6[C@@H](CO)O[C@H](O[C@@H]7[C@@H](CO)O[C@H](O[C@@H]8[C@@H](CO)O[C@H](O[C@H]1[C@H](O)[C@H]2O)[C@H](O)[C@H]8O)[C@H](O)[C@H]7O)[C@H](O)[C@H]6O)[C@H](O)[C@H]5O)[C@H](O)[C@H]4O)[C@H](O)[C@H]3O
1456,CSC1=NC(C(C(=O)OC(C)C)=C(C)N1)c1cccc(c1)[N+]([O-])=O
1457,CC[C@H](C)[C@H](NC(=O)[C@H](CC1=CCC(=O)CC1)NC(=O)[C@@H]1CCCN1C(=O)[C@H](CCCN=C(N)N)NC(=O)[C@@H](N)CCCN=C(N)N)C(=O)N[C@@H](CC(C)C)C(O)=O
1458,CC(C)CNc1nc2cc3c(cc2n1Cc1ccccc1)oc(cc3=O)-c1ccc(cc1)C(=O)N[C@@H](Cc1ccccc1)C(N)=O
1459,COc1ccc(Nc2nc3cc4c(cc3n2[C@H](C)C2CCCCC2)oc(cc4=O)-c2ccc(cc2)C(=O)N[C@@H](CC(C)C)C(N)=O)cc1
1460,CC(C)C[C@H](NC(=O)c1ccc(cc1)-c1cc(=O)c2cc(c(N[C@H](C)C3CCCCC3)cc2o1)[N+]([O-])=O)C(N)=O
1461,CC[C@@H]1Cn2c(N1)c1nc(nc1n(C)c2=O)-c1ccccc1
1462,NC(N)=Nc1ccc(cc1)C1C\C(OC(=O)C1NC(=O)c1ccccc1)=C\I
1463,OC(=O)CCc1cccc(CCNS(=O)(=O)c2ccc(Cl)cc2)c1
1464,Clc1ccc(cc1)S(=O)(=O)NCCc1cccc(CCc2nnn[nH]2)c1
1465,Oc1c(NCc2cccc(CCNS(=O)(=O)c3ccc(Cl)cc3)c2)c(=O)c1=O
1466,Clc1ccc(cc1)S(=O)(=O)NCCc1cccc(CC2CC(=O)CC2=O)c1
1467,CC1C(=O)CC(Cc2cccc(CCNS(=O)(=O)c3ccc(Cl)cc3)c2)C1=O
1468,Clc1ccc2c(c1)o[nH]c2=O
1469,OC(=O)c1cc2occc2[nH]1
1470,Oc1cc2c(Cl)cccc2[nH]c1=O
1471,Oc1cc2c(Cl)c(F)ccc2[nH]c1=O
1472,COC(=O)[C@@H](NC(C)=O)[C@@H](C)O[C@H]1O[C@H](CO[C@@]2(C[C@H](O)[C@@H](NC(C)=O)[C@@H](O2)[C@H](O)[C@H](O)CNC(=O)c2ccc(F)cc2)C([O-])=O)[C@H](O)[C@H](O[C@@H]2O[C@H](CO)[C@H](O)[C@H](O[C@@]3(C[C@H](O)[C@@H](NC(C)=O)[C@@H](O3)[C@H](O)[C@H](O)CO)C([O-])=O)[C@H]2O)[C@H]1NC(C)=O
1473,CSc1nc(N)nc(n1)-c1c(Cl)cc2COCc3cccc1c23
1474,CCCN(CCOC)c1nc(C)nc2n(nc(C)c12)-c1ccc(OC)cc1C
1475,COc1ccc(cc1)-n1c(C)nc2c(NC(C3CC3)C3CC3)nc(C)nc12
1476,COc1cc(OC(F)F)ccc1-n1c(C)nc2c(NC(C3CC3)C3CC3)nc(C)nc12
1477,CCC(CC)Nc1cc(C)nc2c(c(C)nn12)-c1ccc(OC)cc1C
1478,Clc1cccc(Cl)c1C(=O)Nc1cn[nH]c1C(=O)NC1CCNCC1
1479,NCCc1c[nH]c2ccc(cc12)C(N)=O
1480,CNS(=O)(=O)Cc1ccc2[nH]cc(CCN(C)C)c2c1
1481,CCn1c(nc2c(ncc(OC[C@H]3CCCNC3)c12)C#CC(C)(C)O)-c1nonc1N
1482,Cn1cc(C2=C(C(=O)NC2=O)c2cn(C3CCN(Cc4ccccn4)CC3)c3ccccc23)c2ccccc12
1483,Nc1nc(N)c2nc(-c3cccc(O)c3)c(nc2n1)-c1cccc(O)c1
1484,CO[C@@H]1CC\C=C\c2cccc(c2)[C@@H](C)OC(=O)[C@@H]2CCCN(N2)C(=O)[C@H](Cc2cccc(O)c2)NC(=O)[C@@H](NC(=O)[C@@H]1C)C(C)C
1485,C[C@@H](Oc1cc(sc1C(N)=O)-n1cnc2ccc(CN3CCN(C)CC3)cc12)c1ccccc1C(F)(F)F
1486,CCCS(=O)(=O)Nc1ccc(F)c(C(=O)c2c[nH]c3ncc(Cl)cc23)c1F
1487,COc1c(Cl)cc2c3ccncc3[nH]c2c1NC(=O)c1cccnc1C
1488,CC(C)(C)NC[C@@H](O)COc1ccccc1-c1ccccc1
1489,CC(C)N[C@@H](C)[C@@H](O)COc1ccc(C)c2CCCc12
1490,N[C@@H](CC(N)=O)C(=O)N1CCC(CC1)Nc1ccc2CN(Cc2c1)S(=O)(=O)c1ccc(O)cc1O
1491,COc1cc(OC)c(Cl)c(COc2cnc(Nc3c(Cl)cc(F)cc3NC(=O)C=C)nc2)c1Cl
1492,Cc1c(CC(O)=O)c2cccnc2n1Cc1ccc(cc1)S(C)(=O)=O
1493,FC(F)(F)c1ccc(Cn2nc3c(-c4ccncc4)c(cnn3c2=O)-c2ccc(Cl)cc2)cn1
1494,CC[C@@H]1NC(=O)[C@H]([C@H](O)[C@H](C)C\C=C\C)N(C)C(=O)[C@H](C(C)C)N(C)C(=O)[C@H](CC(C)C)N(C)C(=O)[C@H](CC(C)C)N(C)C(=O)[C@@H](C)NC(=O)[C@H](C)NC(=O)[C@H](CC(C)C)N(C)C(=O)[C@@H](NC(=O)[C@H](CC(C)C)N(C)C(=O)CN(C)C1=O)C(C)C
1495,Oc1ccc(\C=C2/CCCN=C2c2cccnc2)c(O)c1
1496,COc1ccc(\C=C2/CCCN=C2c2cccnc2)c(OC)c1
1497,COc1cc(O)ccc1\C=C1/CCC[NH+]=C1c1cccnc1
1498,Cc1ccc2cc(ccc2n1)C(=O)Nc1cc(NC(=O)c2ccc3CCOCc3c2)ccc1C
1499,Cc1ccc2cc(ccc2n1)C(=O)Nc1cc(NC(=O)c2ccc3OCCCc3c2)ccc1C
1500,CC[C@H](C)[C@H](NC(=O)[C@@H](NC(=O)[C@H](C)NC(=O)[C@H](CC(C)C)NC(=O)[C@H](CCC(N)=O)NC(=O)[C@H](CCCNC(N)=N)NC(=O)CNC(=O)[C@@H](NC(=O)[C@H](CCC(N)=O)NC(=O)CN)C(C)C)[C@@H](C)CC)C(=O)NCC(=O)N[C@@H](CC(O)=O)C(=O)N[C@@H](CC(O)=O)C(=O)N[C@@H]([C@@H](C)CC)C(=O)N[C@@H](CC(N)=O)C(=O)N[C@@H](CCCNC(N)=N)C(O)=O
1501,CCNC(=O)NCc1ccccc1Sc1ccc2nnc(C(C)C)n2c1
1502,CC(C)(C)c1cc(NC(=O)NCc2ccccc2Sc2ccc3nnc(-c4ccccc4SCCO)n3c2)n(n1)-c1ccc(O)c(Cl)c1
1503,CSc1nc(N)nc(n1)-c1ccc2COCc3cc(Cl)cc1c23
1504,Cc1cc(C)c2cc1-c1cc(SCCC(=O)NCCCNC2=O)nc(N)n1
1505,Cc1cc(C)c2cc1-c1cc(SCCNC(=O)OCCNC2=O)nc(N)n1
1506,Cc1cc(C)c2cc1-c1cc(SCCNC(=O)CCCNC2=O)nc(N)n1
1507,Cc1cc(C)c2cc1-c1cc(SCCCC(=O)NCCNC2=O)nc(N)n1
1508,Cc1cc(C)c2cc1-c1cc(SCCC(=O)NCCCCCNC2=O)nc(N)n1
1509,Cc1cc(C)c2cc1-c1cc(SCCC(=O)NCCCCNC2=O)nc(N)n1
1510,COc1cc(C)c-2cc1C(=O)NCCCOc1cccc(Sc3cc-2nc(N)n3)c1
1511,Cc1cc(C)c2cc1-c1cc(Sc3cccc(OCCCCCNC2=O)c3)nc(N)n1
1512,Cc1cc(C)c2cc1-c1cc(Sc3cccc(OCCCCNC2=O)c3)nc(N)n1
1513,Cc1cc(C)c2cc1-c1cc(Sc3cccc(OCCCNC2=O)c3)nc(N)n1
1514,Cc1cc2nc3c(nc(=O)[nH]c3=O)n(C[C@H](O)[C@H](O)[C@H](O)CO)c2cc1C
1515,Cc1nnc2[C@H](NC(=O)OCc3ccccc3)N=C(c3ccccc3)c3ccccc3-n12
1516,CC[C@H](C)[C@H](NC(=O)[C@H](CC(O)=O)NC(=O)[C@H](CC(C)C)NC(=O)[C@H](Cc1cnc[nH]1)NC(=O)[C@@H]1CSSC[C@@H](N)C(=O)N[C@H](CO)C(=O)N[C@H]2CSSC[C@@H](NC(=O)[C@H](CCC(O)=O)NC(=O)[C@H](CCCCN)NC(=O)[C@@H](CC(O)=O)NC(=O)[C@H](CCSC)NC(=O)[C@@H](CC(C)C)NC(=O)[C@H](CO)NC(=O)[C@@H](CO)NC2=O)C(=O)N[C@@H](C(C)C)C(=O)N[C@H](Cc2ccc(O)cc2)C(=O)N[C@@H](Cc2ccccc2)C(=O)N1)C(=O)N[C@@H]([C@@H](C)CC)C(=O)N[C@@H](Cc1c[nH]c2ccccc12)C(O)=O
1517,CC[C@H](C)[C@H](NC(=O)[C@H](CC(O)=O)NC(=O)[C@H](CC(C)C)NC(=O)[C@H](Cc1cnc[nH]1)NC(=O)[C@H]1CSSC[C@@H](N)C(=O)N[C@H](CO)C(=O)N[C@H]2CSSC[C@H](NC(=O)[C@@H](CCC(O)=O)NC(=O)[C@H](CCCCN)NC(=O)[C@@H](CC(O)=O)NC(=O)[C@H](CCSC)NC(=O)[C@@H](CC(C)C)NC(=O)[C@H](CO)NC(=O)[C@@H](CO)NC2=O)C(=O)N[C@H](C(C)C)C(=O)N[C@@H](Cc2ccc(O)cc2)C(=O)N[C@H](Cc2ccccc2)C(=O)N1)C(=O)N[C@@H](C)C(=O)N[C@@H](Cc1c[nH]c2ccccc12)C(O)=O
1518,CN1CCN(CC1)c1cccc2cc(NC(=O)Nc3ccc(Oc4ccnc5[nH]ccc45)cc3)ccc12
1519,CO[C@@H]1C[C@@H](CC[C@H]1O)\C=C(/C)[C@H]1OC(=O)[C@@H]2CCCCN2C(=O)C(=O)[C@]2(O)O[C@@H]([C@H](C[C@H]2C)OC)[C@H](C[C@@H](C)C\C(C)=C\[C@@H](CC=C)C(=O)C[C@H](O)[C@H]1C)OC
1520,C[C@]12C[C@H](O)[C@H]3[C@@H](CCC4=CC(=O)CC[C@]34C)[C@@H]1CC[C@@H]2C(=O)CO
1521,C[C@]12C[C@H](O)[C@H]3[C@@H](CCC4=CC(=O)CC[C@]34C)[C@@H]1CC[C@]2(O)C(=O)CO
1522,C[C@H](Oc1ccc(Cc2ccc(OCc3coc(n3)-c3ccccc3)cc2)cc1)C(O)=O
1523,C[C@@H](Oc1ccc(Cc2ccc(OCc3coc(n3)-c3ccccc3)cc2)cc1)C(O)=O
1524,Cc1cccc(Nc2cc(Cl)nc(SCC(O)=O)n2)c1C
1525,CN(CCOc1ccc(CC2SC(=O)NC2=O)cc1)c1ccccn1
1526,CC(C)(C)[C@H](O)[C@@H](CN)c1ccc2ccccc2c1
1527,CNCC[C@@H](Oc1ccccc1C)c1ccccc1
1528,NC[C@H]([C@@H](O)c1ccccc1)c1ccc2ccccc2c1
1529,CN(C)C[C@H]([C@@H](O)c1ccccc1)c1ccc2ccccc2c1
1530,CN(C)C[C@H]([C@@H](O)c1c(C)cc(C)cc1C)c1ccccc1
1531,CN[C@H]1CC[C@@H](c2ccc(Cl)c(Cl)c2)c2ccccc12
1532,COc1ccc(cc1)C(CN(C)C)C1(O)CCCCC1
1533,CC[C@H](C)[C@H](NC(=O)[C@@H](Cc1c[nH]c2ccccc12)NC(=O)c1cc(=O)oc2cc(OC)ccc12)C(=O)N[C@@H](CCC(N)=O)C(=O)N[C@@H](CC(N)=O)C(=O)N[C@@H](CS)C(=O)N(C)CC(=O)N[C@@H](CCCNC(N)=N)C(=O)NCC(O)=O
1534,CC[C@H](C)[C@@H]1NC(=O)[C@H](Cc2ccccc2)NC(=O)CCSSC[C@H](NC(=O)[C@H](CC(N)=O)NC(=O)[C@@H](CCC(N)=O)NC1=O)C(=O)N(C)CC(=O)N[C@@H](CCCNC(N)=N)C(=O)NCC(O)=O
1535,CN(Cc1ccc2nccnc2c1)C(=O)c1ccc(cc1)N(Cc1ccccc1)C(=O)c1ccc(O)cc1O
1536,COc1ccc(CN(C)C(=O)c2ccc(cc2)N(Cc2ccccc2)C(=O)c2ccc(O)cc2O)cc1
1537,Cc1cnc(Cl)nc1-c1ccc(cc1)N(Cc1ccccc1)C(=O)c1ccc(O)cc1O
1538,Cc1cnc(Cl)nc1-c1ccc2N([C@H](CCc2c1)c1cccnc1)C(=O)c1ccc(O)cc1O
1539,CC1CCc2cc(F)ccc2N1C(=O)c1ccc(O)cc1O
1540,C[C@H]1CCc2cc(F)ccc2N1C(=O)c1ccc(O)cc1O
1541,CCNC(=O)c1noc(c1-c1ccc(CN2CCOCC2)cc1C)-c1cc(Cl)c(O)cc1O
1542,C[C@H]1CCc2cc(ccc2N1C(=O)c1ccc(O)cc1O)-c1nc(Cl)ncc1C
1543,C[C@@H]1CCc2cc(F)ccc2N1C(=O)c1ccc(O)cc1O
1544,COc1cc2CCN(C(c3cccnc3)c2cc1OC)C(=O)c1ccc(O)cc1O
1545,Oc1ccc(C(=O)N(Cc2ccccc2)c2ccccc2)c(O)c1
1546,CN1CN(c2ccccc2)C2(CCN(CCCC(=O)c3ccc(F)cc3)CC2)C1=O
1547,CCN1CCC[C@H]1CNC(=O)c1c(I)c(ccc1OC)S(N)(=O)=O
1548,CCN1CCC[C@H]1CNC(=O)c1c(O)c(CC)cc(Cl)c1OC
1549,Fc1ccc(C(=O)CCCN2CCC3(CC2)N(CNC3=O)c2ccccc2)c(I)c1
1550,CCN1CCC[C@H]1CNC(=O)c1cc(I)ccc1OC
1551,COc1cc(N=[N+]=[N-])c(I)cc1C(=O)NC1CCN(Cc2ccccc2)CC1
1552,CCOC(=O)C1C(N=C(SC)N=C1C)c1cccc(c1)[N+]([O-])=O
1553,CCOC(=O)C1=C(C)N=C(C)C(C1c1cccc(c1)[N+]([O-])=O)C(=O)OC
1554,CC(=N)N1C2CCC1CC(C2)OC(=O)C(CO)c1ccccc1
1555,NC(=N)N1C2CCC1CC(C2)OC(=O)C(CO)c1ccccc1
1556,OCC(C(=O)OC1CC2C3OC3C(C1)N2C=N)c1ccccc1
1557,C[N+]1(C)C2CC(CC1C1OC21)OC(=O)C(CO)c1ccccc1
1558,OCC(C(=O)OC1CC2CCC(C1)N2C=N)c1ccccc1
1559,NC(=N)N1C2CC(CC1C1OC21)OC(=O)C(CO)c1ccccc1
1560,C[N+]1(C)C2CCC1CC(C2)OC(=O)C(CO)c1ccccc1
1561,CCN(CC)CCOc1ccc(Nc2ncc3cc(-c4c(Cl)cccc4Cl)c(=O)n(C)c3n2)cc1
1562,CN1CCN(CC1)c1ccc(Nc2ncc3c(n2)n(-c2cccc(n2)C(C)(C)O)n(CC=C)c3=O)cc1
1563,COc1cc2c(Nc3cc(Cl)c(OC)c(Cl)c3)c(cnc2cc1OCCCN1CCN(C)CC1)C#N
1564,CNC(=O)c1nn(C)c-2c1C(C)(C)Cc1cnc(Nc3ccc(cc3)N3CCN(C)CC3)nc-21
1565,Nc1ncc(-c2nc(nc(n2)N2CCOCC2)N2CCOCC2)c(n1)C(F)(F)F
1566,CN(C)C1CCN(CC1)C(=O)c1ccc(NC(=O)Nc2ccc(cc2)-c2nc(nc(n2)N2CCOCC2)N2CCOCC2)cc1
1567,C[C@H](O)C(=O)N1CCN(Cc2sc3c(nc(nc3c2C)-c2cnc(N)nc2)N2CCOCC2)CC1
1568,Nc1cc(c(cn1)-c1nc(nc(n1)N1CCOCC1)N1CCOCC1)C(F)(F)F
1569,Nc1cc(c(cn1)-c1cc(nc(n1)N1CCOCC1)N1CCOCC1)C(F)(F)F
1570,Fc1ccc(Nc2ccc3c(CCc4ccc(cc4C3=O)C(=O)NCCN3CCOCC3)c2)cc1NC(=O)c1ccccc1
1571,C[S+]([O-])c1ccc(cc1)-c1nc(c([nH]1)-c1ccncc1)-c1ccc(F)cc1
1572,COC(=O)c1ccc2COc3cc(Nc4cc(NC(=O)c5cccs5)c(F)cc4F)ccc3C(=O)c2c1
1573,Fc1cc(F)c(Nc2ccc3c(CCc4ccc(cc4C3=O)C(=O)NCCN3CCOCC3)c2)cc1NC(=O)c1cccs1
1574,OCCNC(=O)c1ccc2CCc3cc(Nc4cc(NC(=O)c5cccs5)c(F)cc4F)ccc3C(=O)c2c1
1575,OCC(O)CNC(=O)c1ccc2COc3cc(Nc4ccc(F)c(NC(=O)c5cccs5)c4)ccc3C(=O)c2c1
1576,CNC(=O)c1ccc(C)c(c1)-n1c(C)cc(OCc2ccc(F)cc2F)c(Br)c1=O
1577,Fc1ccc(Nc2ccc3c(OCc4ccc(cc4C3=O)C(=O)NCCN3CCOCC3)c2)cc1NC(=O)c1ccccc1
1578,Fc1ccc(NC(=O)c2cccs2)cc1Nc1ccc2c(CCc3ccc(cc3C2=O)C(=O)NCCN2CCOCC2)c1
1579,OCC(O)CNC(=O)c1ccc2CCc3cc(Nc4ccc(F)c(NC(=O)c5cccs5)c4)ccc3C(=O)c2c1
1580,Fc1ccc(Nc2ccc3c(OCc4ccc(cc4C3=O)C(=O)NCCN3CCOCC3)c2)cc1NC(=O)c1cccs1
1581,CC1CCN(CC1)c1nc(ccc1CNC(=O)Nc1cccc2NC(=O)COc12)C(F)(F)F
1582,COc1cc(CC(=O)OCC2=C[C@@H]3[C@H]4O[C@@]5(Cc6ccccc6)O[C@]4(C[C@@H](C)[C@]3(O5)[C@@H]3C=C(C)C(=O)[C@@]3(O)C2)C(C)=C)ccc1O
1583,CC(C)(C)c1ccc2[C@@H](CCc2c1)NC(=O)Nc1cccc2cnccc12
1584,Cc1ccc(cc1)-c1ncc(OC[C@H]2CCNC2)cc1-c1ccc(cc1)C#N
1585,CN(C)[C@H]1CN(C[C@@H]1c1cn(C)c2ccccc12)[C@H]1CCc2cccc(F)c12
1586,CN(C)[C@H]1CN(Cc2c(C)cccc2F)C[C@@H]1c1ccc(cc1)N1CCN(CC1)C(C)=O
1587,CN(C)[C@H]1CN(C[C@@H]1c1ccc(cc1)N1CCN(CC1)C(C)=O)C1CCc2cccc(F)c12
1588,CN(C)[C@H]1CN(C[C@@H]1c1ccc(cc1)N1CCN(CC1)C(C)=O)[C@H]1CCc2cccc(F)c12
1589,CC[C@H](C)[C@H](NC(=O)[C@H](Cc1ccc(O)cc1)NC(=O)[C@H](Cc1cnc[nH]1)NC(=O)[C@H](CCCNC(N)=N)NC(=O)[C@H](CC(C)C)NC(=O)[C@H](C)NC(=O)[C@H](CO)NC(=O)[C@H](Cc1ccc(O)cc1)NC(=O)[C@H](Cc1ccc(O)cc1)NC(=O)[C@H](CCCNC(N)=N)NC(=O)[C@H](C)N)C(=O)N[C@@H](CC(N)=O)C(=O)N[C@@H](CC(C)C)C(=O)N[C@@H]([C@@H](C)CC)C(=O)N[C@@H]([C@@H](C)O)C(=O)N[C@@H](CCCNC(N)=N)C(=O)N[C@@H](CCC(N)=O)C(=O)N[C@@H](CCCNC(N)=N)C(=O)N[C@@H](Cc1ccc(O)cc1)C(N)=O
1590,CC[C@H](C)[C@H](NC(=O)[C@H](Cc1ccc(O)cc1)NC(=O)[C@H](Cc1c[nH]cn1)NC(=O)[C@H](CCCNC(N)=N)NC(=O)[C@H](CC(C)C)NC(=O)[C@@H]1CCCN1C(=O)[C@H](C)NC(=O)[C@H](CO)NC(=O)[C@H](Cc1ccc(O)cc1)NC(=O)[C@H](Cc1ccc(O)cc1)N(C)C(=O)[C@H](CCCNC(N)=N)NC(=O)[C@H](C)NC(=O)[C@H](C)NC(=O)[C@@H]1CCCN1C(=O)[C@H](CC(N)=O)NC(=O)[C@H](CC(O)=O)NC(=O)[C@@H]1CCCN1C(=O)[C@H](CCCCN)NC(=O)[C@H](CO)NC(=O)[C@@H]1CCCN1C(=O)[C@@H](N)Cc1ccc(O)cc1)C(=O)N[C@@H](CC(N)=O)C(=O)N[C@@H](CC(C)C)C(=O)N[C@@H]([C@@H](C)CC)C(=O)N[C@@H]([C@@H](C)O)C(=O)N[C@@H](CCCNC(N)=N)C(=O)N[C@@H](CCC(N)=O)C(=O)N[C@@H](CCCNC(N)=N)C(=O)N[C@@H](Cc1ccc(O)cc1)C(N)=O
1591,CCC[C@H](NC(=O)[C@H](C)NC(=O)[C@@H]1CCCN1C(=O)[C@H](CCCCN)NC(=O)[C@H](CO)NC(=O)[C@@H]1CCCN1C(=O)[C@@H](N)Cc1ccc(O)cc1)C(=O)N(C)[C@@H](CCCNC(N)=N)C(=O)N[C@@H](Cc1cnc[nH]1)C(=O)N[C@@H](Cc1ccc(O)cc1)C(=O)N[C@@H]([C@@H](C)CC)C(=O)N[C@@H](CC(N)=O)C(=O)N[C@@H](CC(C)C)C(=O)N[C@@H]([C@@H](C)CC)C(=O)N[C@@H]([C@@H](C)O)C(=O)N[C@@H](CCCNC(N)=N)C(=O)N[C@@H](CCC(N)=O)C(=O)N[C@@H](CCCNC(N)=N)C(=O)N[C@@H](Cc1ccc(O)cc1)C(N)=O
1592,CC[C@H](C)[C@H](NC(=O)[C@H](Cc1ccc(O)cc1)NC(=O)[C@H](Cc1cnc[nH]1)NC(=O)[C@H](CCCNC(N)=N)NC(=O)[C@H](CC(C)C)NC(=O)[C@H](CCCCN)NC(=O)[C@@H]1CCCN1C(=O)[C@H](CCCCN)NC(=O)[C@H](CO)NC(=O)[C@@H]1CCCN1C(=O)[C@@H](N)Cc1ccc(O)cc1)C(=O)N[C@@H](CC(N)=O)C(=O)N[C@@H](CC(C)C)C(=O)N[C@@H]([C@@H](C)CC)C(=O)N[C@@H]([C@@H](C)O)C(=O)N[C@@H](CCCNC(N)=N)C(=O)N[C@@H](CCC(N)=O)C(=O)N[C@@H](CCCNC(N)=N)C(=O)N[C@@H](Cc1ccc(O)cc1)C(=O)N([C@@H](CC(N)=O)C(=O)N1CCC[C@H]1C(=O)NCC(=O)N[C@@H](CCC(O)=O)C(=O)N[C@@H](CC(O)=O)C(=O)N[C@@H](C)C(=O)N1CCC[C@H]1C(=O)N[C@@H](C)C(=O)N[C@@H](CCC(O)=O)C(=O)N[C@@H](CC(O)=O)C(=O)N[C@@H](CC(C)C)C(=O)N[C@@H](C)C(=O)N[C@@H](CCCNC(N)=N)C(=O)N[C@@H](Cc1ccc(O)cc1)C(=O)N[C@@H](Cc1ccc(O)cc1)C(=O)N[C@@H](CO)C(N)=O)C(C)=O
1593,CC(C)c1cc(COc2cc(nn2-c2ccc(cc2)C#N)C(=O)N2CCC[C@@H](N)C2)on1
1594,N[C@@H]1CCCN(C1)C(=O)c1cc(OCC(O)C(F)(F)F)n(n1)-c1ccc(cc1)C#N
1595,CCc1cc(COc2cc(nn2-c2ccc(cc2)C#N)C(=O)N2CCC[C@@H](N)C2)on1
1596,Cc1cc(COc2cc(nn2-c2ccc(cc2)C#N)C(=O)N2CCC[C@@H](N)C2)on1
1597,CC(C)(O)CCOc1cc(nn1-c1ccc(cc1)C#N)C(=O)N1CCC[C@@H](N)C1
1598,NS(=O)(=O)c1ccc(cc1)C(=O)Cn1cnc2ccccc12
1599,NS(=O)(=O)c1ccc(cc1Cl)C(=O)Cn1cnc2ccccc12
1600,NS(=O)(=O)c1cccc(c1)C(=O)CSc1ncccn1
1601,NS(=O)(=O)c1ccc(cc1Cl)C(=O)CSc1ncccn1
1602,NS(=O)(=O)c1c(F)c(F)c(c(NCc2ccccc2)c1F)S(=O)(=O)CCO
1603,CC(C)(C)Nc1c(F)c(c(F)c(F)c1S(=O)(=O)CCc1ccccc1)S(N)(=O)=O
1604,CNc1c(F)c(c(F)c(F)c1S(=O)(=O)CCc1ccccc1)S(N)(=O)=O
1605,CC(C)(C)c1cc(=O)[nH]c(SCC(=O)c2ccc(cc2)S(N)(=O)=O)n1
1606,Cc1ccc(cc1)S(N)(=O)=O
1607,NS(=O)(=O)c1cccc(c1)C(=O)Cn1cnc2ccccc12
1608,NS(=O)(=O)c1ccc(cc1)C(=O)CSc1ncccn1
1609,NS(=O)(=O)c1cc(ccc1Cl)C(=O)CSc1ncccn1
1610,NS(=O)(=O)c1cc(ccc1Cl)C(=O)Cn1c(Cc2ccccc2)nc2ccccc12
1611,NS(=O)(=O)c1c(F)c(F)c(N2CCCCC2)c(F)c1F
1612,COc1ccc(CNc2c(F)c(F)c(F)c(F)c2S(N)(=O)=O)cc1
1613,NS(=O)(=O)c1cc(ccc1Cl)C(=O)Cn1cnc2ccccc12
1614,COc1ccccc1N1CCN(CCCCNC(=O)C23C[C@H]4C[C@H](C[C@H](C4)C2)C3)CC1
1615,COc1ccccc1N1CCN(CCN(C(=O)c2ccc(I)cc2)c2ccccn2)CC1
1616,C1CC(CCO1)c1c[nH]c2ncnc(N[C@H]3CC[C@@H](CC3)N3CCOCC3)c12
1617,CC[C@H](C)[C@@H]1NC(=O)[C@H](Cc2ccc(OC)cc2)NC(=O)CCSSC[C@@H](NC(=O)[C@H](CC(N)=O)NC(=O)[C@H](CCC(N)=O)NC1=O)C(=O)N1CCC[C@H]1C(=O)N(C)CC(=O)NCC(N)=O
1618,CCOc1ccc(C[C@@H]2NC(=O)CC3(CCCCC3)SSC[C@@H](NC(=O)[C@H](CC(N)=O)NC(=O)[C@H](CCC(N)=O)NC(=O)[C@@H](NC2=O)[C@@H](C)CC)C(=O)N(C)CC(=O)N[C@@H](CCCNC(N)=N)C(=O)NCC(N)=O)cc1
1619,CC[C@H](C)[C@@H]1NC(=O)[C@H](Cc2ccccc2)NC(=O)CC2(CCCCC2)SSC[C@@H](NC(=O)[C@H](CC(N)=O)NC(=O)[C@H](CCC(N)=O)NC1=O)C(=O)N(C)CC(=O)N[C@@H](CCCNC(N)=N)C(=O)NCC(N)=O
1620,CN(CC(=O)N[C@@H](CCCNC(N)=N)C(=O)NCC(N)=O)C(=O)[C@@H]1CSSC2(CCCCC2)CC(=O)N[C@@H](Cc2ccccc2)C(=O)N[C@@H](Cc2ccccc2)C(=O)N[C@@H](CCC(N)=O)C(=O)N[C@@H](CC(N)=O)C(=O)N1
1621,CC[C@H](C)[C@@H]1NC(=O)[C@H](Cc2ccccc2)NC(=O)CCSSC[C@@H](NC(=O)[C@H](CC(N)=O)NC(=O)[C@H](CCC(N)=O)NC1=O)C(=O)N(C)CC(=O)N[C@@H](CCCNC(N)=N)C(=O)NCC(N)=O
1622,CCOc1ccc(C[C@@H]2NC(=O)CCSSC[C@@H](NC(=O)[C@H](CC(N)=O)NC(=O)[C@H](CCC(N)=O)NC(=O)[C@@H](NC2=O)[C@@H](C)CC)C(=O)N(C)CC(=O)N[C@@H](CCCNC(N)=N)C(=O)NCC(N)=O)cc1
1623,CSCC[C@@H](NC(=O)[C@@H](Cc1c[nH]c2ccccc12)NC(=O)CNC(=O)[C@@H](Cc1ccc(O)cc1)NC(=O)[C@@H](C)NC(=O)[C@@H](CCC(O)=O)NC(=O)[C@@H](CCC(O)=O)NC(=O)[C@@H](CCC(O)=O)NC(=O)[C@H](CCC(O)=O)NC(=O)[C@H](CCC(O)=O)NC(=O)[C@H](CC(C)C)NC(=O)[C@H](Cc1c[nH]c2ccccc12)NC(=O)[C@@H]1CCCN1C(=O)CNC(=O)[C@@H](N)CCC(O)=O)C(=O)N[C@H](CC(O)=O)C(=O)N[C@H](Cc1ccccc1)C(N)=O
1624,NC(=O)c1cncc(c1)[C@@H]1O[C@H](COP(O)(=O)OP(O)(=O)OC[C@H]2OC([C@H](O)[C@@H]2O)n2cnc3c(N)ncnc23)[C@@H](O)[C@H]1O
1625,OC[C@H]1O[C@@H](SS[C@@H]2O[C@H](CO)[C@H](O)[C@@H]([C@H]2O)n2cc(nn2)-c2cccc(F)c2)[C@H](O)[C@H]([C@H]1O)n1cc(nn1)-c1cccc(F)c1
1626,OC[C@H]1O[C@@H](SS[C@@H]2O[C@H](CO)[C@H](O)[C@@H]([C@H]2O)n2cc(nn2)-c2ccc(F)c(F)c2)[C@H](O)[C@H]([C@H]1O)n1cc(nn1)-c1ccc(F)c(F)c1
1627,OC[C@H]1O[C@@H](SS[C@@H]2O[C@H](CO)[C@H](O)[C@@H]([C@H]2O)n2cc(nn2)-c2cc(F)cc(F)c2)[C@H](O)[C@H]([C@H]1O)n1cc(nn1)-c1cc(F)cc(F)c1
1628,OC[C@H]1O[C@@H](SS[C@@H]2O[C@H](CO)[C@H](O)[C@@H]([C@H]2O)n2cc(nn2)-c2cc(F)c(F)c(F)c2)[C@H](O)[C@H]([C@H]1O)n1cc(nn1)-c1cc(F)c(F)c(F)c1
1629,OC[C@H]1O[C@@H](SS[C@@H]2O[C@H](CO)[C@H](O)[C@@H]([C@H]2O)n2cc(nn2)-c2cc(F)c(F)c(F)c2)[C@H](O)[C@@H](OCc2cc3c(F)c(F)ccc3oc2=O)[C@H]1O
1630,CCCCNC(=O)c1cn(nn1)[C@H]1[C@@H](O)[C@@H](CO)O[C@@H](SS[C@@H]2O[C@H](CO)[C@H](O)[C@@H]([C@H]2O)n2cc(nn2)-c2cc(F)c(F)c(F)c2)[C@@H]1O
1631,OC[C@H]1O[C@@H](SS[C@@H]2O[C@H](CO)[C@H](O)[C@@H]([C@H]2O)n2cc(nn2)-c2cccc(F)c2)[C@H](O)[C@@H](OCc2cc3c(F)c(F)ccc3oc2=O)[C@H]1O
1632,OC[C@H]1O[C@@H](SS[C@@H]2O[C@H](CO)[C@H](O)[C@@H]([C@H]2O)n2cc(nn2)-c2ccc(F)cc2)[C@H](O)[C@H]([C@H]1O)n1cc(nn1)-c1ccc(F)cc1
1633,Fc1ccc(cc1)[C@@H]1CCNC[C@H]1COc1ccc2OCOc2c1
1634,CCOC(=O)C1C2CCC(CC1c1ccc(I)cc1)N2C
1635,CSC1=NC(C)=C2C([N-]1)c1cccc(c1SCCCCCOC2=[OH+])[N+]([O-])=O
1636,COC(=[OH+])C1=C(C)[N-]C(C)=C(C1c1ccccc1C(F)(F)F)[N+]([O-])=O
1637,COC(=O)C1C(C(C(=O)OC)=C(C)N=C1C)c1ccccc1[N+]([O-])=O
1638,NC(Cc1ccccc1)C(=O)[C@@H]([NH3+])C(=O)NCCOCCOCCNC(=O)c1ccc(cc1)S(N)(=O)=O
1639,CC(C)CC(N)C(=O)[C@@H]([NH3+])C(=O)NCCOCCOCCNC(=O)c1ccc(cc1)S(N)(=O)=O
1640,O[C@@](C\C=C\I)(C(=O)O[C@H]1CN2CCC1CC2)c1ccccc1
1641,CNCC(=O)N[C@@H](CCCNC(N)=N)C(=O)N[C@@H](C(C)C)C(=O)N[C@@H](Cc1ccc(O)cc1)C(=O)N[C@@H]1CCSS[C@@H]2C[C@@H](N(C2)C(=O)[C@@H](Cc2cnc[nH]2)NC1=O)C(=O)N[C@@H](Cc1ccccc1)C(O)=O
1642,CNCC(=O)N[C@@H](CCCNC(N)=N)C(=O)N[C@@H](C(C)C)C(=O)N[C@@H](Cc1ccc(O)cc1)C(=O)N[C@@H](C(C)C)C(=O)N[C@@H](Cc1cnc[nH]1)C(=O)N1CCC[C@@H]1C(=O)N[C@@H](Cc1ccccc1)C(O)=O
1643,COCCNC(=O)c1ccc(Oc2sc(C(N)=O)c3CCc4cnsc4-c23)cn1
1644,CCCN1CCc2cccc-3c2[C@H]1Cc1ccc(O)c(O)c-31
1645,CN1CCc2cccc-3c2[C@H]1Cc1ccc(O)c(O)c-31
1646,Oc1ccc(cc1)C1CNCCc2c(Cl)c(O)c(O)cc12
1647,Fc1ccc(cc1)C(=O)N(Cc1ccccc1)C1CCCCC1
1648,COc1cc(NC(C)=O)c(Cl)cc1C(=O)Nc1nccs1
1649,COc1cc(SC)ccc1C(=O)Nc1cccc(C)n1
1650,COC(=O)c1cc(O)c(O)cc1NC(=O)C1Oc2ccccc2OC1C
1651,Oc1cccc(Nc2nc(cs2)-c2ccc(F)cc2F)c1
1652,CC(C)CCC1C(C)=NN(C1=O)c1nc2ccccc2[nH]1
1653,Cn1c2ccccc2n(CC(O)Cn2c3ccccc3c3ccccc23)c1=O
1654,Fc1ccccc1C1Nc2ccccc2C(=O)N1CCCCCCN1C(Nc2ccccc2C1=O)c1ccccc1F
1655,Fc1ccccc1C1Nc2ccccc2C(=O)N1CCCCCCCN1C(Nc2ccccc2C1=O)c1ccccc1F
1656,Fc1ccccc1C1Nc2ccccc2C(=O)N1CCOc1ccc(cc1)N1C(Nc2ccccc2C1=O)c1ccccc1F
1657,Fc1ccccc1C1Nc2ccccc2C(=O)N1CCN1CCC(CN2C(Nc3ccccc3C2=O)c2ccccc2F)CC1
1658,Cc1n(nc2c1c(C)nn(CCC(=O)N1CCC(CC1)N1C(Nc3ccccc3C1=O)c1ccccc1F)c2=O)-c1ccc(C)cc1
1659,CC(CNC(=O)CCCn1nc(C)c2c(C)n(nc2c1=O)-c1ccc(C)cc1)c1ccccc1
1660,Fc1ccccc1C1Nc2ccccc2C(=O)N1CC1CCC(CN2C(Nc3ccccc3C2=O)c2ccccc2F)CC1
1661,C(Oc1ccc(cc1)-c1nc2ccccc2n1Cc1ccccc1)[C@H](C1CCNCC1)n1c(nc2ccccc12)-c1ccccc1
1662,FC(F)(F)c1cccc(c1)N1CCN(CC1)C1=Cc2ccccc2CC1
1663,NC(=O)c1ncn(C2O[C@H](COP(O)(O)=O)[C@@H](O)[C@H]2O)c1C=CC(=O)N(CC1=Nc2c(CC1)nc(N)[nH]c2=O)c1ccc(cc1)C(=O)N[C@@H](CCC(O)=O)C(O)=O
1664,C[C@@H]1C[C@@H]2O[C@@H]2C=CC=CC(=O)Cc2c(Cl)c(O)cc(O)c2C(=O)O1
1665,Nc1ccc2c(-c3ccc(cc3C([O-])=O)C(=O)NCCNC(=O)COc3ccc(CCCn4ncc5c4nc(N)n4nc(nc54)-c4ccco4)cc3)c3ccc(=[NH2+])c(c3oc2c1S([O-])(=O)=O)S([O-])(=O)=O
1666,C[C@H](\C=C\[C@@H](O)C1CC1)[C@H]1CC[C@H]2\C(CCC[C@]12C)=C\C=C1\C[C@@H](O)C[C@H](O)C1=C
1667,C[C@H](CCCC(C)(C)O)[C@H]1CC[C@H]2\C(CCC[C@]12C)=C\C=C1\C[C@@H](O)C[C@H](O)C1=C
1668,C[C@@H](COc1ccc(cc1)C(C)(C)O)C1CC[C@H]2\C(CCC[C@]12C)=C\C=C1\C[C@@H](O)C[C@H](O)C1=C
1669,CC(C)C[C@H](NC(=O)[C@@H](NC(=O)CNC(=O)c1ccccc1)C(C)C)C(=O)N[C@@H](CCCCNC(=O)C[C@H](Sc1ccc2ccccc2c1)C(O)=O)C(=O)N[C@@H](CCC(O)=O)C(=O)N[C@@H](Cc1ccc(O)cc1)C(=O)NCC(=O)N[C@@H](C(C)C)C(N)=O
1670,C[C@@H]1[C@@H]2Cc3ccc(O)cc3[C@@]1(C)CCN2CC=C(C)C
1671,Cc1ccccc1NC(N)=Nc1ccccc1C
1672,Fc1ccccc1C1Nc2ccccc2C(=O)N1c1ccc(OCCn2ccnc2-c2ccccc2)cc1
1673,COc1ccc2C(=O)N(CCOc3ccc(cc3)-c3nc4ccccc4n3Cc3ccncc3)C(Nc2c1)c1ccccc1F
1674,Fc1ccc2C(=O)N(CCOc3ccc(cc3)-c3nc4ccccc4n3Cc3ccncc3)C(Nc2c1)c1ccccc1F
1675,Cc1ccc2NC(N(CCOc3ccc(cc3)-c3nc4ccccc4n3Cc3ccncc3)C(=O)c2c1)c1ccccc1F
1676,Fc1ccccc1C1Nc2ccc(Cl)cc2C(=O)N1CCOc1ccc(cc1)-c1nc2ccccc2n1Cc1ccncc1
1677,Fc1ccccc1C1Nc2ccccc2C(=O)N1CCOc1ccc(cc1)-c1nc2ccccc2n1Cc1ccncc1
1678,O=C1N(C(Nc2ccccc12)c1ccccn1)c1ccc(OCCn2ccnc2-c2ccccc2)cc1
1679,Fc1ccccc1C1Nc2cc(Cl)ccc2C(=O)N1CCOc1ccc(cc1)-c1nc2ccccc2n1Cc1ccncc1
1680,Fc1ccc2NC(N(CCOc3ccc(cc3)-c3nc4ccccc4n3Cc3ccncc3)C(=O)c2c1)c1ccccc1F
1681,C[C@H](N)C(=O)N[C@@H](CCCNC(N)=N)C(=O)N1CCC[C@@H]1C(=O)N[C@@H](Cc1ccccc1)C(=O)N[C@@H](C)C(=O)N[C@@H](CCC(N)=O)C(=O)N[C@@H](CCCCN)C(O)=O
1682,Nc1ccc2c(c1)c(-c1ccccc1)n(CCCCCCc1cnnn1CCNc1c3CCCCc3nc3ccccc13)c1cc(=[NH2+])ccc21
1683,Nc1c2CCCCc2nc2ccccc12
1684,C[C@H]1CN(Cc2cc(ccc12)C(=O)Nc1cc(CN2CCCN(C)CC2)cc(c1)C(F)(F)F)c1cncnc1
1685,C[C@]1(O)CC[C@H]2[C@@H]3CCC4=CC(=O)CCC4=C3C=C[C@]12C
1686,CCNC(=O)[C@H]1O[C@H]([C@H](O)[C@@H]1O)n1cnc2c(N)ncnc12
1687,CCCCNc1ccc(cc1)C(=O)OCC[N+](C)(C)CCC[NH2+]CCC[NH3+]
1688,O=NCc1ccc(cc1)-c1[nH]c(nc1-c1ccncc1)-c1ccccc1
1689,Clc1cc(ccc1CN=O)-c1[nH]c(nc1-c1ccncc1)-c1ccccc1
1690,CC(C)(CNS(C)(=O)=O)c1nc(c([nH]1)-c1ccc(Cl)c(O)c1)-c1ccncc1
1691,Oc1cccc(c1)-c1[nH]c(nc1-c1ccncc1)-c1ccccc1
1692,Nc1nccc(n1)-c1nc([nH]c1-c1ccc(Cl)c(O)c1)-c1ccccc1
1693,Oc1cc(ccc1Cl)-c1[nH]c(nc1-c1ccncn1)-c1ccccc1
1694,NCc1ccc(cc1)-c1nc(c([nH]1)-c1ccc(Cl)c(O)c1)-c1ccncc1
1695,CC(C)(CNC(=O)Nc1ccc(Cl)cc1)c1nc(c([nH]1)-c1ccc(Cl)c(O)c1)-c1ccncc1
1696,CC(C)(C)c1nc(c([nH]1)-c1ccc(Cl)c(O)c1)-c1ccncc1
1697,O=NC1CCc2cc(ccc12)-c1[nH]c(nc1-c1ccncc1)-c1ccccc1
1698,Oc1cc(ccc1Cl)-c1[nH]c(nc1-c1ccncc1)-c1ccco1
1699,Oc1cc(ccc1CN=O)-c1[nH]c(nc1-c1ccncc1)-c1ccccc1
1700,CN(C)CCCNC(=O)c1nc(c([nH]1)-c1ccc(Cl)c(O)c1)-c1ccncc1
1701,CC1(C)O[C@H]2[C@@H]3OS(=O)(=O)O[C@@H]3CO[C@@]2(COS(N)(=O)=O)O1
1702,CC[C@H](C)[C@H](NC(C)=O)C(=O)N[C@@H](CS)C(=O)N[C@@H](C(C)C)C(=O)N[C@@H](Cc1cn(C)c2ccccc12)C(=O)N[C@@H](CCC(N)=O)C(=O)N[C@@H](CC(O)=O)C(=O)N[C@@H](Cc1c[nH]c2ccc(F)cc12)C(=O)NCC(=O)N[C@@H](C)C(=O)N[C@@H](Cc1cnc[nH]1)C(=O)N[C@@H](CCCN=C(N)N)C(=O)N[C@@H](CS)C(=O)N[C@@H]([C@@H](C)O)C(O)=O
1703,CC1(C)O[C@@H]2CO[C@@]3(COS(N)(=O)=O)OC(C)(C)O[C@H]3[C@@H]2O1
1704,Cc1ccc(cc1)[C@@H]1CN(C[C@H]1c1ccc(cc1)C#N)C(=O)[C@H]1CC[C@H](CN)CC1
1705,CC(C)C(=O)NCc1cccc(Nc2nc3ccccc3n3c(C)nnc23)c1
1706,Nc1ncnc2n(cnc12)[C@@H]1O[C@H](COP(O)(=O)O[C@@H]2[C@H](O)[C@@H](COP(O)(=O)O[C@@H]3[C@H](O)[C@@H](COP(O)(=O)OP(O)(=O)OP(O)(O)=O)O[C@H]3n3cnc4c(N)ncnc34)O[C@H]2n2cnc3c(N)ncnc23)[C@@H](O)[C@H]1O
1707,Cc1ccc(C[n+]2csc(CCO)c2)c(N)n1
1708,Cc1sc(CCO)c(C)[n+]1Cc1ccc(C)nc1N
1709,Cc1ccc(C[n+]2csc(CCO)c2CO)c(N)n1
1710,Cc1c(sc[n+]1Cc1ccc(C)nc1N)[C@@H](O)CO
1711,Cc1c(sc[n+]1Cc1ccc(C)nc1N)[C@H](O)CO
1712,Cc1c(CCO)sc[n+]1Cc1ccc(N)nc1
1713,CCc1ccc(C[n+]2csc(CCO)c2C)c(N)n1
1714,Cc1c(CCO[P@](O)(=O)OP(O)(O)=O)sc(=O)n1Cc1cnc(C)nc1N
1715,Cc1c(Cc2cnc(C)nc2N)csc1CCO
1716,CC(=O)Nc1ncc(Cc2csc(CCO)c2C)c(N)n1
1717,Oc1[nH]c(=O)[nH]c1Cc1cc(I)c(Oc2ccc(O)c(I)c2)c(I)c1
1718,CCc1cc(Oc2c(I)cc(Cc3[nH]c(=O)[nH]c3O)cc2I)ccc1O
1719,CC(C)c1cc(Oc2c(I)cc(Cc3[nH]c(=O)[nH]c3O)cc2I)ccc1O
1720,CC(C)c1cc(Oc2c(Br)cc(Cc3[nH]c(=O)[nH]c3O)cc2Br)ccc1O
1721,Oc1[nH]c(=O)[nH]c1Cc1cc(I)c(Oc2ccc(O)c(c2)C2CC2)c(I)c1
1722,Cn1cc(cc1-c1n(Cc2ccnc3ccc(Cl)cc23)nc2n(CC3CC3)c(=O)n(C)c(=O)c12)C#N
1723,CC[C@H](C)[C@H](NC(=O)[C@H](Cc1ccccc1)NC(=O)[C@H](CCC(O)=O)NC(=O)[C@H](CCCCN)NC(=O)[C@H](C)NC(=O)[C@H](C)NC(=O)[C@H](CCC(N)=O)NC(=O)CNC(=O)[C@H](CCC(O)=O)NC(=O)[C@H](CC(C)C)NC(=O)[C@H](Cc1ccc(O)cc1)NC(=O)[C@H](CO)NC(=O)[C@H](CO)NC(=O)[C@@H](NC(=O)[C@H](CC(O)=O)NC(=O)[C@H](CO)NC(=O)[C@@H](NC(=O)[C@H](Cc1ccccc1)NC(=O)[C@@H](NC(=O)CNC(=O)[C@H](CCC(O)=O)NC(=O)[C@H](C)NC(=O)[C@@H](N)Cc1cnc[nH]1)[C@@H](C)O)[C@@H](C)O)C(C)C)C(=O)N[C@@H](C)C(=O)N[C@@H](Cc1c[nH]c2ccccc12)C(=O)N[C@@H](CC(C)C)C(=O)N[C@@H](C(C)C)C(=O)N[C@@H](CCCCN)C(=O)NCC(=O)N[C@@H](CCCNC(N)=N)C(=O)NCC(O)=O
1724,CC[C@H](C)[C@H](NC(=O)[C@H](C)NC(=O)[C@H](CC(O)=O)NC(=O)[C@@H](CCCNC(N)=N)NC(=O)[C@H](Cc1ccc(O)cc1)NC(=O)Cc1ccccc1)C(=O)N[C@@H](Cc1ccc(Cl)cc1)C(=O)N[C@@H]([C@@H](C)O)C(=O)N[C@@H](C)C(=O)N[C@@H](CCCCNC(N)=N)C(=O)N[C@@H](Cc1ccc(C)cc1)C(=O)N[C@@H](Cc1cnc[nH]1)C(=O)N[C@@H](CCCCN)C(=O)N[C@@H](C(C)C)C(=O)N[C@@H](CC(C)C)C(=O)N[C@@H](CC)C(=O)N[C@@H](CCC(N)=O)C(=O)N[C@@H](CC(C)C)C(=O)N[C@@H](CO)C(=O)N[C@@H](C)C(=O)N[C@@H](Cc1cnc[nH]1)C(=O)N[C@@H](CCCCN)C(=O)N[C@@H](CC(C)C)C(=O)N[C@@H](CC(C)C)C(=O)N[C@@H](CCC(N)=O)C(=O)N[C@@H](CC(O)=O)C(=O)N[C@@H]([C@@H](C)CC)C(=O)N[C@@H]([C@@H](C)CC)C(=O)N[C@H](CCCNC(N)=N)C(=O)N[C@@H](CCCCNC(N)=N)C(N)=O
1725,ONC(=O)CCCCCCNC(=O)c1ccc(NCc2cn(CCCNC(=S)Nc3ccc(c(c3)C(O)=O)-c3c4ccccc4oc4cc(=O)ccc34)nn2)cc1
1726,COC(=O)c1cc2c(cn1)[nH]c1ccccc21
1727,CC(C)C[C@H](NC(=O)[C@H](CC(C)C)NC(=O)[C@H](Cc1ccc(O)cc1)NC(=O)CNC(=O)[C@H](C)NC(=O)[C@H](CO)NC(=O)[C@H](CC(N)=O)NC(=O)[C@H](CC(C)C)NC(=O)[C@@H](NC(=O)[C@@H](N)Cc1c[nH]c2ccccc12)[C@@H](C)O)C(O)=O
1728,C1N[c+]2ccn(Cc3cccc(Cn4cc[c+](NCc5ccc1cc5)c1ccccc41)c3)c1ccccc21
1729,Brc1ccc2CCCC(Nc3nc4ccccc4[nH]3)c2c1
1730,Clc1cc2CCCC(Nc3nc4ccccc4[nH]3)c2cc1Cl
1731,Cc1ccc2CCCC(Nc3nc4ccccc4[nH]3)c2c1
1732,COc1ccc(cc1)S(=O)(=O)N(Cc1cccnc1)[C@H](C(C)C)C(=O)NO
1733,[O-]P([O-])(=O)OC[C@H]1O[C@H](O[C@H]2[C@H](OS([O-])(=O)=O)[C@@H](COS([O-])(=O)=O)O[C@H](O[C@H]3[C@H](OS([O-])(=O)=O)[C@@H](COS([O-])(=O)=O)O[C@H](O[C@H]4[C@H](OS([O-])(=O)=O)[C@@H](COS([O-])(=O)=O)O[C@H](O[C@@H]5[C@@H](OS([O-])(=O)=O)O[C@H](COS([O-])(=O)=O)[C@@H](OS([O-])(=O)=O)[C@@H]5OS([O-])(=O)=O)[C@H]4OS([O-])(=O)=O)[C@H]3OS([O-])(=O)=O)[C@H]2OS([O-])(=O)=O)[C@@H](OS([O-])(=O)=O)[C@@H](OS([O-])(=O)=O)[C@@H]1OS([O-])(=O)=O
1734,[O-]S(=O)(=O)OC[C@H]1O[C@H](OCc2ccccc2)[C@@H](O[C@H]2O[C@H](COS([O-])(=O)=O)[C@@H](OS([O-])(=O)=O)[C@H](O[C@H]3O[C@H](COS([O-])(=O)=O)[C@@H](OS([O-])(=O)=O)[C@H](O[C@H]4O[C@H](COS([O-])(=O)=O)[C@@H](OS([O-])(=O)=O)[C@H](O[C@H]5O[C@H](COS([O-])(=O)=O)[C@@H](OS([O-])(=O)=O)[C@H](OS([O-])(=O)=O)[C@@H]5OS([O-])(=O)=O)[C@@H]4OS([O-])(=O)=O)[C@@H]3OS([O-])(=O)=O)[C@@H]2OS([O-])(=O)=O)[C@@H](OS([O-])(=O)=O)[C@@H]1OS([O-])(=O)=O
1735,[O-]S(=O)(=O)OC[C@H]1O[C@H](OCc2ccccc2)[C@@H](O[C@H]2O[C@H](COS([O-])(=O)=O)[C@@H](OS([O-])(=O)=O)[C@H](O[C@H]3O[C@H](COS([O-])(=O)=O)[C@@H](OS([O-])(=O)=O)[C@H](O[C@H]4O[C@H](COS([O-])(=O)=O)[C@@H](OS([O-])(=O)=O)[C@H](OS([O-])(=O)=O)[C@@H]4OS([O-])(=O)=O)[C@@H]3OS([O-])(=O)=O)[C@@H]2OS([O-])(=O)=O)[C@@H](OS([O-])(=O)=O)[C@@H]1OS([O-])(=O)=O
1736,CCCCCCCCO[C@H]1O[C@H](COS([O-])(=O)=O)[C@@H](OS([O-])(=O)=O)[C@H](OS([O-])(=O)=O)[C@@H]1O[C@H]1O[C@H](COS([O-])(=O)=O)[C@@H](OS([O-])(=O)=O)[C@H](O[C@H]2O[C@H](COS([O-])(=O)=O)[C@@H](OS([O-])(=O)=O)[C@H](O[C@H]3O[C@H](COS([O-])(=O)=O)[C@@H](OS([O-])(=O)=O)[C@H](O[C@H]4O[C@H](COS([O-])(=O)=O)[C@@H](OS([O-])(=O)=O)[C@H](OS([O-])(=O)=O)[C@@H]4OS([O-])(=O)=O)[C@@H]3OS([O-])(=O)=O)[C@@H]2OS([O-])(=O)=O)[C@@H]1OS([O-])(=O)=O
1737,CCCCc1ccc(CO[C@H]2O[C@H](COS([O-])(=O)=O)[C@@H](OS([O-])(=O)=O)[C@H](OS([O-])(=O)=O)[C@@H]2O[C@H]2O[C@H](COS([O-])(=O)=O)[C@@H](OS([O-])(=O)=O)[C@H](O[C@H]3O[C@H](COS([O-])(=O)=O)[C@@H](OS([O-])(=O)=O)[C@H](O[C@H]4O[C@H](COS([O-])(=O)=O)[C@@H](OS([O-])(=O)=O)[C@H](OS([O-])(=O)=O)[C@@H]4OS([O-])(=O)=O)[C@@H]3OS([O-])(=O)=O)[C@@H]2OS([O-])(=O)=O)cc1
1738,[O-]S(=O)(=O)OC[C@H]1O[C@H](O[C@@H]2[C@@H](OCCCCCCCCn3cc(nn3)-c3ccccc3)O[C@H](COS([O-])(=O)=O)[C@@H](OS([O-])(=O)=O)[C@@H]2OS([O-])(=O)=O)[C@@H](OS([O-])(=O)=O)[C@@H](O[C@H]2O[C@H](COS([O-])(=O)=O)[C@@H](OS([O-])(=O)=O)[C@H](O[C@H]3O[C@H](COS([O-])(=O)=O)[C@@H](OS([O-])(=O)=O)[C@H](O[C@H]4O[C@H](COS([O-])(=O)=O)[C@@H](OS([O-])(=O)=O)[C@H](OS([O-])(=O)=O)[C@@H]4OS([O-])(=O)=O)[C@@H]3OS([O-])(=O)=O)[C@@H]2OS([O-])(=O)=O)[C@@H]1OS([O-])(=O)=O
1739,[O-]S(=O)(=O)OC[C@H]1O[C@H](OCCCCCCCCn2cc(nn2)-c2cccc3ccccc23)[C@@H](O[C@H]2O[C@H](COS([O-])(=O)=O)[C@@H](OS([O-])(=O)=O)[C@H](O[C@H]3O[C@H](COS([O-])(=O)=O)[C@@H](OS([O-])(=O)=O)[C@H](O[C@H]4O[C@H](COS([O-])(=O)=O)[C@@H](OS([O-])(=O)=O)[C@H](O[C@H]5O[C@H](COS([O-])(=O)=O)[C@@H](OS([O-])(=O)=O)[C@H](OS([O-])(=O)=O)[C@@H]5OS([O-])(=O)=O)[C@@H]4OS([O-])(=O)=O)[C@@H]3OS([O-])(=O)=O)[C@@H]2OS([O-])(=O)=O)[C@@H](OS([O-])(=O)=O)[C@@H]1OS([O-])(=O)=O
1740,[O-]S(=O)(=O)OC[C@H]1O[C@H](OCCCCCCCCn2cc(nn2)-c2cccc3ccccc23)[C@@H](O[C@H]2O[C@H](COS([O-])(=O)=O)[C@@H](OS([O-])(=O)=O)[C@H](O[C@H]3O[C@H](COS([O-])(=O)=O)[C@@H](OS([O-])(=O)=O)[C@H](O[C@H]4O[C@H](COS([O-])(=O)=O)[C@@H](OS([O-])(=O)=O)[C@H](OS([O-])(=O)=O)[C@@H]4OS([O-])(=O)=O)[C@@H]3OS([O-])(=O)=O)[C@@H]2OS([O-])(=O)=O)[C@@H](OS([O-])(=O)=O)[C@@H]1OS([O-])(=O)=O
1741,CN(C)c1cccc2c(cccc12)S(=O)(=O)NCCCCCCCCO[C@H]1O[C@H](COS([O-])(=O)=O)[C@@H](OS([O-])(=O)=O)[C@H](OS([O-])(=O)=O)[C@@H]1O[C@H]1O[C@H](COS([O-])(=O)=O)[C@@H](OS([O-])(=O)=O)[C@H](O[C@H]2O[C@H](COS([O-])(=O)=O)[C@@H](OS([O-])(=O)=O)[C@H](O[C@H]3O[C@H](COS([O-])(=O)=O)[C@@H](OS([O-])(=O)=O)[C@H](OS([O-])(=O)=O)[C@@H]3OS([O-])(=O)=O)[C@@H]2OS([O-])(=O)=O)[C@@H]1OS([O-])(=O)=O
1742,[O-]S(=O)(=O)OC[C@H]1O[C@H](OCCCn2cc(nn2)-c2ccccc2)[C@@H](O[C@H]2O[C@H](COS([O-])(=O)=O)[C@@H](OS([O-])(=O)=O)[C@H](O[C@H]3O[C@H](COS([O-])(=O)=O)[C@@H](OS([O-])(=O)=O)[C@H](O[C@H]4O[C@H](COS([O-])(=O)=O)[C@@H](OS([O-])(=O)=O)[C@H](OS([O-])(=O)=O)[C@@H]4OS([O-])(=O)=O)[C@@H]3OS([O-])(=O)=O)[C@@H]2OS([O-])(=O)=O)[C@@H](OS([O-])(=O)=O)[C@@H]1OS([O-])(=O)=O
1743,[O-]S(=O)(=O)OC[C@H]1O[C@H](OCCCCCCCCCCCCn2cc(nn2)-c2cccc3ccccc23)[C@@H](O[C@H]2O[C@H](COS([O-])(=O)=O)[C@@H](OS([O-])(=O)=O)[C@H](O[C@H]3O[C@H](COS([O-])(=O)=O)[C@@H](OS([O-])(=O)=O)[C@H](O[C@H]4O[C@H](COS([O-])(=O)=O)[C@@H](OS([O-])(=O)=O)[C@H](O[C@H]5O[C@H](COS([O-])(=O)=O)[C@@H](OS([O-])(=O)=O)[C@H](OS([O-])(=O)=O)[C@@H]5OS([O-])(=O)=O)[C@@H]4OS([O-])(=O)=O)[C@@H]3OS([O-])(=O)=O)[C@@H]2OS([O-])(=O)=O)[C@@H](OS([O-])(=O)=O)[C@@H]1OS([O-])(=O)=O
1744,Cn1cc(C2=C(C(=O)NC2=O)c2cccc(NCC(O)CO)c2)c2cc(F)ccc12
1745,COc1cc(ccc1Nc1ncc2N(C)C(=O)c3ccccc3N(C)c2n1)N1CCN(C)CC1
1746,CN(C[C@@H]1COCCO1)S(=O)(=O)Nc1ccc2c(c1)ccc1ncc(cc1c2=O)-c1cnn(C)c1
1747,CN[C@@H]1CC2O[C@@](C)([C@@H]1OC)n1c3ccccc3c3c4CNC(=O)c4c4c5ccccc5n2c4c13
1748,CN1CC[C@@]23[C@H]4Oc5c2c(C[C@@H]1[C@]3(O)CC[C@H]4NC(=O)c1cccc(I)c1)ccc5O
1749,CN(C[C@@H]1COCCO1)S(=O)(=O)Nc1ccc2ccc3ncc(cc3c(=O)c2c1)-c1cnn(C)c1
1750,Cc1cc(=O)c2c(O)cc3C(=O)c4cc(O)cc(O)c4C(=O)c3c2o1
1751,CC[C@@]1(O)C(=O)OCc2c1cc1-c3nc4ccccc4c(\C=N\c4ccccc4C)c3Cn1c2=O
1752,CC(C)c1nnc(C)n1[C@H]1C[C@@H]2CC[C@H](C1)N2CC[C@H](NC(=O)C1CCC(F)(F)CC1)c1ccccc1
1753,COc1cc2ncnc(Oc3cccc(NC(=O)Nc4cc(on4)C(C)(C)C(F)(F)F)c3)c2cc1OC
1754,CC(C)CCC[C@@H](C)[C@H]1CC[C@H]2[C@@H]3CC[C@H]4C[C@H](CC[C@]4(C)[C@H]3CC[C@]12C)O[C@H]1O[C@H](COS([O-])(=O)=O)[C@@H](OS([O-])(=O)=O)[C@H](O[C@H]2O[C@H](COS([O-])(=O)=O)[C@@H](OS([O-])(=O)=O)[C@H](O[C@H]3O[C@H](COS([O-])(=O)=O)[C@@H](OS([O-])(=O)=O)[C@H](OS([O-])(=O)=O)[C@@H]3OS([O-])(=O)=O)[C@@H]2OS([O-])(=O)=O)[C@@H]1OS([O-])(=O)=O
1755,CC(C)CCC[C@@H](C)[C@H]1CC[C@H]2[C@@H]3CC[C@H]4C[C@H](CC[C@]4(C)[C@H]3CC[C@]12C)O[C@@H]1O[C@H](COS([O-])(=O)=O)[C@@H](O[C@H]2O[C@H](COS([O-])(=O)=O)[C@@H](O[C@H]3O[C@H](COS([O-])(=O)=O)[C@@H](O[C@H]4O[C@H](COS([O-])(=O)=O)[C@@H](OS([O-])(=O)=O)[C@H](OS([O-])(=O)=O)[C@H]4OS([O-])(=O)=O)[C@H](OS([O-])(=O)=O)[C@H]3OS([O-])(=O)=O)[C@H](OS([O-])(=O)=O)[C@H]2OS([O-])(=O)=O)[C@H](OS([O-])(=O)=O)[C@H]1OS([O-])(=O)=O
1756,CC(C)CCC[C@@H](C)[C@H]1CC[C@H]2[C@@H]3CC[C@H]4C[C@H](CC[C@]4(C)[C@H]3CC[C@]12C)OCc1cn(CCCO[C@H]2O[C@H](COS([O-])(=O)=O)[C@@H](OS([O-])(=O)=O)[C@H](O[C@H]3O[C@H](COS([O-])(=O)=O)[C@@H](OS([O-])(=O)=O)[C@H](O[C@H]4O[C@H](COS([O-])(=O)=O)[C@@H](OS([O-])(=O)=O)[C@H](OS([O-])(=O)=O)[C@@H]4OS([O-])(=O)=O)[C@@H]3OS([O-])(=O)=O)[C@@H]2OS([O-])(=O)=O)nn1
1757,CC(C)CCC[C@@H](C)[C@H]1CC[C@H]2[C@@H]3CC[C@H]4C[C@H](CC[C@]4(C)[C@H]3CC[C@]12C)OCc1cn(nn1)[C@@H]1O[C@H](COS([O-])(=O)=O)[C@@H](O[C@H]2O[C@H](COS([O-])(=O)=O)[C@@H](O[C@H]3O[C@H](COS([O-])(=O)=O)[C@@H](O[C@H]4O[C@H](COS([O-])(=O)=O)[C@@H](OS([O-])(=O)=O)[C@H](OS([O-])(=O)=O)[C@H]4OS([O-])(=O)=O)[C@H](OS([O-])(=O)=O)[C@H]3OS([O-])(=O)=O)[C@H](OS([O-])(=O)=O)[C@H]2OS([O-])(=O)=O)[C@H](OS([O-])(=O)=O)[C@H]1OS([O-])(=O)=O
1758,C[C@H](CCC(=O)N[C@@H]1O[C@H](COS([O-])(=O)=O)[C@@H](O[C@H]2O[C@H](COS([O-])(=O)=O)[C@@H](O[C@H]3O[C@H](COS([O-])(=O)=O)[C@@H](O[C@H]4O[C@H](COS([O-])(=O)=O)[C@@H](OS([O-])(=O)=O)[C@H](OS([O-])(=O)=O)[C@H]4OS([O-])(=O)=O)[C@H](OS([O-])(=O)=O)[C@H]3OS([O-])(=O)=O)[C@H](OS([O-])(=O)=O)[C@H]2OS([O-])(=O)=O)[C@H](OS([O-])(=O)=O)[C@H]1OS([O-])(=O)=O)[C@H]1CC[C@H]2[C@@H]3CC[C@H]4C[C@H](CC[C@]4(C)[C@H]3C[C@H](OC(C)=O)[C@]12C)OS([O-])(=O)=O
1759,CC(C)CCC[C@@H](C)[C@H]1CC[C@H]2[C@@H]3CC[C@H]4C[C@H](CC[C@]4(C)[C@H]3CC[C@]12C)O[C@@H]1O[C@H](COS([O-])(=O)=O)[C@@H](O[C@H]2O[C@H](COS([O-])(=O)=O)[C@@H](O[C@H]3O[C@H](COS([O-])(=O)=O)[C@@H](OS([O-])(=O)=O)[C@H](OS([O-])(=O)=O)[C@H]3OS([O-])(=O)=O)[C@H](OS([O-])(=O)=O)[C@H]2OS([O-])(=O)=O)[C@H](OS([O-])(=O)=O)[C@H]1OS([O-])(=O)=O
1760,CCCCCCCCCCCCCCCCCC(=O)NCCCO[C@@H]1O[C@H](COS([O-])(=O)=O)[C@@H](O[C@H]2O[C@H](COS([O-])(=O)=O)[C@@H](O[C@H]3O[C@H](COS([O-])(=O)=O)[C@@H](O[C@H]4O[C@H](COS([O-])(=O)=O)[C@@H](OS([O-])(=O)=O)[C@H](OS([O-])(=O)=O)[C@H]4OS([O-])(=O)=O)[C@H](OS([O-])(=O)=O)[C@H]3OS([O-])(=O)=O)[C@H](OS([O-])(=O)=O)[C@H]2OS([O-])(=O)=O)[C@H](OS([O-])(=O)=O)[C@H]1OS([O-])(=O)=O
1761,CC(C)CCC[C@@H](C)[C@H]1CC[C@H]2[C@@H]3CC[C@H]4C[C@H](CC[C@]4(C)[C@H]3CC[C@]12C)O[C@H]1O[C@H](COS([O-])(=O)=O)[C@@H](OS([O-])(=O)=O)[C@H](OS([O-])(=O)=O)[C@@H]1O[C@H]1O[C@H](COS([O-])(=O)=O)[C@@H](OS([O-])(=O)=O)[C@H](O[C@H]2O[C@H](COS([O-])(=O)=O)[C@@H](OS([O-])(=O)=O)[C@H](O[C@H]3O[C@H](COS([O-])(=O)=O)[C@@H](OS([O-])(=O)=O)[C@H](OS([O-])(=O)=O)[C@@H]3OS([O-])(=O)=O)[C@@H]2OS([O-])(=O)=O)[C@@H]1OS([O-])(=O)=O
1762,CC(C)CCC[C@@H](C)[C@H]1CC[C@H]2[C@@H]3CC[C@H]4C[C@H](CC[C@]4(C)[C@H]3CC[C@]12C)OCc1cn(CCCO[C@H]2O[C@H](COS([O-])(=O)=O)[C@@H](OS([O-])(=O)=O)[C@H](OS([O-])(=O)=O)[C@@H]2O[C@H]2O[C@H](COS([O-])(=O)=O)[C@@H](OS([O-])(=O)=O)[C@H](O[C@H]3O[C@H](COS([O-])(=O)=O)[C@@H](OS([O-])(=O)=O)[C@H](O[C@H]4O[C@H](COS([O-])(=O)=O)[C@@H](OS([O-])(=O)=O)[C@H](O[C@H]5O[C@H](COS([O-])(=O)=O)[C@@H](OS([O-])(=O)=O)[C@H](OS([O-])(=O)=O)[C@@H]5OS([O-])(=O)=O)[C@@H]4OS([O-])(=O)=O)[C@@H]3OS([O-])(=O)=O)[C@@H]2OS([O-])(=O)=O)nn1
1763,CCCCCCCCCCCCCCCCCC(=O)NCCCO[C@H]1O[C@H](COS([O-])(=O)=O)[C@@H](OS([O-])(=O)=O)[C@H](OS([O-])(=O)=O)[C@@H]1O[C@H]1O[C@H](COS([O-])(=O)=O)[C@@H](OS([O-])(=O)=O)[C@H](O[C@H]2O[C@H](COS([O-])(=O)=O)[C@@H](OS([O-])(=O)=O)[C@H](O[C@H]3O[C@H](COS([O-])(=O)=O)[C@@H](OS([O-])(=O)=O)[C@H](OS([O-])(=O)=O)[C@@H]3OS([O-])(=O)=O)[C@@H]2OS([O-])(=O)=O)[C@@H]1OS([O-])(=O)=O
1764,CC(C)CCC[C@@H](C)[C@H]1CC[C@H]2[C@@H]3CC[C@H]4C[C@H](CC[C@]4(C)[C@H]3CC[C@]12C)OCc1cn(CCCO[C@H]2O[C@H](COS([O-])(=O)=O)[C@@H](OS([O-])(=O)=O)[C@H](OS([O-])(=O)=O)[C@@H]2O[C@H]2O[C@H](COS([O-])(=O)=O)[C@@H](OS([O-])(=O)=O)[C@H](O[C@H]3O[C@H](COS([O-])(=O)=O)[C@@H](OS([O-])(=O)=O)[C@H](OS([O-])(=O)=O)[C@@H]3OS([O-])(=O)=O)[C@@H]2OS([O-])(=O)=O)nn1
1765,CC(C)CCC[C@@H](C)[C@H]1CC[C@H]2[C@@H]3CC[C@H]4C[C@H](CC[C@]4(C)[C@H]3CC[C@]12C)O[C@H]1O[C@H](COS([O-])(=O)=O)[C@@H](OS([O-])(=O)=O)[C@H](OS([O-])(=O)=O)[C@@H]1O[C@H]1O[C@H](COS([O-])(=O)=O)[C@@H](OS([O-])(=O)=O)[C@H](O[C@H]2O[C@H](COS([O-])(=O)=O)[C@@H](OS([O-])(=O)=O)[C@H](OS([O-])(=O)=O)[C@@H]2OS([O-])(=O)=O)[C@@H]1OS([O-])(=O)=O
1766,CCCc1nc2c(C)cc(cc2n1Cc1ccc(cc1)-c1ccccc1-c1nnn[nH]1)C(=O)NCC(C)c1ccccc1
1767,CCCc1nc2c(C)cc(cc2n1Cc1ccc(cc1)-c1ccccc1-c1nnn[nH]1)C(=O)NCCc1cccc(OC)c1
1768,CCCCc1nc(Cl)c(CO)n1Cc1ccc(cc1)-c1ccccc1-c1nnn[nH]1
1769,CCCc1nc2c(C)cc(cc2n1Cc1ccc(cc1)-c1ccccc1-c1nnn[nH]1)C(=O)NCCc1ccc(OC)c(OC)c1
1770,CCN(CC)CCNC(=O)c1c(C)[nH]c(\C=C2/C(=O)Nc3ccc(I)cc23)c1C
1771,O[C@@H]1CCCCC1N1CCC(CC1)c1ccccc1
1772,O[C@@H]1CCCCC1N1CCC(CC1)c1ccccc1I
1773,COc1cc2nncc(-c3cnc(NC(C)C)c(C)c3)c2cc1OC
1774,CC(C)C[C@@H](NC(=O)[C@@H](CC(C)C)NC(=O)[C@@H](CCCCN)NC(=O)[C@@H](CCC(O)=O)NC(=O)[C@@H](Cc1ccc(cc1)C(F)(F)F)NC(=O)[C@@H](CC(N)=O)NC(=O)[C@@H](C)NC(=O)[C@@H](Cc1ccc(O)cc1)NC(=O)[C@@H](Cc1c[nH]c2ccccc12)NC(=O)[C@@H](C)NC(=O)[C@H](N)[C@@H](C)O)C(=O)N[C@H](CCCN=C(N)N)C(O)=O
1775,COc1cccc(OC)c1OCCNC[C@H]1COc2cccc(Cl)c2O1
1776,COc1cccc(OC)c1OCCNC[C@H]1COc2cccc(F)c2O1
1777,COc1cccc(OC)c1OCCNC[C@H]1COc2ccccc2O1
1778,COc1cccc(OC)c1OCCNC[C@H]1COc2cccc(OC)c2O1
1779,COc1cccc(OC)c1OCCNC[C@H]1COc2cccc(O)c2O1
1780,COc1cccc(OC)c1OCCNC[C@H]1COc2c(OC)cccc2O1
1781,CN1CCN(CC1)C1=Nc2ccccc2Nc2sc(C)cc12
1782,COc1ccccc1N1CCN(CCN2C(=O)CC3(CCCC3)CC2=O)CC1
1783,COc1ccccc1N1CCN(CCc2ccc3OCOc3c2)CC1
1784,CN[C@@H](C)C(=O)N[C@H]1CN(CC[C@H]2CC[C@H](N2C1=O)C(=O)N[C@H](c1cn(CCCCCCCCCCNC(=O)c2ccc(c(c2)C(O)=O)-c2c3ccc(O)cc3oc3cc(=O)ccc23)nn1)c1ccccc1)C(=O)CC(C)C
1785,COC(=O)[C@@H]1[C@H]2CC[C@@H](C[C@@H]1c1ccc(C)cc1)N2C\C=C\CF
1786,COC(=O)[C@@H]1[C@H]2CC[C@@H](C[C@@H]1c1ccc(C)cc1)N2C\C=C\I
1787,FC1CCN(Cc2ccc(OCCCN3CCCCC3)cc2)CC1
1788,CC[C@H](NC(=O)c1c(O)c(nc2ccccc12)-c1ccccc1)c1ccccc1
1789,CN(C(C)=O)C1(CCN(CCC[C@@]2(CCCN(C2)C(=O)c2ccccc2)c2ccc(Cl)c(Cl)c2)CC1)c1ccccc1
1790,CN1CCN(CC1)c1ccc(cc1)-c1nc2ncc(Br)c(N3CCN(Cc4cc(C)on4)CC3)c2[nH]1
1791,Cc1cc(CN2CCN(CC2)c2c(Cl)cnc3nc([nH]c23)-c2cnn(C)c2)no1
1792,Cc1nc(CN2CCN(CC2)c2c(Cl)cnc3nc([nH]c23)-c2cn(C)nc2C)no1
1793,CN1CCN(CC1)c1cccc(c1)-c1nc2ncc(Cl)c(N3CCN(Cc4cc(C)on4)CC3)c2[nH]1
1794,Cc1nn(C)cc1-c1nc2ncc(Cl)c(N3CCN(Cc4ncon4)CC3)c2[nH]1
1795,CC[C@@H]1NC(=O)[C@H]([C@H](O)[C@H](C)C\C=C\C)N(C)C(=O)[C@H](C(C)C)N(C)C(=O)[C@H](C(C)C)N(CC)C(=O)[C@H](CC(C)C)N(C)C(=O)[C@@H](C)NC(=O)[C@H](C)NC(=O)[C@H](CC(C)C)N(C)C(=O)[C@@H](NC(=O)[C@H](CC(C)C)N(C)C(=O)CN(C)C1=O)C(C)C
1796,CC[C@@H]1NC(=O)[C@H]([C@H](O)[C@H](C)C\C=C\C)N(C)C(=O)[C@H](C(C)C)N(C)C(=O)[C@H](C(C)C)N(C)C(=O)[C@H](CC(C)C)N(C)C(=O)[C@@H](C)NC(=O)[C@H](C)NC(=O)[C@H](CC(C)C)N(C)C(=O)[C@@H](NC(=O)[C@H](CC(C)C)N(C)C(=O)CN(C)C1=O)C(C)C
1797,OCc1ccccc1-c1ccc(CO[C@H]2CC[C@@H]([C@H]2OC\C=C/CCC(O)=O)N2CCCCCC2)cc1
1798,CNS(=O)(=O)Cc1ccc(cc1)-c1ccc(COC2CC[C@@H]([C@H]2OC\C=C/CCC(O)=O)N2CCCCCC2)cc1
1799,NC(=O)c1ccc(cc1)-c1ccc(COC2CC[C@@H]([C@H]2OC\C=C/CCC(O)=O)N2CCCCCC2)cc1
1800,OC(=O)CC\C=C/CO[C@H]1C(CC[C@@H]1N1CCCCCC1)OCc1ccc(cc1)-c1ccc(O)cc1
1801,CNS(=O)(=O)Cc1ccccc1-c1ccc(COC2CC[C@@H]([C@H]2OC\C=C/CCC(O)=O)N2CCCCCC2)cc1
1802,CS(=O)(=O)Nc1ccccc1-c1ccc(COC2CC[C@@H]([C@H]2OC\C=C/CCC(O)=O)N2CCCCCC2)cc1
1803,OCc1ccc(cc1)-c1ccc(CO[C@H]2CC[C@@H]([C@H]2OC\C=C/CCC(O)=O)N2CCCCCC2)cc1
1804,NC(=O)Cc1ccccc1-c1ccc(COC2CC[C@@H]([C@H]2OC\C=C/CCC(O)=O)N2CCCCCC2)cc1
1805,NC(=O)Nc1ccccc1-c1ccc(COC2CC[C@@H]([C@H]2OC\C=C/CCC(O)=O)N2CCCCCC2)cc1
1806,OC(=O)CC\C=C/CO[C@H]1[C@H](CC[C@@H]1N1CCCCCC1)OCc1ccc(cc1)-c1ccccc1
1807,OC(=O)CC\C=C/CO[C@H]1C(CC[C@@H]1N1CCCCCC1)OCc1ccc(cc1)-c1ccccc1O
1808,CS(=O)(=O)Nc1ccccc1-c1ccc(CO[C@H]2CC[C@@H]([C@H]2OC\C=C/CCC(O)=O)N2CCCCCC2)cc1
1809,NC(=O)c1ccccc1-c1ccc(COC2CC[C@@H]([C@H]2OC\C=C/CCC(O)=O)N2CCCCCC2)cc1
1810,NC(=O)Cc1ccc(cc1)-c1ccc(COC2CC[C@@H]([C@H]2OC\C=C/CCC(O)=O)N2CCCCCC2)cc1
1811,OCc1ccccc1-c1ccc(CO[C@@H]2CC[C@@H]([C@H]2OC\C=C/CCC(O)=O)N2CCCCCC2)cc1
1812,OC(=O)CC\C=C/CO[C@H]1C(CC[C@@H]1N1CCCCCC1)OCc1ccc(cc1)-c1ccccc1
1813,CC(=O)NCc1ccccc1-c1ccc(COC2CC[C@@H]([C@H]2OC\C=C/CCC(O)=O)N2CCCCCC2)cc1
1814,OCc1ncccc1-c1ccc(CO[C@@H]2CC[C@@H]([C@H]2OC\C=C/CCC(O)=O)N2CCCCCC2)cc1
1815,CCCCc1ccncc1-c1ccc(CO[C@@H]2CC[C@@H]([C@H]2OC\C=C/CCC(O)=O)N2CCCCCC2)cc1
1816,Cc1ccncc1-c1ccc(CO[C@@H]2CC[C@@H]([C@H]2OC\C=C/CCC(O)=O)N2CCCCCC2)cc1
1817,OC(=O)CC\C=C/CO[C@H]1[C@@H](CC[C@@H]1N1CCCCCC1)OCc1ccc(cc1)-c1ccncc1
1818,CCc1cnccc1-c1ccc(CO[C@@H]2CC[C@@H]([C@H]2OC\C=C/CCC(O)=O)N2CCCCCC2)cc1
1819,OCc1cnccc1-c1ccc(CO[C@@H]2CC[C@@H]([C@H]2OC\C=C/CCC(O)=O)N2CCCCCC2)cc1
1820,Cc1cnccc1-c1ccc(CO[C@@H]2CC[C@@H]([C@H]2OC\C=C/CCC(O)=O)N2CCCCCC2)cc1
1821,CCc1ccncc1-c1ccc(CO[C@@H]2CC[C@@H]([C@H]2OC\C=C/CCC(O)=O)N2CCCCCC2)cc1
1822,OCc1cncc(c1)-c1ccc(CO[C@@H]2CC[C@@H]([C@H]2OC\C=C/CCC(O)=O)N2CCCCCC2)cc1
1823,CC(C)(C)c1ccncc1-c1ccc(CO[C@@H]2CC[C@@H]([C@H]2OC\C=C/CCC(O)=O)N2CCCCCC2)cc1
1824,OCc1ccncc1-c1ccc(CO[C@@H]2CC[C@@H]([C@H]2OC\C=C/CCC(O)=O)N2CCCCCC2)cc1
1825,OC(=O)CCc1ccccc1C(=O)N1C(CCC1=O)c1nc(co1)C(=O)NCCCCC1CCCCC1
1826,CCCCN(Cc1ccc(cc1)-c1ccccc1-c1nnn[nH]1)c1ncnc2ccc(nc12)C(O)=O
1827,CCCN(Cc1ccc(cc1)-c1ccccc1-c1nnn[nH]1)c1ncccc1C(O)=O
1828,CCCCN(Cc1ccc(cc1)-c1ccccc1-c1nnn[nH]1)c1ncnc2n(C)nnc12
1829,CCCCN(Cc1ccc(cc1)-c1ccccc1-c1nnn[nH]1)c1ncnc2n(C)c(=O)[nH]c12
1830,CCc1nc(NCc2ccc(cc2)-c2ccccc2-c2nnn[nH]2)c2ncn(C)c2n1
1831,CCCCN(Cc1ccc(cc1)-c1ccccc1-c1nnn[nH]1)c1ncnc2n(C)c(C)nc12
1832,CCCCN(Cc1ccc(cc1)-c1ccccc1-c1nnn[nH]1)c1ncnc2nc[nH]c12
1833,CCc1nc(NCc2ccc(cc2)-c2ccccc2-c2nnn[nH]2)c2cc(OC)ccc2n1
1834,CCCCN(Cc1ccc(cc1)-c1ccccc1-c1nnn[nH]1)c1ncnc2nc(C)[nH]c12
1835,CCc1nc(NCc2ccc(cc2)-c2ccccc2-c2nnn[nH]2)c2ccccc2n1
1836,CCCN(Cc1ccc(cc1)-c1ccccc1-c1nnn[nH]1)c1ncncc1C(O)=O
1837,CCc1nc(NCc2ccc(cc2)-c2ccccc2-c2nnn[nH]2)c2cc(ccc2n1)C(O)=O
1838,CCOC(=O)\C=C1/CC2(CCCC2)CC(=O)N1Cc1ccc(cc1)-c1ccccc1-c1nnn[nH]1
1839,CCOC(=O)\C=C1/C2C(C3CCC2C=C3)C(=O)N1Cc1ccc(cc1)-c1ccccc1-c1nnn[nH]1
1840,CCOC(=O)\C=C1/C2C3CCC(C3)C2C(=O)N1Cc1ccc(cc1)-c1ccccc1-c1nnn[nH]1
1841,CCOC(=O)\C=C1/CC2(CCCC2)C(=O)N1Cc1ccc(cc1)-c1ccccc1-c1nnn[nH]1
1842,CCOC(=O)\C=C1/CC2(CCCCC2)C(=O)N1Cc1ccc(cc1)-c1ccccc1-c1nnn[nH]1
1843,CCOC(=O)\C=C1/CC(CC)(CC)CC(=O)N1Cc1ccc(cc1)-c1ccccc1-c1nnn[nH]1
1844,CCCC1(CC)CC(=O)N(Cc2ccc(cc2)-c2ccccc2-c2nnn[nH]2)\C(C1)=C\C(=O)OCC
1845,CCOC(=O)\C=C1/CC2(CCCCCC2)C(=O)N1Cc1ccc(cc1)-c1ccccc1-c1nnn[nH]1
1846,CCOC(=O)\C=C1/CC(C)(CC(=O)N1Cc1ccc(cc1)-c1ccccc1-c1nnn[nH]1)C(C)C
1847,Clc1ccc2Oc3ccccc3CN(C(=O)NNC(=O)CCSCc3ccco3)c2c1
1848,CC(C)C[C@@H]1NC(=O)[C@@H]2CNC(=O)C[C@H](NC(=O)[C@H](C)CNC1=O)C(=O)N[C@@H](Cc1c[nH]c3ccccc13)C(=O)N[C@@H](Cc1ccccc1)C(=O)N2
1849,CC(C)C[C@@H]1NC(=O)[C@@H]2CNC(=O)C[C@H](NC(=O)[C@H](CSCC3O[C@@H](O)C(O)[C@H](O)[C@H]3O)CNC1=O)C(=O)N[C@@H](Cc1c[nH]c3ccccc13)C(=O)N[C@@H](Cc1ccccc1)C(=O)N2
1850,NCCc1cnc([nH]1)-c1cccc(Br)c1
1851,FC(F)(F)c1cccc(c1)-c1ncc(CCNC2CC2)[nH]1
1852,CCNCCc1cnc([nH]1)-c1cccc(c1)C(F)(F)F
1853,CN(CCc1c[nH]c2ccccc12)C(=O)c1ccccc1C(=O)N(CCCN1CCSCC1)CCc1c[nH]c2ccccc12
1854,O=C(N(CCCN1CCSCC1)CCc1c[nH]c2ccccc12)c1ccccc1C(=O)N(CCCN1CCSCC1)CCc1c[nH]c2ccccc12
1855,NC(N)=Nc1nc(CSCCC(=N)NS(N)(=O)=O)cs1
1856,COc1ccc(CN(CCN(C)CCCCCCN)c2ccccn2)cc1
1857,COc1ccc(CN(CCN(C)CCN)c2ccccn2)cc1
1858,COc1ccc(CN(CCN(C)CCCCCCNC(=O)CCC2=C3N(C(C)C=C3C)[B-](F)(F)n3c(C)cc(C)c23)c2ccccn2)cc1
1859,COc1ccc(CN(CCN(C)CCCCCCNC(=O)c2ccc(c(c2)C(O)=O)-c2c3ccc(O)cc3oc3cc(=O)ccc23)c2ccccn2)cc1
1860,COc1ccc(CN(CCN(C)CCCCCCNC(=O)c2ccc(C(O)=O)c(c2)-c2c3ccc(O)cc3oc3cc(=O)ccc23)c2ccccn2)cc1
1861,COc1ccc(CN(CCN(C)CCCCCCNC(=O)c2ccc(c(c2)C(O)=O)-c2c3ccc(N)cc3oc3cc(=N)ccc23)c2ccccn2)cc1
1862,COc1ccc(CN(CCN(C)CCCCN)c2ccccn2)cc1
1863,COc1ccc(CN(CCN(C)CCCCCCNC(=O)CCCCCNc2ccc([N+]([O-])=O)c3n[o+][n-]c23)c2ccccn2)cc1
1864,COc1ccc(CN(CCN(C)CCCCNC(=O)c2ccc(c(c2)C(O)=O)-c2c3ccc(O)cc3oc3cc(=O)ccc23)c2ccccn2)cc1
1865,COc1ccc(CN(CCN(C)CCNc2ccc([N+]([O-])=O)c3n[o+][n-]c23)c2ccccn2)cc1
1866,C\C(\C=C\c1ccccc1)=N/OCC(O)CNC(C)(C)C
1867,CC(C)=NOCC(O)CNC(C)(C)C
1868,CC(C)CNCC(O)COc1ccccc1C
1869,COC(=O)c1ccccc1OCC(O)CNC(C)(C)C
1870,NC(N)=Nc1nc(CSCCNc2ns(=O)nc2N)cs1
1871,CC(C)(C)COCC(O)CNC(C)(C)C
1872,CC(C)(C)NCC(O)CO\N=C(\CC(=O)C(C)(C)C)C1CC1
1873,CC(C)NCC(O)COC1=CC(=O)C(=O)c2ccccc12
1874,CCC(CC)=NOCC(O)CNC(C)C
1875,CC(C)NCC(O)CON=C(C(C)C)C(C)C
1876,CCCC(CCC)=NOCC(O)CNC(C)(C)C
1877,CC(C)(C)NC[C@@H](O)CON=C(C1CC1)C1CC1
1878,C\C(=N/OC[C@H](O)CNC(C)(C)C)C1CC1
1879,CC(C)(C)NCC(O)COC(=O)c1cccs1
1880,CC(C)NCC(O)COc1ccc(CCS(=O)(=O)CC2CCCCC2)cc1
1881,CC(C)NCC(O)COc1ccc(CCOC2CCCCC2)cc1
1882,CC(C)NCC(O)COc1ccc(CCS(=O)(=O)CC2CCC2)cc1
1883,OC(CNC1CC1)COc1ccc(CCOCC2CCC2)cc1
1884,COc1ccc(CCNCC(O)COc2ccc(CCOCC3CCC3)cc2)cc1OC
1885,O[C@H](COc1cccc2ccccc12)[C@H]1CCCCN1
1886,COc1ccccc1CNCCCCCCCNCCCCCCCCNCCCCCCCNCc1ccccc1OC
1887,C(CCCCNCCCCCCNCc1ccco1)CCCNCCCCCCNCc1ccco1
1888,Cc1ccc(CNCCCCCCNCCCCCCCCNCCCCCCNCc2ccc(C)o2)o1
1889,CSc1ccccc1CNCCCCCCNCCCCCCCCNCCCCCCNCc1ccccc1SC
1890,CC\C=C/CCSCC1C2CCC(O2)C1C\C=C/CCCC(O)=O
1891,NC(NCCCc1cnc[nH]1)=NCCC(c1ccc(F)cc1)c1ccccn1
1892,CCOc1ccc(C[C@@H](NC(=O)Cc2ccccc2)C(=O)N[C@@H](Cc2ccccc2)C(=O)N[C@@H](C(C)C)C(=O)N[C@@H](CC(N)=O)C(=O)N[C@@H](CCCCN)C(=O)N2CCC[C@@H]2C(=O)N[C@@H](CCCN=C(N)N)C(N)=O)cc1
1893,CCOc1ccc(C[C@@H](NC(=O)Cc2ccccc2)C(=O)N[C@@H](Cc2ccccc2)C(=O)N[C@@H](C(C)C)C(=O)N[C@@H](CC(N)=O)C(=O)NCCCC(=O)N2CCC[C@@H]2C(=O)N[C@@H](CCCNC(N)=N)C(=O)N[C@@H](CCCNC(N)=N)C(N)=O)cc1
1894,CCOc1ccc(C[C@@H](NC(=O)CC23C[C@H]4C[C@H](C[C@H](C4)C2)C3)C(=O)N[C@@H](Cc2ccccc2)C(=O)N[C@@H](C(C)C)C(=O)N[C@@H](CC(N)=O)C(=O)NCCCC(=O)N2CCC[C@@H]2C(=O)N[C@@H](CCCNC(N)=N)C(=O)N[C@@H](CCCNC(N)=N)C(N)=O)cc1
1895,OC(=O)CCC\C=C/C[C@H]1[C@@H]2CCC(O2)[C@H]1CNNC(=O)Nc1ccccc1
1896,CC[C@H](C)[C@H](NC(=O)[C@@H](C[C@H](O)[C@H](CC(C)C)NC(=O)[C@H](Cc1cnc[nH]1)NC(=O)[C@H](Cc1ccccc1)NC(=O)[C@@H]1CCCN1C(C)=O)C(C)C)C(N)=O
1897,CC[C@H](C)[C@H](NC(=O)C[C@H](O)[C@H](CC(C)C)NC(=O)[C@H](Cc1cnc[nH]1)NC(=O)[C@H](Cc1ccccc1)NC(=O)[C@@H]1CCCN1C(=O)[C@H](Cc1cnc[nH]1)NC(C)=O)C(N)=O
1898,CCC(C)CNC(=O)[C@H](Cc1ccccc1)NC[C@H](Cc1ccccc1)NC(=O)[C@H](Cc1cnc[nH]1)NC(=O)[C@H](Cc1ccccc1)NC(=O)[C@@H]1CCCN1C(C)=O
1899,CC[C@H](C)[C@H](NC(=O)CC(O)[C@H](CC(C)C)NC(=O)[C@H](Cc1cnc[nH]1)NC(=O)[C@H](Cc1ccccc1)NC(=O)[C@@H]1CCCN1C(=O)[C@H](Cc1cnc[nH]1)NC(=O)CC(C)C)C(=O)N[C@@H](Cc1ccccc1)C(N)=O
1900,CC[C@H](C)[C@H](NC(=O)[C@@H](NC[C@H](CC(C)C)NC(=O)[C@H](Cc1cnc[nH]1)NC(=O)[C@H](Cc1ccccc1)NC(=O)[C@@H]1CCCN1C(=O)[C@H](Cc1cnc[nH]1)NC(=O)[C@@H]1CCCN1)C(C)C)C(=O)N[C@@H](Cc1cnc[nH]1)C(=O)N[C@@H](CCCCN)C(O)=O
1901,CC[C@H](C)[C@H](NC(=O)[C@@H](C[C@H](O)[C@H](CC(C)C)NC(=O)[C@H](Cc1cnc[nH]1)NC(=O)[C@H](Cc1ccccc1)NC(=O)[C@H]1CCCN1C(C)=O)C(C)C)C(N)=O
1902,CCC(C)NC=Nc1ccc(cc1)-c1c[nH]cn1
1903,CC(C)CNC=Nc1ccc(cc1)-c1c[nH]cn1
1904,CC[C@@H](C)[C@@H]1NC(=O)[C@@H](Cc2ccc(O)cc2)NC(=O)[C@H](N)C(C)(C)SSC[C@H](NC(=O)[C@H](CC(N)=O)NC(=O)[C@@H](CCC(N)=O)NC1=O)C(=O)N1CCC[C@@H]1C(=O)N[C@@H](CCCCN)C(=O)NCC(N)=O
1905,CC[C@@H](C)[C@@H]1NC(=O)[C@@H](Cc2ccc(O)cc2)NC(=O)CCSSC[C@@H]2NC(=O)[C@@H](CC(N)=O)NC(=O)[C@@H](CCC(=O)NCCCC[C@@H](NC(=O)[C@H]3CCCN3C2=O)C(=O)NCC(N)=O)NC1=O
1906,CC[C@@H](C)[C@@H]1NC(=O)[C@@H](Cc2ccc(O)cc2)NC(=O)[C@H](N)C(C)(C)SSC[C@@H]2NC(=O)[C@@H](CC(N)=O)NC(=O)[C@@H](CCC(=O)NCCCC[C@@H](NC(=O)[C@H]3CCCN3C2=O)C(=O)NCC(N)=O)NC1=O
1907,COc1ccccc1CN[C@H]1CCCN[C@H]1c1ccccc1
1908,CN(CCCCCCCCN(C)CCCCCCN(CC(=O)N1c2ccccc2C(=O)Nc2cccnc12)CC(=O)N1c2ccccc2C(=O)Nc2cccnc12)CCCCCCNCC(=O)N1c2ccccc2C(=O)Nc2cccnc12
1909,CN(CCCCCCN)CCCCCCCCN(C)CCCCCCNCC(=O)N1c2ccccc2C(=O)Nc2cccnc12
1910,CN(CCCCCCCCN(C)CCCCCCN(CC(=O)N1c2ccccc2C(=O)Nc2cccnc12)CC(=O)N1c2ccccc2C(=O)Nc2cccnc12)CCCCCCN(CC(=O)N1c2ccccc2C(=O)Nc2cccnc12)CC(=O)N1c2ccccc2C(=O)Nc2cccnc12
1911,CN(CCCCCCN)CCCCCCCCN(C)CCCCCCN(CC(=O)N1c2ccccc2C(=O)Nc2cccnc12)CC(=O)N1c2ccccc2C(=O)Nc2cccnc12
1912,COc1ccccc1CNCCCCCCN(C)CCCCCCCCN(C)CCCCCCNCc1ccccc1OC
1913,COc1ccccc1CNCCCCCCN(C)CCCCCCCCN(C)CCCCCCNCC(=O)N1c2ccccc2C(=O)Nc2cccnc12
1914,CCN(CC)CCCCC1CCN(CC(=O)N2c3ccccc3C(=O)Nc3cccnc23)CC1
1915,COc1ccccc1CNCCCCCCN(C)CCCCCCCCN(C)CCCCCCN(CC(=O)N1c2ccccc2C(=O)Nc2cccnc12)CC(=O)N1c2ccccc2C(=O)Nc2cccnc12
1916,COc1ccccc1CN(CCCCCCN(C)CCCCCCCCN(C)CCCCCCNCC(=O)N1c2ccccc2C(=O)Nc2cccnc12)CC(=O)N1c2ccccc2C(=O)Nc2cccnc12
1917,CCN1[C@@H](Cc2ccc(O)cc2)C(=O)N[C@H](Cc2ccccc2)C(=O)N[C@@H](C(C)C)C(=O)N[C@H](CC(N)=O)C(=O)N[C@@H](CSSC2(CCCCC2)CC1=O)C(=O)N1CCC[C@H]1C(=O)N[C@@H](CCCNC(N)=N)C(=O)NCC(N)=O
1918,CC[C@H](C)[C@H]1NC(=O)[C@H](Cc2cc3ccccc3[nH]2)NC(=O)CC2(CCCCC2)SSC[C@H](NC(=O)[C@@H](CC(N)=O)NC(=O)[C@H](CCC(N)=O)NC1=O)C(=O)N1CCC[C@H]1C(=O)N[C@@H](CCCNC(N)=N)C(=O)NCC(N)=O
1919,CCN1[C@H](Cc2ccc(O)cc2)C(=O)N[C@H](Cc2ccccc2)C(=O)N[C@@H](C(C)C)C(=O)N[C@H](CC(N)=O)C(=O)N[C@@H](CSSC2(CCCCC2)CC1=O)C(=O)N1CCC[C@H]1C(=O)N[C@@H](CCCNC(N)=N)C(=O)NCC(N)=O
1920,CC[C@H](C)[C@H]1NC(=O)[C@H](Cc2ccc(O)cc2)N(C)C(=O)CC2(CCCCC2)SSC[C@@H](NC(=O)[C@@H](CC(N)=O)NC(=O)[C@@H](NC1=O)[C@@H](C)O)C(=O)N1CCC[C@H]1C(=O)N[C@@H](CCCN)C(O)=O
1921,S=C(NCCCCCCc1cnc[nH]1)Nc1ccccc1
1922,CNC(=S)NCCCCCc1cnc[nH]1
1923,CCNC(=S)NCCCCCc1cnc[nH]1
1924,Cn1ccc2cc3N(CCc3cc12)C(=O)Nc1cccnc1
1925,Cn1ccc2c3CCN(C(=O)Nc4cccnc4)c3ccc12
1926,CC[C@H](C)[C@H](NC(=O)[C@@H](Cc1c[nH]c2ccccc12)NC(=O)CC1(S)CCCCC1)C(=O)N[C@@H](CCC(O)=O)C(=O)N[C@@H](CC(N)=O)C(=O)N[C@@H](C(=O)N1CCC[C@@H]1C(=O)N[C@@H](CCCNC(N)=N)C(=O)NCC(N)=O)C(C)(C)S
1927,CC[C@H](C)[C@H](NC(=O)[C@@H](Cc1c[nH]c2ccccc12)NC(=O)CC1(S)CCCCC1)C(=O)N[C@@H](CCC(O)=O)C(=O)N[C@@H](CC(N)=O)C(=O)N[C@@H](CS)C(=O)N1CCC[C@H]1C(=O)N[C@@H](CCCNC(N)=N)C(=O)NCC(N)=O
1928,CC[C@H](C)[C@H](NC(=O)[C@@H](Cc1c[nH]c2ccccc12)NC(=O)CC1(S)CCCCC1)C(=O)N[C@@H](CCC(O)=O)C(=O)N[C@@H](CC(N)=O)C(=O)N[C@H](CS)C(=O)N1CCC[C@@H]1C(=O)N[C@@H](CCCNC(N)=N)C(=O)NCC(N)=O
1929,CC[C@H](C)[C@H](NC(=O)[C@@H](Cc1c[nH]c2ccccc12)NC(=O)CC1(S)CCCCC1)C(=O)N[C@@H](CCC(O)=O)C(=O)N[C@@H](CC(N)=O)C(=O)N[C@@H](CS)C(=O)N1CCC[C@@H]1C(=O)N[C@H](CCCNC(N)=N)C(=O)NCC(N)=O
1930,CN1CCC2=C(C1)C(c1ccccc21)c1ccccc1
1931,Cc1ccc(cc1)C(=C/CN1CCCC1)\c1ccccn1
1932,CN(C)CCO[C@H](c1ccccc1)c1ccc(C)cc1
1933,NCCCCc1cnc[nH]1
1934,NC(=N)SCCCc1cnc[nH]1
1935,NCCCCCc1cnc[nH]1
1936,NCCCCCCc1cnc[nH]1
1937,COC(=O)c1c(no[n+]1[O-])C(=O)N1CCN(CC1)c1nc(N)c2cc(OC)c(OC)cc2n1
1938,COc1cc2nc(nc(N)c2cc1OC)N1CCN(CC1)C(=O)c1no[n+]([O-])c1C#N
1939,COc1cc2nc(nc(N)c2cc1OC)N1CCN(CC1)C(=O)c1ccco1
1940,COc1cc2nc(nc(N)c2cc1OC)N1CCN(CC1)S(=O)(=O)c1no[n+]([O-])c1-c1ccccc1
1941,COc1cc2nc(nc(N)c2cc1OC)N1CCN(CC1)S(=O)(=O)c1nonc1-c1ccccc1
1942,COc1cc2nc(nc(N)c2cc1OC)N1CCN(CC1)C(=O)c1no[n+]([O-])c1C(N)=O
1943,COc1cc2nc(nc(N)c2cc1OC)N1CCN(CC1)S(=O)(=O)c1no[n+]([O-])c1/C1=C/C=C\C=C/C=C\1
1944,Cc1cc(NC(=O)Nc2ccc3sccc3c2)sn1
1945,C\C(\C=C\C=C(/C)\C=C1\CCCC=C1)=C/C(O)=O
1946,CCC1=C(C(C)C)\C(CCC1)=C\C(\C)=C/C=C/C(/C)=C/C(O)=O
1947,Cc1coc2cc3N(CCc3cc12)C(=O)Nc1cccnc1
1948,CCn1ccc2cc3N(CCc3cc12)C(=O)Nc1cccnc1
1949,O=C(Nc1cccnc1)N1CCc2cc3sccc3cc12
1950,CN1CCc2cc3N(CCc3cc12)C(=O)Nc1cccnc1
1951,CC(C)n1ccc2cc3N(CCc3cc12)C(=O)Nc1cccnc1
1952,Cc1cn(C)c2cc3CCN(C(=O)Nc4ccccc4)c3cc12
1953,COc1ccccc1CN(C[C@@H](Cc1c[nH]c2ccccc12)NC(=O)CN1CCC(CC1)N1CCCCC1)C(C)=O
1954,NC(=N)NCCCCC(=O)N1CCC[C@@H]1C(=O)N1C[C@@H](O)C[C@@H]1C(=O)NCC(=O)N[C@@H](Cc1cccs1)C(=O)N[C@@H](CO)C(=O)N1Cc2ccccc2C[C@@H]1C(=O)N(CC(=O)N[C@@H](CCCNC(N)=N)C(O)=O)C1CCCCC1
1955,N[C@@H](CCCN=C(N)N)C(=O)N[C@@H](CCCN=C(N)N)C(=O)N1CCC[C@H]1C(=O)N1C[C@H](O)C[C@H]1C(=O)NCC(=O)N[C@@H](Cc1cccs1)C(=O)N[C@@H](CO)C(=O)N[C@H](Cc1ccccc1)C(=O)N(CC(=O)N[C@@H](CCCN=C(N)N)C(O)=O)c1ccccc1
1956,N[C@@H](CCCN=C(N)N)C(=O)N[C@@H](CCCN=C(N)N)C(=O)N1CCC[C@H]1C(=O)N1C[C@H](O)C[C@H]1C(=O)NCC(=O)N[C@@H](Cc1cccs1)C(=O)N[C@@H](CO)C(=O)N1Cc2ccccc2C[C@@H]1C(=O)N(CC(=O)N[C@@H](CCCN=C(N)N)C(O)=O)C1CCCC1
1957,NC(=N)NCCCCC(=O)N[C@@H](CCCNC(N)=N)C(=O)N1CCC[C@@H]1C(=O)N1C[C@@H](O)C[C@@H]1C(=O)NCC(=O)N[C@@H](Cc1cccs1)C(=O)N[C@@H](CO)C(=O)N1Cc2ccccc2C[C@@H]1C(=O)N(CC(=O)N[C@@H](CCCNC(N)=N)C(O)=O)C1CCCCC1
1958,N[C@@H](CCCN=C(N)N)C(=O)N[C@@H](CCCN=C(N)N)C(=O)N1CCC[C@@H]1C(=O)N1C[C@@H](O)C[C@@H]1C(=O)NCC(=O)N[C@@H](Cc1ccccc1)C(=O)N[C@@H](CO)C(=O)N1Cc2ccccc2C[C@@H]1C(=O)N(CC(=O)N[C@@H](CCCN=C(N)N)C(O)=O)C1CCCCC1
1959,CSCC[C@@H](NC(=O)[C@@H](CC(C)C)NC(=O)[C@@H](Cc1c[nH]c2ccccc12)NC(=O)[C@@H](CCC(N)=O)NC(=O)[C@H](NC(=O)[C@@H](Cc1ccccc1)NC(=O)[C@@H](CC(O)=O)NC(=O)[C@@H](CCC(N)=O)NC(=O)[C@@H](C)NC(=O)[C@@H](CCCNC(N)=N)NC(=O)[C@@H](CCCNC(N)=N)NC(=O)[C@@H](CO)NC(=O)[C@@H](CC(O)=O)NC(=O)[C@@H](CC(C)C)NC(=O)[C@@H](Cc1ccc(O)cc1)NC(=O)[C@@H](CCCCN)NC(=O)[C@@H](CO)NC(=O)[C@@H](Cc1ccc(O)cc1)NC(=O)[C@@H](CCC(O)=O)NC(=O)[C@@H](CO)NC(=O)[C@H](NC(=O)[C@H](NC(=O)CNC(=O)[C@@H](CCC(N)=O)NC(=O)[C@H](N)CO)[C@H](C)O)[C@H](C)O)C(C)C)C(=O)N[C@H](CC(N)=O)C(=O)N[C@H]([C@H](C)O)C(N)=O
1960,Brc1cccc(c1)-c1c[nH]c(SCCc2cnc[nH]2)n1
1961,Clc1ccc(cc1)-c1c[nH]c(SCCc2cnc[nH]2)n1
1962,C(Cc1cnc[nH]1)Sc1nc(c[nH]1)-c1ccccc1
1963,[O-][N+](=O)c1ccc(cc1)-c1c[nH]c(SCCc2cnc[nH]2)n1
1964,CNCC(=O)N[C@@H](CCCNC(N)=N)C(=O)N[C@@H](C(C)C)C(=O)N[C@@H](Cc1ccc(O)cc1)C(=O)N[C@@H](C(C)C)C(=O)N[C@@H](Cc1cnc[nH]1)C(=O)N1CCC[C@H]1C(=O)N[C@H](Cc1ccc2ccccc2c1)C(O)=O
1965,CC(O)C(NC(C)=O)C(=O)N[C@H](Cc1cc2ccccc2n1C(C)=O)C(=O)NC(Cc1ccccc1)C(=O)N(C)Cc1ccccc1
1966,CC(O)C(NC(C)=O)C(=O)N[C@H](Cc1cc2ccccc2n1C(C)=O)C(=O)N1C2CCCCC2CC1C(=O)N(C)Cc1ccccc1
1967,CN1C2CCC1C(C2)c1ccc(F)cc1
1968,CN1C2CCC1C(C2)c1ccc(Br)cc1
1969,Fc1ccc(cc1)C1CC2CCC1N2
1970,Clc1ccc(cc1)C1CC2CCC1N2
1971,CCN1C2CCC1C(C2)c1ccc(Cl)cc1
1972,Brc1ccc(cc1)C1CC2CCC1N2
1973,COc1cc2nc(nc(N)c2cc1OC)N(C)CCCCCCN(C)C(=O)c1ccccc1CN(C)C
1974,COc1cc2nc(nc(N)c2cc1OC)N(C)CCCCCCN(C)C(=O)c1ccccc1
1975,CNCCCCCCN(C)Cc1cccc(c1)C(=O)N(C)CCCCCCN(C)c1nc(N)c2cc(OC)c(OC)cc2n1
1976,COc1cc2nc(nc(N)c2cc1OC)N(C)CCSSCCN(C)C(=O)c1ccc(CCl)o1
1977,COc1cc2nc(nc(N)c2cc1OC)N(C)CCCCCCN(C)C(=O)c1cccc(CN)c1
1978,COc1cc2nc(nc(N)c2cc1OC)N(C)CCCCCCN(C)C(=O)c1ccc(CCl)o1
1979,CNCCCCCCN(C)Cc1ccc(cc1)C(=O)N(C)CCCCCCN(C)c1nc(N)c2cc(OC)c(OC)cc2n1
1980,COc1cc2nc(nc(N)c2cc1OC)N(C)CCCCCCN(C)C(=O)c1ccc(CCl)cc1
1981,COc1cc2nc(nc(N)c2cc1OC)N(C)CCCCCCN(C)C(=O)c1cccc(CN2CCSC2)c1
1982,COc1cc2nc(nc(N)c2cc1OC)N(C)CCCCCCN(C)C(=O)c1ccco1
1983,COc1cc2nc(nc(N)c2cc1OC)N(C)CCCCCCN(C)C(=O)c1ccc(CN(C)C)o1
1984,COc1cc2nc(nc(N)c2cc1OC)N(C)CCSSCCN(C)C(=O)c1ccco1
1985,COc1cc2nc(nc(N)c2cc1OC)N(C)CCSSCCN(C)C(=O)c1ccc(CN(C)C)o1
1986,COc1cc2nc(nc(N)c2cc1OC)N(C)CCCCCCN(C)C(=O)c1ccccc1CNCCCCCCN
1987,COc1cc2nc(nc(N)c2cc1OC)N(C)CCCCCCN(C)C(=O)c1cccc(CN(C)C)c1
1988,COc1cc2nc(nc(N)c2cc1OC)N(C)CCCCCCN(C)C(=O)c1ccccc1CCl
1989,COc1cc2nc(nc(N)c2cc1OC)N(C)CCCCCCN(C)C(=O)c1ccc(CN(C)C)cc1
1990,NCCCC[C@H](N)C(=O)N[C@@H](CCCCN)C(=O)N[C@@H](CCCNC(N)=N)C(=O)N1CCC[C@H]1C(=O)N1CC(O)C[C@H]1C(=O)NCC(=O)N[C@@H](C1Cc2ccccc2C1)C(=O)N[C@@H](CO)C(=O)N[C@H](C1Cc2ccccc2C1)C(=O)N1C(C[C@@H]2CCCC[C@H]12)C(O)=O
1991,N[C@H](CCCNC(N)=N)C(=O)N[C@@H](CCCNC(N)=N)C(=O)N1CCC[C@H]1C(=O)N1CC(O)C[C@H]1C(=O)NCC(=O)N[C@@H](C1Cc2ccccc2C1)C(=O)N[C@@H](CO)C(=O)N[C@H](C1Cc2ccccc2C1)C(=O)N1C(C[C@@H]2CCCC[C@H]12)C(=O)N[C@H](CCCNC(N)=N)C(O)=O
1992,CN1C[C@H](COC(=O)C2CCCCCC2)C=C2[C@H]1Cc1c[nH]c3cccc2c13
1993,CC(C)n1cc2C[C@@H]3[C@H](C[C@@H](COC(=O)C4CC4)CN3C)c3cccc1c23
1994,CC(C)n1cc2C[C@@H]3[C@H](C=C(COC(=O)C4CCCC4)CN3C)c3cccc1c23
1995,CC(C)n1cc2C[C@@H]3[C@H](C=C(COC(=O)C4CCC4)CN3C)c3cccc1c23
1996,CC(C)n1cc2C[C@@H]3[C@H](C[C@@H](COC(=O)C4CCCC4)CN3C)c3cccc1c23
1997,CC(C)n1cc2C[C@H]3N(C)C[C@H](COC(=O)C4CC4)C=C3c3cccc1c23
1998,CC(C)n1cc2C[C@H]3N(C)C[C@H](COC(=O)C4CCCCCC4)C=C3c3cccc1c23
1999,CO[C@H]1CC[C@@H](CC1)C(=O)OCC1=C[C@H]2[C@@H](Cc3cn(C(C)C)c4cccc2c34)N(C)C1
2000,CC(C)n1cc2C[C@@H]3[C@H](C=C(CO)CN3C)c3cccc1c23
2001,CC(C)n1cc2C[C@@H]3[C@H](C=C(C)CN3C)c3cccc1c23
2002,CC(C)n1cc2C[C@H]3N(C)C[C@H](COC(=O)C4CCCCC4)C=C3c3cccc1c23
2003,CN1CC(COC(=O)C2CCCCCC2)=C[C@H]2[C@H]1Cc1c[nH]c3cccc2c13
2004,CC(C)n1cc2C[C@@H]3[C@H](C=C(COC(=O)C4CCCCC4)CN3C)c3cccc1c23
2005,CC(C)n1cc2C[C@@H]3[C@H](C=C(COC(=O)C4CCCCCC4)CN3C)c3cccc1c23
2006,CN1C[C@H](COC(=O)C2CC2)C=C2[C@H]1Cc1c[nH]c3cccc2c13
2007,CN1C[C@H](COC(=O)C2CCCCC2)C=C2[C@H]1Cc1c[nH]c3cccc2c13
2008,CN1C[C@H](CO)C=C2[C@H]1Cc1c[nH]c3cccc2c13
2009,CC(C)n1cc2C[C@@H]3[C@H](C[C@@H](CO)CN3C)c3cccc1c23
2010,CC(C)n1cc2C[C@H]3N(C)C[C@H](COC(=O)C4CCCC4)C=C3c3cccc1c23
2011,[O-][N+](=O)c1ccc(OCCCN2CCC(CC2)Nc2nc3ccccc3s2)cc1
2012,CNCCc1cnc(CCC(c2ccccc2)c2ccccc2)[nH]1
2013,C(Cc1cnc(CCC(c2ccccc2)c2ccccc2)[nH]1)NC1CC1
2014,NCCc1cnc(CCC(c2ccccc2)c2ccccc2)[nH]1
2015,CN(C)CCc1cnc(CCC(c2ccccc2)c2ccccc2)[nH]1
2016,C(Cc1ncc(CCN2CCCC2)[nH]1)C(c1ccccc1)c1ccccc1
2017,Ic1cccc(CNC(=S)N2CCC(CC2)c2cnc[nH]2)c1
2018,CC(C)(C)c1ccccc1CNC(=S)N1CCC(CC1)c1cnc[nH]1
2019,C(CCc1ccccc1)Cc1cnc[nH]1
2020,C(Cc1cnc[nH]1)C1CCNCC1
2021,Clc1ccc(Cc2noc(CCCc3cnc[nH]3)n2)cc1
2022,Ic1ccc(COCCCc2cnc[nH]2)cc1
2023,S=C(NC1CCCCC1)N1CCC(CC1)c1cnc[nH]1
2024,CC(C)C[C@H](NC(=O)[C@@H](Cc1ccc(NC(=O)[C@H]2CC(=O)NC(=O)N2)cc1)NC(=O)[C@H](Cc1ccc(NC(=O)[C@H]2CC(=O)NC(=O)N2)cc1)NC(=O)[C@H](CO)NC(=O)[C@@H](Cc1cccnc1)NC(=O)[C@@H](Cc1ccc(Cl)cc1)NC(=O)[C@@H](Cc1ccc2ccccc2c1)NC(C)=O)C(=O)N[C@@H](CCCCNC(C)C)C(=O)N1CCC[C@H]1C(=O)N[C@H](C)C(N)=O
2025,CC(C)C[C@H](NC(=O)[C@@H](Cc1ccc(CNC(C)=O)cc1)NC(=O)[C@H](Cc1ccc(NC(=O)[C@@H]2CC(=O)NC(=O)N2)cc1)NC(=O)[C@H](CO)NC(=O)[C@@H](Cc1cccnc1)NC(=O)[C@@H](Cc1ccc(Cl)cc1)NC(=O)[C@@H](Cc1ccc2ccccc2c1)NC(C)=O)C(=O)N[C@@H](CCCCNC(C)C)C(=O)N1CCC[C@H]1C(=O)N[C@H](C)C(N)=O
2026,CC(C)C[C@H](NC(=O)[C@@H](Cc1ccc(NC(N)=O)cc1)NC(=O)[C@H](Cc1ccc(NC(N)=O)cc1)NC(=O)[C@H](CO)NC(=O)[C@@H](Cc1cccnc1)NC(=O)[C@@H](Cc1ccc(Cl)cc1)NC(=O)[C@@H](Cc1ccc2ccccc2c1)NC(C)=O)C(=O)N[C@@H](CCCCNC(C)C)C(=O)N1CCC[C@H]1C(=O)N[C@H](C)C(N)=O
2027,CC(C)C[C@H](NC(=O)[C@@H](Cc1ccc(Nc2nnc(N)[nH]2)cc1)NC(=O)[C@H](Cc1ccc(Nc2nnc(N)[nH]2)cc1)NC(=O)[C@H](CO)NC(=O)[C@@H](Cc1cccnc1)NC(=O)[C@H](Cc1ccc(Cl)cc1)NC(=O)[C@H](Cc1ccc2ccccc2c1)NC(C)=O)C(=O)N[C@@H](CCCCNC(C)C)C(=O)N1CCC[C@H]1C(=O)N[C@@H](C)C(N)=O
2028,CC(C)C[C@H](NC(=O)[C@@H](Cc1ccc(CNC(N)=O)cc1)NC(=O)[C@H](Cc1ccc(NC(=O)[C@H]2CC(=O)NC(=O)N2)cc1)NC(=O)[C@H](CO)NC(=O)[C@@H](Cc1cccnc1)NC(=O)[C@@H](Cc1ccc(Cl)cc1)NC(=O)[C@@H](Cc1ccc2ccccc2c1)NC(C)=O)C(=O)N[C@@H](CCCCNC(C)C)C(=O)N1CCC[C@H]1C(=O)N[C@H](C)C(N)=O
2029,CCNC(=O)Nc1ccc(C[C@H](NC(=O)[C@H](CO)NC(=O)[C@@H](Cc2cccnc2)NC(=O)[C@@H](Cc2ccc(Cl)cc2)NC(=O)[C@@H](Cc2ccc3ccccc3c2)NC(C)=O)C(=O)N[C@H](Cc2ccc(NC(=O)NCC)cc2)C(=O)N[C@@H](CC(C)C)C(=O)N[C@@H](CCCCNC(C)C)C(=O)N2CCC[C@H]2C(=O)N[C@H](C)C(N)=O)cc1
2030,CCNC(=O)[C@@H]1CCCN1C(=O)[C@H](CCCCNC(C)C)NC(=O)[C@H](CC(C)C)NC(=O)[C@@H](Cc1ccc(CNC(N)=O)cc1)NC(=O)[C@H](Cc1ccc(NC(=O)[C@H]2CC(=O)NC(=O)N2)cc1)NC(=O)[C@H](CO)NC(=O)[C@@H](Cc1cccnc1)NC(=O)[C@@H](Cc1ccc(Cl)cc1)NC(=O)[C@@H](Cc1ccc2ccccc2c1)NC(C)=O
2031,CC(C)C[C@H](NC(=O)[C@@H](Cc1ccc(NC(N)=O)cc1)NC(=O)[C@H](Cc1ccc(NC(=O)[C@H]2CC(=O)NC(=O)N2)cc1)NC(=O)[C@H](CO)NC(=O)[C@@H](Cc1cccnc1)NC(=O)[C@@H](Cc1ccc(Cl)cc1)NC(=O)[C@@H](Cc1ccc2ccccc2c1)NC(C)=O)C(=O)N[C@@H](CCCCNC(C)C)C(=O)N1CCC[C@H]1C(=O)N[C@H](C)C(N)=O
2032,CC(C)C[C@H](NC(=O)[C@@H](CC(N)=O)NC(=O)[C@H](Cc1ccc(O)cc1)N(C)C(=O)[C@H](CO)NC(=O)[C@@H](Cc1cccnc1)NC(=O)[C@@H](Cc1ccc(Cl)cc1)NC(=O)[C@@H](Cc1ccc2ccccc2c1)NC(C)=O)C(=O)N[C@@H](CCCCNC(C)C)C(=O)N1CCC[C@H]1C(=O)N[C@H](C)C(N)=O
2033,CC(C)C[C@H](NC(=O)[C@@H](CCC(=O)NC(Cc1ccc2ccccc2c1)C(O)=O)NC(=O)[C@H](CCCNC(N)=N)NC(=O)[C@H](CO)NC(=O)[C@@H](Cc1cccnc1)NC(=O)[C@@H](Cc1ccc(Cl)cc1)NC(=O)[C@@H](Cc1ccc2ccccc2c1)NC(C)=O)C(=O)N[C@@H](CCCCNC(C)C)C(=O)N1CCC[C@H]1C(=O)N[C@H](C)C(N)=O
2034,CC(C)C[C@H](NC(=O)[C@@H](Cc1ccc(NC(C)=O)cc1)NC(=O)[C@H](Cc1ccc(NC(=O)[C@H]2CC(=O)NC(=O)N2)cc1)NC(=O)[C@H](CO)NC(=O)[C@@H](Cc1cccnc1)NC(=O)[C@@H](Cc1ccc(Cl)cc1)NC(=O)[C@@H](Cc1ccc2ccccc2c1)NC(C)=O)C(=O)N[C@@H](CCCCNC(C)C)C(=O)N1CCC[C@H]1C(=O)N[C@H](C)C(N)=O
2035,CC(C)C[C@H](NC(=O)[C@@H](Cc1ccc(NC(C)=O)cc1)NC(=O)[C@H](Cc1ccc(NC(=O)[C@@H]2CC(=O)NC(=O)N2)cc1)NC(=O)[C@H](CO)NC(=O)[C@@H](Cc1cccnc1)NC(=O)[C@@H](Cc1ccc(Cl)cc1)NC(=O)[C@@H](Cc1ccc2ccccc2c1)NC(C)=O)C(=O)N[C@@H](CCCCNC(C)C)C(=O)N1CCC[C@H]1C(=O)N[C@H](C)C(N)=O
2036,CC(C)C[C@H](NC(=O)[C@@H](Cc1ccc(NC(C)=O)cc1)NC(=O)[C@H](Cc1ccc(NC(=O)[C@@H]2CC(=O)NC(=O)N2)cc1)N(C)C(=O)[C@H](CO)NC(=O)[C@@H](Cc1cccnc1)NC(=O)[C@@H](Cc1ccc(Cl)cc1)NC(=O)[C@@H](Cc1ccc2ccccc2c1)NC(C)=O)C(=O)N[C@@H](CCCCNC(C)C)C(=O)N1CCC[C@H]1C(=O)N[C@H](C)C(N)=O
2037,CC(C)C[C@H](NC(=O)[C@@H](Cc1ccc(NC(C)=O)cc1)NC(=O)[C@H](Cc1ccc(NC(C)=O)cc1)NC(=O)[C@H](CO)NC(=O)[C@@H](Cc1cccnc1)NC(=O)[C@@H](Cc1ccc(Cl)cc1)NC(=O)[C@@H](Cc1ccc2ccccc2c1)NC(C)=O)C(=O)N[C@@H](CCCCNC(C)C)C(=O)N1CCC[C@H]1C(=O)N[C@H](C)C(N)=O
2038,CC(C)C[C@H](NC(=O)[C@@H](Cc1ccc(NC(N)=O)cc1)NC(=O)[C@H](Cc1ccc(NC(=O)[C@@H]2CC(=O)NC(=O)N2)cc1)NC(=O)[C@H](CO)NC(=O)[C@@H](Cc1cccnc1)NC(=O)[C@@H](Cc1ccc(Cl)cc1)NC(=O)[C@@H](Cc1ccc2ccccc2c1)NC(C)=O)C(=O)N[C@@H](CCCCNC(C)C)C(=O)N1CCC[C@H]1C(=O)N[C@H](C)C(N)=O
2039,CC(C)C[C@H](NC(=O)[C@@H](Cc1ccc(NC(N)=O)cc1)NC(=O)[C@H](Cc1ccc(NC(C)=O)cc1)NC(=O)[C@H](CO)NC(=O)[C@@H](Cc1cccnc1)NC(=O)[C@@H](Cc1ccc(Cl)cc1)NC(=O)[C@@H](Cc1ccc2ccccc2c1)NC(C)=O)C(=O)N[C@@H](CCCCNC(C)C)C(=O)N1CCC[C@H]1C(=O)N[C@H](C)C(N)=O
2040,CC(C)C[C@H](NC(=O)[C@H](Cc1ccc(CNC(N)=O)cc1)NC(=O)[C@H](Cc1ccc(NC(C)=O)cc1)NC(=O)[C@H](CO)NC(=O)[C@@H](Cc1cccnc1)NC(=O)[C@@H](Cc1ccc(Cl)cc1)NC(=O)[C@@H](Cc1ccc2ccccc2c1)NC(C)=O)C(=O)N[C@@H](CCCCNC(C)C)C(=O)N1CCC[C@H]1C(=O)N[C@H](C)C(N)=O
2041,CC(C)C[C@H](NC(=O)[C@@H](Cc1cccnc1)NC(=O)[C@H](Cc1ccc(NC(=O)[C@H]2CC(=O)NC(=O)N2)cc1)NC(=O)[C@H](CO)NC(=O)[C@@H](Cc1cccnc1)NC(=O)[C@@H](Cc1ccc(Cl)cc1)NC(=O)[C@@H](Cc1ccc2ccccc2c1)NC(C)=O)C(=O)N[C@@H](CCCCNC(C)C)C(=O)N1CCC[C@H]1C(=O)N[C@H](C)C(N)=O
2042,Fc1ccc2c(noc2c1)C1CCN(CC2Cc3occc3C(=O)C2)CC1
2043,Fc1ccc(cc1)C(=O)C1CCN(CCC2Cc3sccc3C2=O)CC1
2044,Fc1ccc(cc1)C(=O)C1CCN(CC2Cc3[nH]c4ccccc4c3C(=O)C2)CC1
2045,Fc1ccc(cc1)C(=O)CCCN1CCN(CC2Cc3sccc3C(=O)C2)CC1
2046,Fc1ccc(cc1)C(=O)C1CCN(CCC2Cc3ccccc3C2=O)CC1
2047,Fc1ccc(cc1)C(=O)C1CCN(CC2Cc3sccc3C(=O)C2)CC1
2048,Fc1ccc(cc1)C(=O)C1CCN(CC2CC(=O)c3ccccc3C2)CC1
2049,Fc1ccc2c(noc2c1)C1CCN(CCC2CCc3occc3C2=O)CC1
2050,Fc1ccc(cc1)C(=O)C1CCN(CCC2Cc3cc(F)ccc3C2=O)CC1
2051,Fc1ccc2c(noc2c1)C1CCN(CCC2CCc3sccc3C2=O)CC1
2052,Fc1ccc(cc1)C(=O)CCCN1CCN(CCC2Cc3sccc3C2=O)CC1
2053,Fc1ccc2c(noc2c1)C1CCN(CC2Cc3[nH]c4ccccc4c3C(=O)C2)CC1
2054,Fc1ccc(cc1)C(=O)C1CCN(CCC2CCc3occc3C2=O)CC1
2055,CC(C)(C)CCCOCCCc1cnc[nH]1
2056,CC(NC(=O)OCCCc1cnc[nH]1)C1(C)CC1
2057,C[C@@H](NC(=O)OCCCc1cnc[nH]1)C1CCCCC1
2058,O=C(NC(C1CC1)c1ccccc1)OCCCc1cnc[nH]1
2059,O=C(NC(C1CC1)C1CC1)OCCCc1cnc[nH]1
2060,CC(NC(=O)OCCCc1cnc[nH]1)C1CC1
2061,CC(C)C(C)NC(=O)OCCCc1cnc[nH]1
2062,OC(=O)C1CCN(CC1)C1CN(CCC2(CCC(=O)N(CC3CC3)C2)c2ccc(Cl)c(Cl)c2)C1
2063,OC1CCN(CC1)C1CN(CCC2(CCC(=O)N(Cc3ccccc3)C2)c2ccc(Cl)c(Cl)c2)C1
2064,CS(=O)(=O)NC1CCN(CC1)C1CN(CCC2(CCC(=O)N(CC3CC3)C2)c2ccc(Cl)c(Cl)c2)C1
2065,Clc1ccc(cc1Cl)C1(CCN2CC(C2)N2CCNCC2)CCC(=O)N(Cc2ccccc2)C1
2066,Clc1ccc(cc1Cl)C1(CCN2CC(C2)N2CCOCC2=O)CCC(=O)N(Cc2ccccc2)C1
2067,Clc1ccc(cc1Cl)C1(CCN2CC(C2)N2CCS(=O)CC2)CCC(=O)N(Cc2ccccc2)C1
2068,Clc1ccc(cc1Cl)C1(CCN2CC(C2)N2CCOCC2)CCC(=O)N(C1)C1CCCCC1
2069,Cc1cccc(CN2CC(CCN3CC(C3)N3CCOCC3)(CCC2=O)c2ccc(Cl)c(Cl)c2)c1
2070,CCOC1CCN(CC1)C1CN(CCC2(CCC(=O)N(CC3CC3)C2)c2ccc(Cl)c(Cl)c2)C1
2071,Clc1ccc(cc1Cl)C1(CCN2CC(C2)N2CCSCC2)CCC(=O)N(Cc2ccccc2)C1
2072,Clc1ccc(cc1Cl)[C@@]1(CCN2CC(C2)N2CCOCC2)CCC(=O)N(CC2CCCCC2)C1
2073,Fc1ccc(CN2CC(CCN3CC(C3)N3CCOCC3)(CCC2=O)c2ccc(Cl)c(Cl)c2)cc1
2074,Clc1ccc(cc1Cl)C1(CCN2CC(C2)N2CCOCC2)CCC(=O)N(Cc2ccccc2)C1
2075,CN(C)S(=O)(=O)N1CCN(CC1)C1CN(CCC2(CCC(=O)N(CC3CC3)C2)c2ccc(Cl)c(Cl)c2)C1
2076,Clc1ccc(cc1Cl)C1(CCN2CC(C2)N2CCCOCC2)CCC(=O)N(Cc2ccccc2)C1
2077,Clc1ccc(cc1Cl)C1(CCN2CC(C2)N2CCOCC2)CCC(=O)N(CC2CC2)C1
2078,CC(=O)N1CCN(CC1)C1CN(CCC2(CCC(=O)N(Cc3ccccc3)C2)c2ccc(Cl)c(Cl)c2)C1
2079,Clc1ccc(cc1Cl)C1(CCN2CC(C2)N2CCOC(C2)c2ccccc2)CCC(=O)N(Cc2ccccc2)C1
2080,CN(CC(CCN1CCC(O)(CC1)c1ccccc1)c1ccc(Cl)c(Cl)c1)C(=O)c1ccccc1
2081,Clc1ccc(cc1Cl)C1(CCN2CC(C2)N2CCS(=O)(=O)CC2)CCC(=O)N(Cc2ccccc2)C1
2082,Clc1ccc(cc1Cl)C1(CCN2CC(C2)N2CCNCC2)CCC(=O)N(CC2CC2)C1
2083,OC1CCN(CC1)C1CN(CCC2(CCC(=O)N(CC3CC3)C2)c2ccc(Cl)c(Cl)c2)C1
2084,CNS(=O)(=O)N1CCN(CC1)C1CN(CCC2(CCC(=O)N(CC3CC3)C2)c2ccc(Cl)c(Cl)c2)C1
2085,Cc1ccccc1CN1CC(CCN2CC(C2)N2CCOCC2)(CCC1=O)c1ccc(Cl)c(Cl)c1
2086,CC(=O)NC1CCN(CC1)C1CN(CCC2(CCC(=O)N(CC3CC3)C2)c2ccc(Cl)c(Cl)c2)C1
2087,OC1(CCN(CCC2(CCC(=O)N(Cc3ccccc3)C2)c2ccc(Cl)c(Cl)c2)CC1)c1ccccc1
2088,OC1CCN(C1)C1CN(CCC2(CCC(=O)N(Cc3ccccc3)C2)c2ccc(Cl)c(Cl)c2)C1
2089,CS(=O)(=O)N1CCN(CC1)C1CN(CCC2(CCC(=O)N(Cc3ccccc3)C2)c2ccc(Cl)c(Cl)c2)C1
2090,C(COc1ccc(CCCNc2ccnc3ccccc23)cc1)CN1CCCCC1
2091,Clc1ccc2c(NCCc3ccc(OCCCN4CCCCC4)cc3)ccnc2c1
2092,Clc1ccc2c(Nc3ccc(OCCCN4CCCCC4)cc3)ccnc2c1
2093,COc1cccc(OC)c1OCCNCC1CC(c2ccccc2)c2ccccc2C1=O
2094,COc1cccc(OC)c1OCCNC[C@@H]1Oc2ccccc2O[C@H]1c1ccccc1
2095,COc1cccc(OC)c1OCCNCCOc1ccccc1Cc1ccccc1
2096,COc1cccc(OC)c1OCCNCC1COc2ccccc2O1
2097,COc1cccc(OC)c1OCCNC[C@H]1C[C@H](c2ccccc2)c2ccccc2S1
2098,CN([C@H](Cc1ccc(Cl)c(Cl)c1)\C=C\C(=O)N[C@@H]1CCCCNC1=O)C(=O)c1cc(cc(c1)C(F)(F)F)C(F)(F)F
2099,C(COc1ccc(CN2CCCCC2)cc1)CN1CCCCC1
2100,C(COc1ccc(CNC2CCCCC2)cc1)CN1CCCCC1
2101,CN(C)CCOc1ccc(CN2CCCCC2)cc1
2102,C(COc1ccc(CN2CCOCC2)cc1)CN1CCCCC1
2103,OC1CCN(Cc2ccc(OCCCN3CCCCC3)cc2)CC1
2104,C(Cc1cnc[nH]1)NCCc1cnc(CCC(c2ccccc2)c2ccccc2)[nH]1
2105,C(CCc1ccccn1)CNCCc1cnc(CCC(c2ccccc2)c2ccccc2)[nH]1
2106,C(Cc1cnc(CCC(c2ccccc2)c2ccccc2)[nH]1)NCCc1ccccn1
2107,C(CCc1cnc[nH]1)CNCCc1cnc(CCC(c2ccccc2)c2ccccc2)[nH]1
2108,CC\C(=C(/c1ccccc1)c1ccc(OCCN(C)C)cc1)c1ccccc1
2109,COc1ccccc1OCCNCC1COC(O1)(c1ccccc1)c1ccccc1
2110,C(COc1ccccc1)NCC1COC(O1)(c1ccccc1)c1ccccc1
2111,CC(=O)c1ccc(OCc2ccc(CN3CCCC3)cc2)cc1
2112,C(Oc1ccc(cc1)-n1ccnc1)c1ccc(CN2CCCCC2)cc1
2113,C(COCCCc1cnc[nH]1)CC1CCCC1
2114,CCCCCCCOCCCc1cnc[nH]1
2115,CC(C)C[C@@H]1NC(=O)[C@@H]2CSSSSC[C@@H]3NC(=O)[C@@H](NC(=O)[C@H](C)NC(=O)[C@H](C)NC(=O)[C@@H]4CCCN4C(=O)[C@H](CC(O)=O)NC(=O)[C@H](CSSSSC[C@H](NNC(C)=O)C(=O)N[C@@H](C(C)C)C(=O)N[C@@H](CCCN=C(N)N)C(=O)N[C@@H](CC(C)C)C(=O)N[C@@H](Cc4c[nH]cn4)C(=O)N[C@@H](CCC(O)=O)C(=O)N[C@@H](CO)C(=O)N2)NC(=O)[C@H](CSSSSC[C@H](NC(=O)[C@H](Cc2ccc(O)cc2)NC(=O)[C@@H]2CSSSSC[C@H](NC(=O)[C@H](Cc4ccc(O)cc4)NC3=O)C(=O)N[C@@H](CCCN=C(N)N)C(=O)N[C@@H](Cc3ccccc3)C(=O)N[C@@H](Cc3ccccc3)C(=O)N[C@@H](CC(N)=O)C(=O)N[C@@H](C)C(=O)N[C@@H](Cc3ccccc3)C(=O)N2)C(=O)N[C@@H](CCCN=C(N)N)C(=O)C(N)=O)NC(=O)[C@@H]2CCCN2C(=O)[C@@H](NC(=O)[C@H](CCC(N)=O)NC(=O)[C@H](CCC(N)=O)NC(=O)CNC1=O)C(C)C)[C@@H](C)O
2116,CSCC[C@@H]1NC(=O)[C@H](C)NC(=O)[C@@H](NC(=O)CNC(=O)[C@H](CC(C)C)NC(=O)[C@H](CCCCN)NC(=O)[C@H](CCCN=C(N)N)NC(=O)[C@@H]2CSSSSC[C@@H]3NC(=O)[C@@H]4CCCN4C(=O)[C@@H](NC(=O)[C@H](CCC(N)=O)NC(=O)[C@H](CCC(N)=O)NC(=O)CNC(=O)[C@H](CC(C)C)NC(=O)[C@@H]4CSSSSC[C@H](NC(=O)[C@@H](NC(=O)[C@H](C)NC(=O)[C@H](CSSSSC[C@H](NC(=O)[C@@H]5CCCN5C(=O)[C@H](CC(N)=O)NC1=O)C(=O)N[C@@H](CO)C(=O)N[C@@H](CCCN=C(N)N)C(=O)N[C@@H]([C@@H](C)O)C(O)=O)NC(=O)[C@@H]1CCCN1C(=O)[C@H](CC(O)=O)NC(=O)[C@H](CSSSSC[C@H](N)C(=O)N[C@@H](C(C)C)C(=O)N[C@@H](CCCN=C(N)N)C(=O)N[C@@H](CC(C)C)C(=O)N[C@@H](Cc1c[nH]cn1)C(=O)N[C@@H](CCC(O)=O)C(=O)N[C@@H](CO)C(=O)N4)NC3=O)[C@@H](C)O)C(=O)N[C@@H](Cc1ccc(O)cc1)C(=O)N[C@H]1CSSSSC[C@H](NC(=O)[C@H](Cc3ccccc3)NC(=O)[C@H](C)NC(=O)[C@H](CC(N)=O)NC(=O)[C@H](Cc3ccccc3)NC(=O)[C@H](Cc3ccccc3)NC(=O)[C@H](CCCN=C(N)N)NC1=O)C(=O)N[C@@H](Cc1ccc(O)cc1)C(=O)N2)C(C)C)[C@@H](C)O
2117,CN1CCN(CC1)C(=O)c1cc2cc(Cl)ccc2[nH]1
2118,NC1CCN(CC1)C1CN(CC[C@@]2(CCC(=O)N(CC3CC3)C2)c2ccc(Cl)c(Cl)c2)C1
2119,NS(=O)(=O)N1CCN(CC1)C1CN(CC[C@@]2(CCC(=O)N(CC3CC3)C2)c2ccc(Cl)c(Cl)c2)C1
2120,CS(=O)(=O)N1CCN(CC1)C1CN(CC[C@@]2(CCC(=O)N(CC3CCC(F)(F)CC3)C2)c2ccc(Cl)c(Cl)c2)C1
2121,Clc1ccc(cc1Cl)[C@@]1(CCN2CC(C2)N2CCOCC2)CCC(=O)N(CC2CC2)C1
2122,FC1CCN(CC1)C1CN(CC[C@@]2(CCC(=O)N(CCC3CC3)C2)c2ccc(Cl)c(Cl)c2)C1
2123,CCOC1CCN(CC1)C1CN(CC[C@@]2(CCC(=O)N(CC3CC3)C2)c2ccc(Cl)c(Cl)c2)C1
2124,CN(C)S(=O)(=O)N1CCN(CC1)C1CN(CC[C@@]2(CCC(=O)N(CC3CC3)C2)c2ccc(Cl)c(Cl)c2)C1
2125,FC1(F)CCC(CN2C[C@](CCN3CC(C3)N3CCOCC3)(CCC2=O)c2ccc(Cl)c(Cl)c2)CC1
2126,COc1cc2nc(nc(N)c2cc1OC)N1CCN(CC1)C(=O)CCCCC1CCSS1
2127,COc1cc2nc(nc(N)c2cc1OC)N1CCN(CC1)C1=CC(=O)c2ccccc2C1=O
2128,COc1cc2nc(nc(N)c2cc1OC)N1CCN(CC1)C(=O)C1CCSS1
2129,COc1cc2nc(nc(N)c2cc1OC)N1CCN(CC1)C(=O)CC1CCSS1
2130,CC(C)N1CCC(CC1)Oc1ccc(CN2CCC(CO)CC2)cc1
2131,CC(C)N1CCC(CC1)Oc1ccc(CN2CCCCCC2)cc1
2132,CC(C)N1CCC(CC1)Oc1ccc(CN2CCN(CC2)c2ccccc2)cc1
2133,CC(C)N1CCC(CC1)Oc1ccc(CN2CCCC2)cc1
2134,CC(C)N1CCC(CC1)Oc1ccc(CN(C)CCN(C)C)cc1
2135,CC(C)N1CCC(CC1)Oc1ccc(CN2CCN(Cc3ccccc3)CC2)cc1
2136,CC(C)N1CCC(CC1)Oc1ccc(CN2CCC(Cc3ccccc3)CC2)cc1
2137,CC(C)N1CCC(CC1)Oc1ccc(CNC2CC2)cc1
2138,CC(C)N1CCC(CC1)Oc1ccc(CNc2ccccn2)cc1
2139,CC(C)N1CCC(CC1)Oc1ccc(CN2CCC(O)CC2)cc1
2140,CCN(CC)Cc1ccc(OC2CCN(CC2)C(C)C)cc1
2141,CC(C)N1CCC(CC1)Oc1ccc(CN2CCCCC2)cc1
2142,CC(C)N1CCC(CC1)Oc1ccc(CN2CCCN(C)CC2)cc1
2143,CC(C)N1CCC(CC1)Oc1ccc(CNc2ccccc2)cc1
2144,NCCCC[C@@H](NC(=O)[C@H](Cc1cc(Br)c(O)c(Br)c1)NC(=O)N1CCC(CC1)n1c2ccccc2[nH]c1=O)C(=O)N1CCN(CC1)c1ccncc1
2145,NCCCC[C@@H](NC(=O)[C@H](Cc1cc(Br)c(O)c(Br)c1)NC(=O)N1CCC(CC1)N(C(N)=O)c1ccccc1)C(=O)N1CCN(CC1)c1ccncc1
2146,NCCCC[C@@H](NC(=O)[C@H](Cc1cc(Br)c(O)c(Br)c1)NC(=O)N1CCC(CC1)n1c2ccccc2oc1=O)C(=O)N1CCN(CC1)c1ccncc1
2147,OC(=O)c1cccc(NC(=O)c2[nH]c(nc2COC23CC4CC(CC(C4)C2)C3)C2CCCCC2)c1
2148,Cc1cc(C)c(-c2nc(CCC34CC5CC(CC(C5)C3)C4)c([nH]2)C(=O)Nc2ccc(C)c(c2)C(O)=O)c(C)c1
2149,CC1(CCCCC1)c1nc(CCC23CC4CC(CC(C4)C2)C3)c([nH]1)C(=O)Nc1cccc(c1)C(O)=O
2150,OC(=O)c1cccc(NC(=O)c2[nH]c(nc2CCC23CC4CC(CC(C4)C2)C3)C23CCC(CC2)CC3)c1
2151,CC(C)CCc1nc([nH]c1C(=O)Nc1cccc(c1)C(O)=O)-c1ccccc1C
2152,OC(=O)c1cccc(NC(=O)c2[nH]c(nc2CCC23CC4CC(CC(C4)C2)C3)C2CCCC2)c1
2153,Cc1ccccc1-c1nc(CCC2CCCCC2)c([nH]1)C(=O)Nc1cccc(c1)C(O)=O
2154,OC(=O)c1cccc(NC(=O)c2[nH]c(nc2CCC23CC4CC(CC(C4)C2)C3)C2CCCCCC2)c1
2155,CC(C)c1nc(CCC23CC4CC(CC(C4)C2)C3)c([nH]1)C(=O)Nc1cccc(c1)C(O)=O
2156,Clc1ccc(CCCCN2CCC(Cc3cnc[nH]3)CC2)cc1
2157,O=C(CCN1CCC(Cc2cnc[nH]2)CC1)NC1CCCCC1
2158,O=C(CCOc1ccccc1)N1CCC(Cc2cnc[nH]2)CC1
2159,Clc1cccc(OCCCN2CCC(Cc3cnc[nH]3)CC2)c1
2160,Fc1cccc(NC(=O)CCN2CCC(Cc3cnc[nH]3)CC2)c1
2161,CCCCCCCN1CCC(Cc2cnc[nH]2)CC1
2162,COC(=O)c1ccc(NC(=O)CCN2CCC(Cc3cnc[nH]3)CC2)cc1
2163,COc1ccc(NC(=O)CCN2CCC(Cc3cnc[nH]3)CC2)cc1
2164,O=C(CCCc1ccccc1)N1CCC(Cc2cnc[nH]2)CC1
2165,Clc1cccc(NCCCN2CCC(Cc3cnc[nH]3)CC2)c1
2166,Clc1ccc(cc1)C(=O)NCCN1CCC(Cc2cnc[nH]2)CC1
2167,Clc1ccc(NC(=O)CCCN2CCC(Cc3cnc[nH]3)CC2)cc1
2168,C(COc1ccccc1)CN1CCC(Cc2cnc[nH]2)CC1
2169,Cn1c2cc([nH]c2c(=O)n(C)c1=O)-c1ccc(OCC(=O)Nc2ccc(cc2)C#N)cc1
2170,CCCn1c(=O)n(C)c2cc([nH]c2c1=O)-c1ccc(OCC(=O)Nc2ccc(cc2)-c2ccccc2)cc1
2171,COc1cc(OCC(=O)Nc2ccc(Br)cc2)ccc1-c1cc2n(C)c(=O)n(C)c(=O)c2[nH]1
2172,Cn1c2cc([nH]c2c(=O)n(C)c1=O)-c1ccc(OCC(=O)Nc2ccccc2)cc1
2173,Cn1c2cc([nH]c2c(=O)n(C)c1=O)-c1ccc(OCC(=O)Nc2ccc(F)cc2)cc1
2174,Cn1c2cc([nH]c2c(=O)n(C)c1=O)-c1ccc(OCC(=O)Nc2ccc(Br)cc2)cc1
2175,Nc1ncc(cn1)-c1ccc(OCCCN2CCC(Cc3cnc[nH]3)CC2)cc1
2176,C(COc1ccc(CN2CCCCC2)nc1)CN1CCC(Cc2cnc[nH]2)CC1
2177,C(COc1ccc(CCN2CCCCC2)cc1)CN1CCC(Cc2cnc[nH]2)CC1
2178,CCN(CC)Cc1ccc(OCCCN2CCC(Cc3cnc[nH]3)CC2)cc1
2179,C(CCN1CCC(Cc2cnc[nH]2)CC1)COc1ccc(CN2CCCCC2)cc1
2180,O=C(N1CCCCC1)c1ccc(OCCCN2CCC(Cc3cnc[nH]3)CC2)nc1
2181,O=C(N1CCNCC1)c1ccc(OCCCN2CCC(Cc3cnc[nH]3)CC2)cc1
2182,O=C(N1CCCCC1)c1ccc(OCCCN2CCC(Cc3cnc[nH]3)CC2)cc1
2183,NC(=O)C1CCN(Cc2ccc(OCCCN3CCC(Cc4cnc[nH]4)CC3)cc2)CC1
2184,FC(F)(F)c1cc(cc(c1)C(F)(F)F)C(=O)N1CCN(C\C=N/OCCN2CCOCC2)C[C@H]1Cc1c[nH]c2ccccc12
2185,CN(C)CCO\N=C(\C)CN1CCN([C@H](Cc2c[nH]c3ccccc23)C1)C(=O)c1cc(cc(c1)C(F)(F)F)C(F)(F)F
2186,C\C(CCCN1CCN([C@H](Cc2c[nH]c3ccccc23)C1)C(=O)c1cc(cc(c1)C(F)(F)F)C(F)(F)F)=N\OCCN1CCOCC1
2187,C\C(CN1CCN([C@H](Cc2c[nH]c3ccccc23)C1)C(=O)c1cc(cc(c1)C(F)(F)F)C(F)(F)F)=N\OCCN1CCOCC1
2188,C\C(CCN1CCN([C@H](Cc2c[nH]c3ccccc23)C1)C(=O)c1cc(cc(c1)C(F)(F)F)C(F)(F)F)=N\OCCN1CCOCC1
2189,FC(F)(F)c1cc(cc(c1)C(F)(F)F)C(=O)N1CCN(C\C(=N/OCCCN2CCOCC2)c2ccccc2)C[C@H]1Cc1c[nH]c2ccccc12
2190,C\C(CN1CCN([C@H](Cc2c[nH]c3ccccc23)C1)C(=O)c1cc(cc(c1)C(F)(F)F)C(F)(F)F)=N\OCc1ccccn1
2191,C\C(CN1CCN([C@H](Cc2c[nH]c3ccccc23)C1)C(=O)c1cc(cc(c1)C(F)(F)F)C(F)(F)F)=N\OCCN1CCS(=O)(=O)CC1
2192,FC(F)(F)c1cc(cc(c1)C(F)(F)F)C(=O)N1CCN(Cc2cc(CN3CCOCC3)on2)C[C@H]1Cc1c[nH]c2ccccc12
2193,CN1CCN(CCO\N=C(\C)CN2CCN([C@H](Cc3c[nH]c4ccccc34)C2)C(=O)c2cc(cc(c2)C(F)(F)F)C(F)(F)F)CC1
2194,C\C(CCN1CCN([C@H](Cc2c[nH]c3ccccc23)C1)C(=O)c1cc(cc(c1)C(F)(F)F)C(F)(F)F)=N\OCCCN1CCOCC1
2195,C\C(CN1CCN([C@H](Cc2c[nH]c3ccccc23)C1)C(=O)c1cc(cc(c1)C(F)(F)F)C(F)(F)F)=N\OCCN1CCSCC1
2196,C\C(CN1CCN([C@H](Cc2c[nH]c3ccccc23)C1)C(=O)c1cc(cc(c1)C(F)(F)F)C(F)(F)F)=N\OCCCN1CCOCC1
2197,FC(F)(F)c1cc(cc(c1)C(F)(F)F)C(=O)N1CCN(C\C(=N/OCCN2CCOCC2)c2ccccc2)C[C@H]1Cc1c[nH]c2ccccc12
2198,FC(F)(F)c1cc(cc(c1)C(F)(F)F)C(=O)N1CCN(CC\C(=N/OCCN2CCOCC2)c2ccccc2)C[C@H]1Cc1c[nH]c2ccccc12
2199,CC(CO\N=C(\C)CN1CCN([C@H](Cc2c[nH]c3ccccc23)C1)C(=O)c1cc(cc(c1)C(F)(F)F)C(F)(F)F)N1CCOCC1
2200,CNc1cccc(NC(=O)C[C@@H]2N=C(C3CCCCC3)c3ccccc3N(CC(=O)C(C)(C)C)C2=O)c1
2201,CN1c2ccccc2C(=N[C@@H](NC(=O)Nc2cccc(C)c2)C1=O)c1ccccc1
2202,CC(C)(C)C(=O)CN1c2ccccc2C(=NN(CC(=O)Nc2cccc(c2)N2CCOCC2)C1=O)C1CCCCC1
2203,CC(C)(C)C(=O)CN1c2ccccc2C(=NN(CC(=O)Nc2cccc(c2)C(O)=O)C1=O)C1CCCCC1
2204,CNc1cccc(NC(=O)N[C@@H]2N=C(c3ccccn3)c3ccccc3N(CC(=O)C(C)(C)C)C2=O)c1
2205,N[C@H](CCCN=C(N)N)C(=O)N[C@@H](CCCN=C(N)N)C(=O)N1CCC[C@H]1C(=O)N1C[C@H](O)C[C@H]1C(=O)NCC(=O)N[C@@H](Cc1cccs1)C(=O)N[C@@H](CO)C(=O)N1Cc2ccccc2C[C@@H]1C(=O)N1[C@H]2CCCC[C@H]2C[C@H]1C(=O)N[C@@H](CCCN=C(N)N)C(O)=O
2206,CN(C)CCCC[C@H](N)CC(=O)N1CCN(CC1)C(=O)C(C)(C)NS(=O)(=O)c1ccc(Cl)c(COc2cccc3c(C)cc(C)nc23)c1Cl
2207,CN(C)CCC[C@H](N)C(=O)N1CCN(CC1)C(=O)C(C)(C)NS(=O)(=O)c1ccc(Cl)c(COc2cccc3c(C)cc(C)nc23)c1Cl
2208,Cc1ccc2cccc(OCc3c(Cl)ccc(c3Cl)S(=O)(=O)NC(C)(C)C(=O)N3CCN(CC3)C(=O)C[C@@H](N)CCCCN=C(N)N)c2n1
2209,Cc1ccc2cccc(OCc3c(Cl)ccc(c3Cl)S(=O)(=O)NC(C)(C)C(=O)N3CCN(CC3)C(=O)CN3CCNCC3)c2n1
2210,CN(C)CCC[C@H](N)CC(=O)N1CCN(CC1)C(=O)C(C)(C)NS(=O)(=O)c1ccc(Cl)c(COc2cccc3c(C)cc(C)nc23)c1Cl
2211,Cc1ccc2cccc(OCc3c(Cl)ccc(c3Cl)S(=O)(=O)NC(C)(C)C(=O)N3CCN(CCCCCCN=C(N)N)CC3)c2n1
2212,Cc1ccc2cccc(OCc3c(Cl)ccc(c3Cl)S(=O)(=O)NC(C)(C)C(=O)N3CCN(CC3)C(=N)NCCCN)c2n1
2213,Cc1cc(C)c2cccc(OCc3c(Cl)ccc(c3Cl)S(=O)(=O)NC(C)(C)C(=O)N3CCN(CC3)C(=N)NCCCN)c2n1
2214,CN(C)CCCC[C@H](N)C(=O)N1CCN(CC1)C(=O)C(C)(C)NS(=O)(=O)c1ccc(Cl)c(COc2cccc3ccc(C)nc23)c1Cl
2215,COc1cccc(c1)C(=C\CNC(=O)C1CCC1)\c1ccccc1
2216,Cc1cc(C)c2cccc(OCc3c(Cl)ccc(c3Cl)S(=O)(=O)NC3(CCCC3)C(=O)N3CCN(CC3)C(=O)C[C@@H](N)CCC[N+](C)(C)C)c2n1
2217,Cc1cc(C)c2cccc(OCc3c(Cl)ccc(c3Cl)S(=O)(=O)NC3(CCCC3)C(=O)N3CCN(CC3)C(=O)C[C@H](CCCN)[N+](C)(C)C)c2n1
2218,CN(C)CCCNC(=N)N1CCN(CC1)C(=O)C1(CCCC1)NS(=O)(=O)c1ccc(Cl)c(COc2cccc3c(C)cc(C)nc23)c1Cl
2219,Cc1cc(C)c2cccc(OCc3c(Cl)ccc(c3Cl)S(=O)(=O)NC3(CCCC3)C(=O)N3CCN(CC3)C(=O)[C@@H](N)CCCCN=C(N)N)c2n1
2220,Cc1cc(C)c2cccc(OCc3c(Cl)ccc(c3Cl)S(=O)(=O)NC3(CCSCC3)C(=O)N3CCN(CC3)C(=O)[C@@H](N)CCC[N+](C)(C)C)c2n1
2221,Cc1cc(C)c2cccc(OCc3c(Cl)ccc(c3Cl)S(=O)(=O)NC3(CCCC3)C(=O)N3CCN(CC3)C(=N)NCCC[N+](C)(C)C)c2n1
2222,CN(C)CCCC[C@H](N)C(=O)N1CCN(CC1)C(=O)C(C)(C)NS(=O)(=O)c1ccc(Cl)c(COc2cccc3c(C)cc(C)nc23)c1Cl
2223,Cc1cc(C)c2cccc(OCc3c(Cl)ccc(c3Cl)S(=O)(=O)NC3(CCCC3)C(=O)N3CCN(CC3)C(=O)CCCC[N+](C)(C)C)c2n1
2224,CC(=O)N1CCC(CC1)(NS(=O)(=O)c1ccc(Cl)c(COc2cccc3c(C)cc(C)nc23)c1Cl)C(=O)N1CCN(CC1)C(=O)[C@@H](N)CCC[N+](C)(C)C
2225,Cc1cc(C)c2cccc(OCc3c(Cl)ccc(c3Cl)S(=O)(=O)NC3(CCCC3)C(=O)N3CCN(CC3)C(=O)[C@H](CCCCN)[N+](C)(C)C)c2n1
2226,Cc1cc(C)c2cccc(OCc3c(Cl)ccc(c3Cl)S(=O)(=O)NC3(CCCC3)C(=O)N3CCN(CC3)C(=O)CCCCC[N+](C)(C)C)c2n1
2227,Cc1cc(C)c2cccc(OCc3c(Cl)ccc(c3Cl)S(=O)(=O)NC3(CCCC3)C(=O)N3CCN(CC3)C(=O)[C@H](CCCN)[N+](C)(C)C)c2n1
2228,Cc1cc(C)c2cccc(OCc3c(Cl)ccc(c3Cl)S(=O)(=O)NC3(CCCC3)C(=O)N3CCN(CC3)C(=O)[C@H](CCCCN=C(N)N)[N+](C)(C)C)c2n1
2229,Cc1cc(C)c2cccc(OCc3c(Cl)ccc(c3Cl)S(=O)(=O)NC3(CCCC3)C(=O)N3CCN(CC3)C(=O)[C@@H](N)CCCC[N+](C)(C)C)c2n1
2230,Cc1cc(C)c2cccc(OCc3c(Cl)ccc(c3Cl)S(=O)(=O)NC(C)(C)C(=O)N3CCN(CC3)C(=O)[C@@H](N)CCCCN=C(N)N)c2n1
2231,Cc1cc(C)c2cccc(OCc3c(Cl)ccc(c3Cl)S(=O)(=O)NC3(CCCC3)C(=O)N3CCN(CC3)C(=O)C[C@@H](N)CCCN)c2n1
2232,Cc1cc(C)c2cccc(OCc3c(Cl)ccc(c3Cl)S(=O)(=O)NC3(CCCC3)C(=O)N3CCN(CC3)C(=O)CCCCCN=C(N)N)c2n1
2233,Cc1cc(C)c2cccc(OCc3c(Cl)ccc(c3Cl)S(=O)(=O)NC3(CCCC3)C(=O)N3CCN(CC3)C(=O)[C@@H](N)CCCCN)c2n1
2234,Cc1cc(C)c2cccc(OCc3c(Cl)ccc(c3Cl)S(=O)(=O)NC3(CCCC3)C(=O)N3CCN(CC3)C(=O)CCC[N+](C)(C)C)c2n1
2235,CN(C)CCCC[C@H](N(C)C)C(=O)N1CCN(CC1)C(=O)C1(CCCC1)NS(=O)(=O)c1ccc(Cl)c(COc2cccc3c(C)cc(C)nc23)c1Cl
2236,Cc1cc(C)c2cccc(OCc3c(Cl)ccc(c3Cl)S(=O)(=O)NC3(CCCC3)C(=O)N3CCN(CC3)C(=O)[C@H](CCCC[N+](C)(C)C)[N+](C)(C)C)c2n1
2237,Cc1cc(C)c2cccc(OCc3c(Cl)ccc(c3Cl)S(=O)(=O)NC3(CCCC3)C(=O)N3CCN(CC3)C(=O)[C@@H](N)CCC[N+](C)(C)C)c2n1
2238,Cc1cc(C)c2cccc(OCc3c(Cl)ccc(c3Cl)S(=O)(=O)NC3(CCCC3)C(=O)N3CCN(CC3)C(=O)C[N+](C)(C)C)c2n1
2239,CN(C)CCC[C@H](N)CC(=O)N1CCN(CC1)C(=O)C1(CCCC1)NS(=O)(=O)c1ccc(Cl)c(COc2cccc3c(C)cc(C)nc23)c1Cl
2240,Cc1cc(C)c2cccc(OCc3c(Cl)ccc(c3Cl)S(=O)(=O)NC3(CCOCC3)C(=O)N3CCN(CC3)C(=O)[C@@H](N)CCC[N+](C)(C)C)c2n1
2241,C[N+]1(C)CCC[C@H]1[C@H]1CS[C@@](O1)(C1CCCCC1)c1ccccc1
2242,C[N+]1(C)[C@H]2C[C@@H](C[C@@H]1[C@H]1O[C@@H]21)OC(=O)[C@H](CO)c1ccccc1
2243,C[N+]1(C)CCC[C@H]1[C@H]1CS[C@](O1)(C1CCCCC1)c1ccccc1
2244,CC(C)[C@H](NC(=O)[C@@H]1CSSC(C)(C)[C@@H](NC(=O)[C@@H](N)CC(O)=O)C(=O)N[C@@H](Cc2ccccc2)C(=O)N[C@H](Cc2c[nH]c3ccccc23)C(=O)N[C@@H](CCCN)C(=O)N[C@@H](Cc2ccc(O)cc2)C(=O)N1)C(O)=O
2245,OC(=O)c1cccc(n1)C1=C(CCC1)c1cc(Cl)ccc1OCc1ccc(F)cc1F
2246,COc1cc2nc(nc(N)c2cc1OC)N1CCN([C@H]2CCCC[C@@H]12)C(=O)c1ccc(C)o1
2247,COc1cc2nc(nc(N)c2cc1OC)N1CCN([C@H]2CCCC[C@@H]12)C(=O)c1ccco1
2248,CCOc1ccc(C[C@@H]2NC(=O)CCSSC[C@H](NC(=O)[C@H](CC(N)=O)NC(=O)[C@H](CCC(N)=O)NC(=O)[C@@H](NC2=O)[C@@H](C)CC)C(=O)N2CCCC[C@H]2C(=O)N[C@@H](CC(C)C)C(=O)NCC(N)=O)cc1
2249,CCOc1ccc(C[C@@H]2NC(=O)CCSSC[C@H](NC(=O)[C@H](CC(N)=O)NC(=O)[C@H](CCC(N)=O)NC(=O)[C@@H](NC2=O)[C@@H](C)CC)C(=O)N2Cc3ccccc3C[C@@H]2C(=O)N[C@@H](CC(C)C)C(=O)NC(C)(C)C(N)=O)cc1
2250,CCOc1ccc(C[C@@H]2NC(=O)CCSSC[C@H](NC(=O)[C@H](CC(N)=O)NC(=O)[C@H](CCC(N)=O)NC(=O)[C@@H](NC2=O)[C@@H](C)CC)C(=O)N2Cc3ccccc3C[C@@H]2C(=O)N[C@@H](CC(C)C)C(=O)NCC(N)=O)cc1
2251,CCOc1ccc(C[C@@H]2NC(=O)CCSSC[C@H](NC(=O)[C@H](CC(N)=O)NC(=O)[C@H](CCC(N)=O)NC(=O)[C@@H](NC2=O)[C@@H](C)CC)C(=O)N[C@H](C(=O)N[C@@H](CC(C)C)C(=O)NCC(N)=O)C(C)(C)C)cc1
2252,CC[C@H](C)[C@@H]1NC(=O)[C@@H](Cc2ccc(CC)cc2)NC(=O)CCSSC[C@H](NC(=O)[C@H](CC(N)=O)NC(=O)[C@H](CCC(N)=O)NC1=O)C(=O)NC(C)(C)C(=O)N[C@@H](CC(C)C)C(=O)NCC(N)=O
2253,CCOc1ccc(C[C@@H]2NC(=O)CCSSC[C@H](NC(=O)[C@H](CC(N)=O)NC(=O)[C@H](CCC(N)=O)NC(=O)[C@@H](NC2=O)[C@@H](C)CC)C(=O)NC(C)(C)C(=O)N[C@@H](CC(C)C)C(=O)NCC(N)=O)cc1
2254,CCOc1ccc(C[C@@H]2NC(=O)CCSSC[C@H](NC(=O)[C@H](CC(N)=O)NC(=O)[C@H](CCC(N)=O)NC(=O)[C@@H](NC2=O)[C@@H](C)CC)C(=O)N2Cc3ccccc3C[C@@H]2C(=O)N[C@@H](CC(C)C)C(=O)N2Cc3ccccc3C[C@@H]2C(N)=O)cc1
2255,CCOc1ccc(C[C@@H]2NC(=O)CCSSC[C@H](NC(=O)[C@H](CC(N)=O)NC(=O)[C@H](CCC(N)=O)NC(=O)[C@@H](NC2=O)[C@@H](C)CC)C(=O)NC(C)(C)C(=O)N[C@@H](CC(C)C)C(=O)N2CCCC[C@@H]2C(N)=O)cc1
2256,C[C@@H](O)[C@H](NC(=O)[C@H](Cc1ccc(F)cc1)NC(=O)CNC(=O)C(CN)NC(=O)[C@@H](N)Cc1ccccc1)C(=O)NCC(=O)NC(C)(C)C(=O)N[C@@H](CCCN=C(N)N)C(=O)N[C@@H](CCCCN)C(=O)N[C@@H](CO)C(=O)N[C@@H](C)C(=O)N[C@@H](CCCN=C(N)N)C(=O)N[C@@H](CCCCN)C(=O)N[C@@H](CCCN=C(N)N)C(=O)N[C@@H](CCCCN)C(=O)N[C@@H](CC(N)=O)C(=O)N[C@@H](CCC(N)=O)C(N)=O
2257,C[C@@H](O)[C@H](NC(=O)[C@H](Cc1ccccc1)NC(=O)CNC(=O)CNC(=O)[C@@H](N)Cc1ccccc1)C(=O)NCC(=O)NC(C)(C)C(=O)N[C@@H](CCCN=C(N)N)C(=O)N[C@@H](CCCCN)C(=O)N[C@@H](CO)C(=O)N[C@@H](C)C(=O)N[C@@H](CCCN=C(N)N)C(=O)N[C@@H](CCCCN)C(=O)N[C@@H](CCCN=C(N)N)C(=O)N[C@@H](CCCCN)C(=O)N[C@@H](CC(N)=O)C(=O)N[C@@H](CCC(N)=O)C(N)=O
2258,Clc1ccc(OC2CCNCC2)cc1C(=O)NCC12CC3CC(CC(C3)C1)C2
2259,Clc1ccc(CC2CCCNC2)cc1C(=O)NCC12CC3CC(CC(C3)C1)C2
2260,Clc1ccc(CC2CCNCC2)cc1C(=O)NCC12CC3CC(CC(C3)C1)C2
2261,Clc1ccc(CN2C[C@@H]3C[C@H]2CN3)cc1C(=O)NCC12CC3CC(CC(C3)C1)C2
2262,Clc1ccc(CN2CC3CNCC(C2)O3)cc1C(=O)NCC12CC3CC(CC(C3)C1)C2
2263,Clc1ccc(O[C@@H]2CCCNC2)cc1C(=O)NCC12CC3CC(CC(C3)C1)C2
2264,Clc1ccc(cc1C(=O)NCC12CC3CC(CC(C3)C1)C2)C1CCNCC1
2265,Fc1ccc(cc1)C(=O)N1CCN(C(=O)C1)c1ccc(OCCCN2CCCCC2)cc1
2266,CCc1ccccc1N(CC(=O)NCCc1ccc(OC)c(OC)c1)S(=O)(=O)c1ccc(C)cc1
2267,CCCCc1nc2cccc(C(=O)OC)c2n1Cc1ccc(cc1)-n1cccc1-c1nnn[nH]1
2268,CCCCc1nc2cccc(C(O)=O)c2n1Cc1ccc(cc1)-n1cccc1-c1nnn[nH]1
2269,CCCCc1nc2cccc(C(O)=O)c2n1Cc1ccc(cc1)-n1cccc1C(O)=O
2270,CCCc1nc2cccc(C(O)=O)c2n1Cc1ccc(cc1)-n1cccc1-c1nnn[nH]1
2271,CCCCc1nc2cccc(C(=O)OCC)c2n1Cc1ccc(cc1)-n1cccc1-c1nnn[nH]1
2272,CC(C)OC(=O)Nc1cc(C)n(Cc2cc(Cl)ccc2OCc2ccccc2)n1
2273,CCCCn1n(Cc2ccc(cc2)-c2ccccc2-c2nnn[nH]2)c2ncccc2c1=O
2274,CC(C)(C)C(=O)CN1c2ccccc2N(C2CCCCCC2)C(=O)N(CC(=O)Nc2cccc(SCC(O)=O)c2)C1=O
2275,Cc1nc(cs1)-c1cccc(NC(=O)CN2C(=O)N(CC(=O)C(C)(C)C)c3ccccc3N(C3CCCCC3)C2=O)c1
2276,CC(C)(C)C(=O)CN1c2ccccc2N(C2CCCCCC2)C(=O)N(CC(=O)Nc2cccc(c2)-c2nc(=O)o[nH]2)C1=O
2277,CC(C)(C)C(=O)CN1c2ccccc2N(C2CCCCC2)C(=O)N(CC(=O)Nc2cccc(CCC(O)=O)c2)C1=O
2278,CNc1cccc(NC(=O)CN2C(=O)N(CC(=O)C(C)(C)C)c3ccccc3N(C3CCCCC3)C2=O)c1
2279,CC(C)OC(=O)c1ccc(NC(=O)N[C@@H](Cc2ccc(O)cc2)C(=O)N[C@H]2CCC[N+](C)(Cc3cccc(O)c3)C2)cc1
2280,CC(C)OC(=O)c1ccc(NC(=O)N[C@@H](Cc2ccc(O)cc2)C(=O)NCc2cn3cc(C)sc3[n+]2Cc2ccc3ccccc3c2)cc1
2281,Cc1cn2cc(CNC(=O)[C@H](Cc3ccc(O)cc3)NC(=O)Nc3ccc(s3)C(=O)OC3CCCCC3)[n+](Cc3ccc4ccccc4c3)c2s1
2282,CCCCc1nc2cc(NC(C)=O)ccc2n1Cc1ccc(cc1)-c1ccccc1C(O)=O
2283,CCCCc1nc2cc(N)ccc2n1Cc1ccc(cc1)-c1ccccc1C(O)=O
2284,CCCCc1nc2cc(NC(=O)CC)ccc2n1Cc1ccc(cc1)-c1ccccc1C(O)=O
2285,CCOc1nc2cccc(C(O)=O)c2n1Cc1ccc(cc1)-c1ccccc1-c1nnn[nH]1
2286,CN1CCCc2c(Cc3ccccc3CC1)[nH]c1ccccc21
2287,COc1ccc2Cc3ccccc3CCCN(C)CCc2c1
2288,CN1CCCc2ccccc2Cc2ccc(O)cc2CC1
2289,COc1ccc2Cc3ccccc3CCN(C)CCc2c1
2290,CN1CCc2ccccc2Cc2ccc(O)cc2CC1
2291,CCN1CCc2ccccc2Cc2ccc(O)cc2CC1
2292,CN1CCc2ccccc2Cc2ccc(O)c(Cl)c2CC1
2293,CCCCc1nc2ccccc2n1Cc1ccc(cc1)-c1ccccc1C(O)=O
2294,CCCCc1nc2cc(ccc2n1Cc1ccc(cc1)-c1ccccc1C(O)=O)S(=O)(=O)NC1CCCCC1
2295,CCCCc1nc2cc(ccc2n1Cc1ccc(cc1)-c1ccccc1C(O)=O)S(=O)(=O)NC(C)(C)C
2296,C[C@H]1CN(CCN1c1ncc(cc1F)C(F)(F)F)S(=O)(=O)C[C@]12CC[C@H](CC1=O)C2(C)C
2297,CC1(C)C(CC=C2CCCC(C=CC3=[N+](CCCCCC(=O)NC45CC6(CCC(=O)N[C@@H](CCP(O)(=O)CC(CCC(O)=O)C(O)=O)C(O)=O)CC(CCC(=O)N[C@@H](CCP(O)(=O)CC(CCC(O)=O)C(O)=O)C(O)=O)(CC(CCC(=O)N[C@@H](CCP(O)(=O)CC(CCC([O-])=O)C(O)=O)C(O)=O)(C6)C4)C5)c4ccccc4C3(C)C)=C2Oc2ccc(cc2)S([O-])(=O)=O)=Nc2ccccc12
2298,CC1(C)\C(=C/C=C2\CCCC(C=CC3=[N+](CCCCS([O-])(=O)=O)c4ccc(cc4C3(C)C)S([O-])(=O)=O)=C2Oc2ccc(cc2)S([O-])(=O)=O)N(CCCCCC(=O)NCCCCCC(=O)NC23CC4(CCC=O)CC(CCC(=O)N[C@@H](CCP(O)(=O)CC(CCC(O)=O)C(O)=O)C(O)=O)(CC(CCC(=O)N[C@@H](CCP(O)(=O)CC(CCC([O-])=O)C(O)=O)C(O)=O)(C4)C2)C3)c2ccc(cc12)S([O-])(=O)=O
2299,CC1(C)\C(=C/C=C2\CCCC(C=CC3=[N+](CCCCS([O-])(=O)=O)c4ccc(cc4C3(C)C)S([O-])(=O)=O)=C2Oc2ccc(cc2)S([O-])(=O)=O)N(CCCCCC(=O)NCCCCCC(=O)NC23CC4(CCC=O)CC(CCC=O)(CC(CCC(=O)N[C@@H](CCP(O)(=O)CC(CCC([O-])=O)C(O)=O)C(O)=O)(C4)C2)C3)c2ccc(cc12)S([O-])(=O)=O
2300,CC1(C)\C(=C/C=C2\CCCC(C=CC3=[N+](CCCCS([O-])(=O)=O)c4ccc(cc4C3(C)C)S([O-])(=O)=O)=C2Oc2ccc(cc2)S([O-])(=O)=O)N(CCCCCC(=O)N[C@@H](CCP(O)(=O)CC(CCC([O-])=O)C(O)=O)C(O)=O)c2ccc(cc12)S([O-])(=O)=O
2301,CC1(C)\C(=C/C=C2\CCCC(C=CC3=[N+](CCCCS([O-])(=O)=O)c4ccc(cc4C3(C)C)S([O-])(=O)=O)=C2Oc2ccc(cc2)S([O-])(=O)=O)N(CCCCCC(=O)NCCCCCC(=O)NC23CC4(CCC(=O)N[C@@H](CCP(O)(=O)CC(CCC(O)=O)C(O)=O)C(O)=O)CC(CCC(=O)N[C@@H](CCP(O)(=O)CC(CCC(O)=O)C(O)=O)C(O)=O)(CC(CCC(=O)N[C@@H](CCP(O)(=O)CC(CCC([O-])=O)C(O)=O)C(O)=O)(C4)C2)C3)c2ccc(cc12)S([O-])(=O)=O
2302,C[C@H]1CN(Cc2cccc(c2)-c2cc(CNC(=O)c3cccc(CN4CCNCC4)c3)ccc2F)CCN1
2303,C[C@H]1CN(Cc2cccc(c2)-c2cc(CNC(=O)c3cccc(c3)C#N)ccc2F)CCN1
2304,CCC(=O)c1cccc(c1)C(=O)NCc1ccc(F)c(c1)-c1cccc(CN2CCN[C@@H](C)C2)c1
2305,C[C@H]1CN(Cc2cccc(c2)-c2cc(CNC(=O)c3cccc(CC4CCNCC4)c3)ccc2F)CCN1
2306,C[C@H]1CN(Cc2cccc(c2)-c2cc(CNC(=O)c3cccc(c3)C(C)=O)ccc2F)CCN1
2307,C[C@H]1CN(Cc2cccc(c2)-c2cc(CNC(=O)c3cccc(CN4CC[N+](C)(C)CC4)c3)ccc2F)CCN1
2308,C(Oc1ccc(CN2CCOCC2)cc1)C1CN(CCO1)C1CCC1
2309,C(Oc1ccc(CN2CCOCC2)cc1)[C@@H]1CN(CCO1)C1CCCC1
2310,C(Nc1nccc2[nH]c3ccccc3c12)c1ccccc1
2311,CC(C)OC(=O)c1ccc(NC(=O)N[C@@H](Cc2ccc(O)cc2)C(=O)N[C@H]2CCC[N+]3(C2)CCCCCC3)cc1
2312,CC(C)OC(=O)c1ccc(NC(=O)N[C@@H](Cc2ccc(O)cc2)C(=O)N[C@H]2CCC[N+](CC=C)(Cc3cccc(O)c3)C2)cc1
2313,C[N+]1(Cc2ccc(O)cc2)CCC[C@@H](C1)NC(=O)[C@H](Cc1ccc(O)cc1)NC(=O)Nc1ccc(s1)C(=O)OC1CCCCC1
2314,CC(C)OC(=O)c1ccc(NC(=O)N[C@@H](Cc2ccc(O)cc2)C(=O)N[C@H]2CCC[N+](C)(Cc3ccc(O)cc3)C2)s1
2315,CC(C)NC(=O)c1ccc(NC(=O)N[C@@H](Cc2ccc(O)cc2)C(=O)N[C@H]2CCC[N+](C)(Cc3ccc(O)cc3)C2)cc1
2316,CC(C)OC(=O)c1ccc(NC(=O)N[C@@H](Cc2ccc(O)cc2)C(=O)N[C@H]2CCC[N+](CC3CC3)(CC3CC3)C2)cc1
2317,Cc1nc(no1)-c1ccc(NC(=O)N[C@@H](Cc2ccc(O)cc2)C(=O)N[C@H]2CCC[N+](C)(Cc3ccc(O)cc3)C2)cc1
2318,CC1CN(Cc2cccc(c2)-c2cc(CNC(=O)c3cccc(CN4CCCN(C)CC4)c3)ccc2F)CCN1
2319,CC1CN(Cc2cccc(c2)-c2cc(CNC(=O)c3cccc(CN(C)CCCN(C)C)c3)ccc2F)CCN1
2320,CC1CN(Cc2cccc(c2)-c2cc(CNC(=O)c3cccc(CN4CCN(CC4)C=O)c3)ccc2F)CCN1
2321,CC1CN(Cc2cccc(c2)-c2cc(CNC(=O)c3cccc(CN4CCCCC4)c3)ccc2F)CCN1
2322,C[C@H]1CN(Cc2cccc(c2)-c2cc(CNC(=O)c3cccc(CN4CC[N+](C)(Cc5ccccc5)CC4)c3)ccc2F)CCN1
2323,CC(C)(C)c1cc(C[C@H](NC(=O)[C@@H](NC(=O)[C@@H](N)Cc2ccccc2)c2ccccc2)C(N)=O)ccc1O
2324,CC(C)[C@H](N(C)C(=O)[C@@H](N)Cc1ccccc1)C(=O)N[C@@H](Cc1ccc(O)c(c1)C(C)(C)C)C(N)=O
2325,CC(C)[C@H](N(C)C(=O)[C@@H](N)Cc1ccccc1)C(=O)N(C)[C@@H](Cc1ccc(O)c(c1)C(C)(C)C)C(N)=O
2326,CC(C)[C@H](N(C)C(=O)[C@@H](N)Cc1ccccc1)C(=O)N[C@H](C)Cc1ccc(O)c(c1)C(C)(C)C
2327,CCCN1CCN(CC1)c1ncc(CCN(C)C)s1
2328,CCCN(C)CCc1cnc(s1)N1CCN(CCC)CC1
2329,CCCN1CCN(CC1)c1ncc(CCN(C)Cc2ccccc2)s1
2330,CCCN1CCN(CC1)c1ncc(CCN(C)CCCc2ccccc2)s1
2331,CC[C@H](C)[C@H](NC(=O)CN(C)C(=O)[C@H](CC(O)=O)NC(=O)[C@H](CO)NC(=O)[C@@H](N)Cc1cnc[nH]1)C(=O)N[C@@H](Cc1ccccc1)C(=O)N[C@@H]([C@@H](C)O)C(=O)N[C@@H](CC(O)=O)C(=O)N[C@@H](CO)C(=O)N[C@@H](Cc1ccc(O)cc1)C(=O)N[C@@H](CO)C(=O)N[C@@H](CCCNC(N)=N)C(=O)N[C@@H](Cc1ccc(O)cc1)C(=O)N[C@@H](CCCNC(N)=N)C(=O)N[C@@H](CCCCN)C(=O)N[C@@H](CCC(N)=O)C(=O)N[C@@H](CCSC)C(=O)N[C@@H](C)C(=O)N[C@@H](C(C)C)C(=O)N[C@@H](CCCCN)C(=O)N[C@@H](CCCCN)C(=O)N[C@@H](Cc1ccc(O)cc1)C(=O)N[C@@H](CC(C)C)C(=O)N[C@@H](C)C(=O)N[C@@H](C)C(=O)N[C@@H](C(C)C)C(=O)N[C@@H](CC(C)C)C(=O)NCC(=O)N[C@@H](CCCCN)C(=O)N[C@@H](CCCNC(N)=N)C(=O)N[C@@H](Cc1ccc(O)cc1)C(=O)N[C@@H](CCCCN)C(=O)N[C@@H](CCC(N)=O)C(=O)N[C@@H](CCCNC(N)=N)C(=O)N[C@@H](C(C)C)C(=O)N[C@@H](CCCCN)C(=O)N[C@@H](CC(N)=O)C(=O)N[C@@H](CCCCN)C(N)=O
2332,CSCC[C@H](NC(=O)[C@H](CCC(N)=O)NC(=O)[C@H](CCCCN)NC(=O)[C@H](CCCN=C(N)N)NC(=O)[C@H](Cc1ccc(O)cc1)NC(=O)[C@H](CCCN=C(N)N)NC(=O)[C@H](CO)NC(=O)[C@H](Cc1ccc(O)cc1)NC(=O)[C@H](CO)NC(=O)[C@H](CC(O)=O)NC(=O)[C@@H](NC(=O)[C@@H](N)Cc1ccccc1)[C@@H](C)O)C(=O)N[C@@H](C)C(=O)N[C@@H](C(C)C)C(=O)N[C@@H](CCCCN)C(=O)N[C@@H](CCCCN)C(=O)N[C@@H](Cc1ccc(O)cc1)C(=O)N[C@@H](CC(C)C)C(=O)N[C@@H](C)C(=O)N[C@@H](C)C(=O)N[C@@H](C(C)C)C(=O)N[C@@H](CC(C)C)C(=O)NCC(=O)N[C@@H](CCCCN)C(=O)N[C@@H](CCCN=C(N)N)C(=O)N[C@@H](Cc1ccc(O)cc1)C(=O)N[C@@H](CCCCN)C(=O)N[C@@H](CCC(N)=O)C(=O)N[C@@H](CCCN=C(N)N)C(=O)N[C@@H](C(C)C)C(=O)N[C@@H](CCCCN)C(=O)N[C@@H](CC(N)=O)C(=O)N[C@@H](CCCCN)C(N)=O
2333,Clc1ccccc1C(=O)NCCC12CC3CC(CC(C3)C1)C2
2334,Clc1ccccc1C(=O)NCC12CC3CC(CC(C3)C1)C2
2335,Oc1csc(=O)n1C(CCc1ccncc1)COc1ccc(cc1)-c1cccc(c1)[N+]([O-])=O
2336,Clc1cccc(C(=O)NCC23CC4CC(CC(C4)C2)C3)c1Cl
2337,Clc1ccc(Cl)c(c1)C(=O)NCC12CC3CC(CC(C3)C1)C2
2338,COc1ccc(C)c(NC(=O)CC23CC4CC(CC(C4)C2)C3)c1
2339,COc1cc2nc(nc(N)c2cc1OC)N1CCN(CC1)C(=O)C1COc2ccccc2O1
2340,CC(C)C1NC(=O)C(Cc2ccccc2)NC(=O)C(Cc2ccc(O)cc2)NC(=O)CC2(CCCCC2)SSCC(NC(=O)C(CC(N)=O)NC1=O)C(=O)N1CCCC1C(=O)NC(CCCN=C(N)N)C(=O)NCC(N)=O
2341,CC(=O)C[C@@H]1NC(=O)[C@H](CCC(N)=O)NC(=O)[C@H](CC2=CCCC=C2)NC(=O)[C@H](NC(=O)[C@@H](N)CSSC[C@H](NC1=O)C(=O)N1CCC[C@H]1C(=O)N[C@@H](CCCN=C(C)C)C(=O)NCC(N)=O)C(c1ccccc1)c1ccccc1
2342,NC(=O)CC[C@@H]1NC(=O)[C@H](Cc2ccccc2)NC(=O)[C@H](NC(=O)CCSSC[C@H](NC(=O)[C@H](CC(N)=O)NC1=O)C(=O)N1CCC[C@H]1C(=O)N[C@H](CCCN=C(N)N)C(=O)NCC(N)=O)C(c1ccccc1)c1ccccc1
2343,NC(=O)CC[C@@H]1NC(=O)[C@H](Cc2ccccc2)NC(=O)[C@H](NC(=O)CCSSC[C@H](NC(=O)[C@H](CC(N)=O)NC1=O)C(=O)N1CCC[C@H]1C(=O)N[C@@H](CCCN=C(N)N)C(=O)NCC(N)=O)C(c1ccccc1)c1ccccc1
2344,CC(=O)C[C@@H]1NC(=O)[C@H](CCC(N)=O)NC(=O)[C@H](Cc2ccccc2)NC(=O)[C@H](NC(=O)[C@@H](N)CSSC[C@H](NC1=O)C(=O)N1CCC[C@H]1C(=O)N[C@H](CCCN=C(C)C)C(=O)NCC(N)=O)C(c1ccccc1)c1ccccc1
2345,CC(C)[C@@H]1NC(=O)[C@H](Cc2ccccc2)NC(=O)[C@H](NC(=O)CCSSC[C@H](NC(=O)[C@H](CC(N)=O)NC1=O)C(=O)N1CCC[C@H]1C(=O)N[C@H](CCCN=C(N)N)C(=O)NCC(N)=O)C(c1ccccc1)c1ccccc1
2346,C(CN1CCCCC1)C#Cc1cccc(CN2CCCCC2)c1
2347,C(CN1CCCCC1)C#Cc1ccc(CN2CCOCC2)cc1
2348,C(CN1CCCCC1)C#Cc1cccc(CN2CCOCC2)c1
2349,CN(Cc1ccc(F)c(c1)C(F)(F)F)C(=O)C(C)(CCN1CCC(CC1)N1CCCC1=O)c1ccc(Cl)c(Cl)c1
2350,CN(Cc1ccc(F)c(c1)C(F)(F)F)C(=O)C(C)(CCN1CCC(CC1)N(C)C(C)=O)c1ccc(Cl)c(Cl)c1
2351,CN(Cc1ccccc1Cl)C(=O)C(C)(CCN1CCC(CC1)N(C)C(C)=O)c1ccc(Cl)c(Cl)c1
2352,CO\N=C1\C[C@H](N(C1)C(=O)c1ccc(cc1)-c1ccccc1C)C(=O)NC[C@@H](O)c1ccccc1
2353,Cc1c(Cl)cccc1NC(=O)c1cnc2ccccc2n1
2354,COc1ccc(C[C@@H](C)NC[C@@H]2Oc3ccccc3O[C@@H]2C)cc1S(N)(=O)=O
2355,COc1ccc(C[C@@H](C)NCCOc2ccccc2OCC(F)(F)F)cc1S(N)(=O)=O
2356,COc1ccc(C[C@@H](C)NCCOc2ccccc2OC(C)C)cc1S(N)(=O)=O
2357,C[C@@H](O)[C@H](NC(=O)[C@H](Cc1ccc(F)cc1)NC(=O)CNC(=O)CNC(=O)CNC(=O)c1ccccc1)C(=O)NCC(=O)N[C@H]1CCCCNC(=O)C[C@H](NC(=O)[C@H](CO)NC(=O)[C@H](CCCCN)NC(=O)[C@H](CCCN=C(N)N)NC1=O)C(=O)N[C@@H](CCCN=C(N)N)C(=O)N[C@@H](CCCCN)C(=O)N[C@H]1CCCCNC(=O)C[C@H](NC(=O)[C@H](CCC(N)=O)NC(=O)[C@H](CC(N)=O)NC(=O)[C@H](CCCCN)NC1=O)C(N)=O
2358,CCCc1nc2cc([nH]c2n1Cc1ccc(cc1)-c1ccccc1C([O-])=O)C(=O)OC
2359,CCc1cc(OCc2ccc(cc2)-c2ccccc2-c2nnn[nH]2)c2CCCCc2n1
2360,Cc1ccnc2n(Cc3ccc(cc3)-c3ccccc3C(O)=O)c(nc12)C1CC1
2361,CCOC(=O)\C=C1/N(Cc2ccc(cc2)-c2ccccc2-c2nnn[nH]2)C(=O)CC1(CC)CC
2362,CCCCc1nc2cc(OC)cc(C(O)=O)c2n1Cc1ccc(cc1)N(CC)C(C(O)=O)c1ccccc1
2363,CCCCc1nc(Cl)c(C(O)=O)n1Cc1ccc(cc1)-c1ccccc1-c1nnn[nH]1
2364,CCc1nc2c(CC)cn(Cc3ccc(cc3)-c3ccccc3-c3nnn[nH]3)n2n1
2365,Clc1ccc(Cc2nn(C[C@H]3CCCN3CCCCc3ccc(OCCCN4CCCCCC4)cc3)c(=O)c3ccccc23)cc1
2366,Oc1ccc(Cc2nn(C[C@H]3CCCN3CCCCc3ccc(OCCCN4CCCCCC4)cc3)c(=O)c3ccccc23)cc1
2367,CN1CCCC(CC1)n1nc(Cc2ccc(Cl)cc2)c2ccccc2c1=O
2368,O[C@H]1[C@@H](CC(=C[C@H]1OP(O)(O)=O)C([O-])=O)O[C@](CF)(OP(O)(O)=O)C(O)=O
2369,CO[C@H]1O[C@@H](COS(O)(=O)=O)[C@@H](O[C@@H]2O[C@H]([C@H](O[C@H]3O[C@@H](COS(O)(=O)=O)[C@@H](O[C@@H]4O[C@H]([C@@H](C[C@H]5O[C@@H](COS(O)(=O)=O)[C@@H](OC)[C@H](OC)[C@@H]5OC)[C@H](OC)[C@@H]4OC)C(O)=O)[C@H](OS(O)(=O)=O)[C@@H]3OS(O)(=O)=O)[C@H](OC)[C@H]2OC)C(O)=O)[C@H](OS(O)(=O)=O)[C@@H]1OS(O)(=O)=O
2370,CO[C@H]1O[C@@H](COS(O)(=O)=O)[C@@H](O[C@@H]2O[C@H]([C@H](O[C@H]3O[C@@H](COS(O)(=O)=O)[C@@H](O[C@@H]4O[C@H]([C@@H](O[C@H]5O[C@@H](COS(O)(=O)=O)[C@@H](OC)[C@H](OC)[C@@H]5OC)[C@H](OC)[C@@H]4OC)C(O)=O)[C@H](OS(O)(=O)=O)[C@@H]3OS(O)(=O)=O)[C@H](OC)[C@H]2OC)C(O)=O)[C@H](OS(O)(=O)=O)[C@@H]1OS(O)(=O)=O
2371,CC(C)NC[C@@H](O)COc1cccc2ccccc12
2372,CC(C)NCC(O)COc1cc(C)cc(C)c1
2373,CCC(C)c1cccc(OCC(O)CNC(C)C)c1
2374,CC(C)NCC(O)COc1ccccc1C
2375,CCCc1ccccc1OCC(O)CNC(C)C
2376,CC(C)NCC(O)COc1ccccc1C#N
2377,C[C@@H](O)C1CC[C@H]2[C@@H]3CCC4=CC(=O)CCC4(C)[C@H]3CCC12C(=O)[CH-][N+]#N
2378,CC(=O)C1CC[C@H]2[C@@H]3CCC4=CC(=O)CCC4(C)[C@H]3CCC12C(=O)[CH-][N+]#N
2379,CC12CCC3C(CCC4=CC(=O)CCC34C)C1CCC2C(=O)[CH-][N+]#N
2380,CC(C)[C@H](NC(=O)[C@H](CCCNC(N)=N)NC(=O)[C@@H](N)CO)C(=O)N[C@@H](Cc1ccc(O)cc1)C(=O)N[C@@H](C(C)C)C(=O)N[C@@H](Cc1cnc[nH]1)C(=O)N1CCC[C@H]1C(=O)N[C@@H](Cc1ccccc1)C(O)=O
2381,OS(=O)(=O)OC[C@@H]1O[C@H](O[C@@H]2[C@@H](OS(O)(=O)=O)C(O[C@H]3[C@@H](OS(O)(=O)=O)O[C@@H](COS(O)(=O)=O)[C@@H](OS(O)(=O)=O)[C@@H]3OS(O)(=O)=O)O[C@@H](COS(O)(=O)=O)[C@H]2S(O)(=O)=O)[C@H](OS(O)(=O)=O)[C@@H](OS(O)(=O)=O)[C@@H]1OS(O)(=O)=O
2382,CC[C@@H]1C[C@H]2[C@@H]3CCC4=CC(=O)CC[C@@H]4[C@H]3CC[C@]2(C)[C@H]1C(=O)CO
2383,CO[C@@]1(CN2CCC1CC2)C#C[C@@](O)(c1ccccc1)c1cccnc1
2384,CC(C)N(CC[C@H](c1ccccc1)c1cc(C)ccc1O)C(C)C
2385,COC1(CN2CCC1CC2)C#CC(O)(c1ccccc1)c1cccnc1F
2386,COC1(CN2CCC1CC2)C#CC(O)(C1CCC1)c1ccccc1
2387,COC1(CN2CCC1CC2)C#CC(O)(c1ccccc1)c1ccncc1
2388,CO[C@@]1(CN2CCC1CC2)C#CC(O)(c1cccs1)c1cccs1
2389,CC(C)(C)NCC(O)COc1cccc2[nH]c(C#N)c(I)c12
2390,CCOc1ccc(C[C@H]2NC(=O)CCSSC[C@H](NC(=O)[C@H](CC(N)=O)NC(=O)[C@@H](NC(=O)[C@@H](NC2=O)[C@@H](C)CC)[C@@H](C)O)C(=O)N2CCC[C@H]2C(=O)N[C@@H](CCCN)C(=O)NCC(N)=O)cc1
2391,COc1ccc(Br)c2C[C@@H]3[C@H](C[C@H](CN3C)C(=O)N3CCN(CC3)c3ccc(cc3)[N+]([O-])=O)Cc12
2392,COc1cccc2C[C@@H]3[C@H](C[C@H](CN3C)C(=O)N3CCN(CC3)c3ccc(cc3)[N+]([O-])=O)Cc12
2393,COc1cccc2C[C@@H]3[C@H](C[C@H](CN3C)C(=O)N3CCN(CC3)c3ccccn3)Cc12
2394,CN1C[C@@H](C[C@@H]2Cc3c(C[C@@H]12)cccc3OS(C)(=O)=O)C(=O)N1CCN(CC1)c1ccc2nsnc2n1
2395,CN1C[C@@H](C[C@@H]2Cc3c(C[C@@H]12)cccc3C#N)C(=O)N1CCN(CC1)c1ccc(cc1)[N+]([O-])=O
2396,COc1cccc2C[C@@H]3[C@H](C[C@H](CN3C)C(=O)N3CCN(CC3)c3ccc4nsnc4n3)Cc12
2397,CN1C[C@@H](C[C@@H]2Cc3c(C[C@@H]12)cccc3OCc1ccccc1)C(=O)N1CCN(CC1)c1ccc2nsnc2n1
2398,COc1ccc(C=O)c2C[C@@H]3[C@H](C[C@H](CN3C)C(=O)N3CCN(CC3)c3ccc4nsnc4n3)Cc12
2399,CN1C[C@@H](C[C@@H]2Cc3c(O)cccc3C[C@@H]12)C(=O)N1CCN(CC1)c1ccc(cc1)[N+]([O-])=O
2400,COc1ccc(Br)c2C[C@@H]3[C@H](C[C@H](CN3C)C(=O)N3CCN(CC3)c3ccc4nsnc4n3)Cc12
2401,CN1C[C@@H](C[C@@H]2Cc3c(C[C@@H]12)cccc3OS(=O)(=O)c1ccc(C)cc1)C(=O)N1CCN(CC1)c1ccc2nsnc2n1
2402,CC(C)Oc1cccc2C[C@@H]3[C@H](C[C@H](CN3C)C(=O)N3CCN(CC3)c3ccc(cc3)[N+]([O-])=O)Cc12
2403,CN1C[C@@H](C[C@@H]2Cc3c(C[C@@H]12)cccc3OC(=O)C(C)(C)C)C(=O)N1CCN(CC1)c1ccc(cc1)[N+]([O-])=O
2404,CN1C[C@@H](C[C@@H]2Cc3c(C[C@@H]12)cccc3C(C)=O)C(=O)N1CCN(CC1)c1ccc(cc1)[N+]([O-])=O
2405,COc1ccc(Cl)c2C[C@@H]3[C@H](C[C@H](CN3C)C(=O)N3CCN(CC3)c3ccc(cc3)[N+]([O-])=O)Cc12
2406,COc1ccc(SC)c2C[C@@H]3[C@H](C[C@H](CN3C)C(=O)N3CCN(CC3)c3ccc(cc3)[N+]([O-])=O)Cc12
2407,COc1cccc2C[C@H]3NC[C@@H](C[C@@H]3Cc12)C(=O)N1CCN(CC1)c1ccc(cc1)[N+]([O-])=O
2408,CN1C[C@@H](C[C@@H]2Cc3c(C[C@@H]12)cccc3OS(=O)(=O)C(F)(F)F)C(=O)N1CCN(CC1)c1ccccn1
2409,CN1C[C@@H](C[C@@H]2Cc3c(C[C@@H]12)cccc3OC(=O)OC(C)(C)C)C(=O)N1CCN(CC1)c1ccc(cc1)[N+]([O-])=O
2410,COc1cccc2C[C@@H]3[C@H](C[C@H](CN3C)C(=O)N3CCN(CC3)c3cccc(=O)[nH]3)Cc12
2411,COc1cccc2C[C@@H]3[C@H](C[C@H](CN3C)C(=O)N3CCN(CC3)c3ccc(F)cc3)Cc12
2412,COc1cccc2C[C@@H]3[C@H](C[C@H](CN3C)C(=O)N3CCN(CC3)c3ccc(cc3S(C)(=O)=O)[N+]([O-])=O)Cc12
2413,COc1cccc2C[C@@H]3[C@H](C[C@H](CN3C)C(=O)N3CCN(CC3)c3cccc4nonc34)Cc12
2414,COc1cccc2C[C@@H]3[C@H](C[C@H](CN3C)C(=O)N3CCN(CC3)c3ccc(F)c(F)c3)Cc12
2415,COc1cccc2C[C@@H]3[C@H](C[C@H](CN3C)C(=O)N3CCN(CC3)c3ccc(cn3)C#N)Cc12
2416,COc1cccc2C[C@@H]3[C@H](C[C@H](CN3C)C(=O)N3CCN(CC3)c3ccccc3F)Cc12
2417,COc1cccc2C[C@@H]3[C@H](C[C@H](CN3C)C(=O)N3CCN(CC3)c3cccc(F)c3C#N)Cc12
2418,COc1cccc2C[C@@H]3[C@H](C[C@H](CN3C)C(=O)N3CCN(CC3)c3ccccc3[N+]([O-])=O)Cc12
2419,COc1cccc2C[C@@H]3[C@H](C[C@H](CN3C)C(=O)N3CCN(CC3)c3cccc4ccc(cc34)C#N)Cc12
2420,COc1cccc2C[C@@H]3[C@H](C[C@H](CN3C)C(=O)N3CCN(CC3)c3ccc4ccccc4n3)Cc12
2421,COc1cccc2C[C@@H]3[C@H](C[C@H](CN3C)C(=O)N3CCN(CC3)c3ccccc3C#N)Cc12
2422,COc1cccc2C[C@@H]3[C@H](C[C@H](CN3C)C(=O)N3CCN(CC3)c3cccc(c3)C(F)(F)F)Cc12
2423,COc1cccc2C[C@@H]3[C@H](C[C@H](CN3C)C(=O)N3CCN(CC3)c3ccc4nccnc4n3)Cc12
2424,COc1cccc2C[C@@H]3[C@H](C[C@H](CN3C)C(=O)N3CCN(CC3)c3cccc(F)c3)Cc12
2425,COc1cccc2C[C@@H]3[C@H](C[C@H](CN3C)C(=O)N3CCN(CC3)c3cccc(c3)[N+]([O-])=O)Cc12
2426,COc1cccc2C[C@@H]3[C@H](C[C@H](CN3C)C(=O)N3CCN(CC3)c3cccc(=O)n3C)Cc12
2427,OC(=O)Cn1cc(CCN(Cc2ccccc2)S(=O)(=O)c2ccc(F)cc2)c2ccccc12
2428,CN1C[C@@H](C[C@H]2[C@H]1Cc1c(Cl)[nH]c3cccc2c13)C(=O)N1CCN(CC1)c1ccc(F)c(F)c1
2429,CN1C[C@@H](C[C@H]2[C@H]1Cc1c[nH]c3cccc2c13)C(=O)N1CCN(CC1)c1cccc(=O)n1C
2430,CCn1c(cccc1=O)N1CCN(CC1)C(=O)[C@@H]1C[C@H]2[C@@H](Cc3c(Cl)[nH]c4cccc2c34)N(C)C1
2431,CN1C[C@@H](C[C@H]2[C@H]1Cc1c[nH]c3cccc2c13)C(=O)N1CCN(CC1)c1ccc(Cl)cc1
2432,CN1C[C@@H](C[C@H]2[C@H]1Cc1c(Cl)[nH]c3cccc2c13)C(=O)N1CCN(CC1)c1ccc(cc1)[N+]([O-])=O
2433,CN1C[C@@H](C[C@H]2[C@H]1Cc1c(Br)[nH]c3cccc2c13)C(=O)N1CCN(CC1)c1cccc(=O)n1C
2434,CN1C[C@@H](C[C@H]2[C@H]1Cc1c(Br)[nH]c3cccc2c13)C(=O)N1CCN(CC1)c1ccc2nsnc2n1
2435,CCN1C[C@@H](C[C@H]2[C@H]1Cc1c(Br)[nH]c3cccc2c13)C(=O)N1CCN(CC1)c1ccc(F)c(F)c1
2436,CN1C[C@@H](C[C@H]2[C@H]1Cc1c(Br)[nH]c3cccc2c13)C(=O)N1CCN(CC1)c1ccc(cc1)[N+]([O-])=O
2437,CN1C[C@@H](C[C@H]2[C@H]1Cc1c(Br)[nH]c3cccc2c13)C(=O)N1CCN(CC1)c1ccc2nonc2c1
2438,CN1C[C@@H](C[C@H]2[C@H]1Cc1c[nH]c3cccc2c13)C(=O)N1CCN(CC1)c1ccc(cc1)[N+]([O-])=O
2439,CN1C[C@@H](C[C@H]2[C@H]1Cc1c(Br)[nH]c3cccc2c13)C(=O)N1CCN(CC1)c1ccc(Cl)cc1
2440,CN1C[C@@H](C[C@H]2[C@H]1Cc1c(Cl)[nH]c3cccc2c13)C(=O)N1CCN(CC1)c1ccc2nonc2c1
2441,CN1C[C@@H](C[C@H]2[C@H]1Cc1c(Cl)[nH]c3cccc2c13)C(=O)N1CCN(CC1)c1cccc(=O)n1C
2442,CN1C[C@@H](C[C@H]2[C@H]1Cc1c(Br)[nH]c3cccc2c13)C(=O)N1CCN(CC1)c1ccccn1
2443,C[C@]12CC[C@H]3[C@@H](CC[C@H]4CC(=O)CC[C@]34C)[C@@H]1CC[C@@H]2O
2444,C[C@]12CC[C@H]3[C@@H](CC=C4C[C@@H](O)CC[C@]34C)[C@@H]1CCC2=O
2445,CC[C@]12CC(=C)C3[C@@H](CCC4=C[C@@H](O)CC[C@]34C)[C@@H]1CC[C@@]2(O)C#C
2446,C[C@]12CC[C@H]3[C@@H](CCC4=CC(=O)CC[C@]34C)[C@@H]1C[C@@H](O)[C@@H]2O
2447,CC[C@]12C=CC3=C4CCC(=O)C=C4CC[C@H]3[C@@H]1CC[C@@]2(O)C#C
2448,CC[C@]12CC(=C)[C@H]3[C@@H](CCC4=CC(=O)CC[C@H]34)[C@@H]1CC[C@@]2(O)C#C
2449,C[C@@]12CCC[C@H]1[C@@H]1CCc3cc(O)ccc3[C@H]1CC2
2450,C[C@@H]1CC2=CC(=O)C=C[C@]2(C)[C@H]2CC[C@]3(C)[C@@H](O)CC[C@H]3[C@H]12
2451,C[C@H]1C[C@H]2[C@@H]3CC[C@H](O)[C@@]3(C)CC[C@@H]2[C@@]2(C)CCC(=O)C=C12
2452,C[C@@H]1CC2CC(=O)CC[C@@H]2[C@H]2CC[C@]3(C)[C@@H](O)CC[C@H]3[C@H]12
2453,C[C@@H]1C[C@H]2C[C@@H](O)CC[C@]2(C)[C@H]2CC[C@@]3(C)[C@@H](CC[C@]3(C)O)[C@H]12
2454,C[C@@H]1CC2=CC(=O)CC[C@]2(C)[C@@]2(F)CC[C@]3(C)[C@@H](O)CC[C@H]3[C@H]12
2455,C[C@]12CC[C@H]3C(=CCc4cc(O)ccc34)[C@@H]1CC[C@@H]2O
2456,CC[C@]12CC(=C)[C@H]3[C@@H](CC[C@H]4CC(=O)CC[C@H]34)[C@@H]1CC[C@@]2(O)C#C
2457,CC[C@]12CC[C@H]3[C@@H](CCC4=CC(=O)CC[C@H]34)[C@@H]1CC[C@@]2(O)C#C
2458,C[C@]12CC[C@H]3[C@@H](CCC4=C[C@@H](O)CC[C@]34C)[C@@H]1CC[C@@H]2O
2459,C[C@@H]1C[C@H]2C[C@@H](O)CC[C@]2(C)[C@H]2CC[C@]3(C)[C@@H](O)CC[C@H]3[C@H]12
2460,C[C@@H]1C[C@H]2CC(=O)CC[C@]2(C)[C@H]2CC[C@@]3(C)[C@@H](CC[C@]3(C)O)[C@H]12
2461,C[C@@H]1CC2=CC(=O)CC[C@@H]2[C@H]2CC[C@]3(C)[C@@H](O)CC=C3[C@H]12
2462,COc1cc2[C@H]3CC[C@]4(C)[C@@H](O)CC[C@H]4[C@@H]3CCc2cc1O
2463,C[C@]12CCc3c(ccc4ccc(O)cc34)[C@@H]1CC[C@@H]2O
2464,C[C@]12CC[C@H]3[C@@H](CC=C4C[C@@H](O)CC[C@]34C)[C@@H]1CC[C@@H]2O
2465,C[C@]12CC[C@H]3[C@@H](CCc4cc(O)c(I)cc34)[C@@H]1CC[C@@H]2O
2466,C[C@]12CC[C@H]3[C@@H](CC[C@H]4CC(=O)CC[C@]34C)[C@@H]1CC[C@@]2(O)C#C
2467,CC[C@]12CC(=C)C3[C@@H](CCC4=C[C@H](O)CC[C@]34C)[C@@H]1CC[C@@]2(O)C#C
2468,C[C@]12CC[C@H]3[C@@H](CCC4=CC(=O)CC[C@H]34)[C@@H]1CC[C@@]2(O)C#C
2469,C[C@]12CC[C@H]3[C@@H](CCC4=Cc5oncc5C[C@]34C)[C@@H]1CC[C@@]2(O)C#C
2470,C[C@]12CC[C@H]3C(=CCc4cc(O)ccc34)[C@@H]1CCC2=O
2471,C[C@@H]1CC2=CC(=O)CC[C@]2(C)[C@H]2CC[C@@]3(C)[C@@H](CC[C@]3(C)O)[C@H]12
2472,C[C@]12CC[C@H]3[C@@H](CC=C4C[C@@H](O)CC[C@]34C)[C@@H]1CC[C@@]2(O)C#C
2473,C[C@]12CC[C@H]3[C@@H](C[C@H](F)[C@H]4CC(=O)CC[C@]34C)[C@@H]1CC[C@@H]2O
2474,C[C@]12CC[C@H]3[C@@H](CC[C@H]4C[C@H](O)CC[C@]34C)[C@@H]1CC[C@@H]2O
2475,C[C@]12CC[C@H]3[C@@H](CCC4=CC(=O)CC[C@]34C)[C@@H]1CC[C@@H]2O
2476,CC[C@H]1OC(=O)[C@H](C)[C@@H](OC(=O)N2[C@@H](C)COC2=O)[C@H](C)[C@@H](O[C@@H]2O[C@H](C)C[C@@H]([C@H]2O)N(C)CC2CC2)[C@](C)(C[C@@H](C)C(=O)[C@H](C)[C@H]2N(CCc3ccc(Cl)c(Cl)c3)C(=O)O[C@]12C)OC
2477,CN(C)c1ccc(NC(=O)Nc2cc(C)nc3c(F)cc(F)cc23)cc1
2478,Brc1ccc(NC(=O)O[C@@H]2C3CCN(CC3)[C@H]2Cc2cccnc2)cc1
2479,O=C(N[C@@H]1C2CCN(CC2)[C@H]1Cc1cccnc1)c1cc2ccccc2o1
2480,CC(C)=Cc1c(O)c(C=C(C)C)c2oc(cc(=O)c2c1O)-c1ccccc1
2481,CC(C)=CCCC(C)=Cc1c(O)cc(O)c2c1oc(cc2=O)-c1ccccc1
2482,COc1ccc(cc1)-n1nc2c(NC(=O)CCC(=O)NCCCCCCCCNC(=O)CCCCCNC(=O)COc3ccc([CH+]\C=c4\ccc5=Cc6ccc(-c7cccs7)n6[B-](F)(F)n45)cc3)nc3ccccc3n2c1=O
2483,COc1ccc(cc1)-n1nc2c(NC(=O)CCC(=O)NCCOCCOCCN)nc3ccccc3n2c1=O
2484,COc1ccc(cc1)-n1nc2c(NC(=O)CN)nc3ccccc3n2c1=O
2485,COc1ccc(cc1)-n1nc2c(NC(=O)CCC(=O)NCCOCCOCCNC(=O)CCCCCNC(=O)COc3ccc([CH+]\C=c4\ccc5=Cc6ccc(-c7cccs7)n6[B-](F)(F)n45)cc3)nc3ccccc3n2c1=O
2486,COc1ccc(cc1)-n1nc2c(NC(=O)CCC(=O)NCCOCCOCCNC(=O)CCCCCNC(=O)COc3ccc(cc3)C3=[N+]4C(C=C3)=Cc3ccc(-c5cccs5)n3[B-]4(F)F)nc3ccccc3n2c1=O
2487,COc1ccc(cc1)-n1nc2c(NC(=O)CCC(=O)NCCOCCOCCNC(=O)CCOCCOCCOCCOCCOCCOCCOCCOCCOCCOCCOCCOCCNC(=O)c3ccc(c(c3)C([O-])=O)-c3c4ccc(cc4oc4cc(ccc34)=[N+](C)C)N(C)C)nc3ccccc3n2c1=O
2488,CO[C@@H]1[C@@H](OC(N)=O)[C@H](O)[C@@H](Oc2ccc3c(O)c(NC(=O)c4ccc(O)c(CC=C(C)C)c4)c(=O)oc3c2C)OC1(C)C
2489,OC[C@H](O)COc1ccc2CCc3cc(Nc4ccc(F)c(NC(=O)c5ccccc5)c4)ccc3C(=O)c2c1
2490,Cc1cn(cn1)-c1cc(F)cc(NC(=O)c2ccc(C)c(Nc3nccc(n3)-c3cccnc3)c2)c1
2491,Cc1cn(cn1)-c1cccc(NC(=O)c2ccc(C)c(Nc3nccc(n3)-c3cccnc3)c2)c1
2492,Cc1cn(cn1)-c1cc(C)cc(NC(=O)c2ccc(C)c(Nc3nccc(n3)-c3cccnc3)c2)c1
2493,CN(c1ncccc1CNc1c(cnc2[nH]c(cc12)-c1ccc(F)cc1)C(F)(F)F)S(C)(=O)=O
2494,CN(c1ncccc1CNc1c(cnc2[nH]c(cc12)-c1ccnc(C)c1)C#N)S(C)(=O)=O
2495,CNC(=O)c1ccccc1Nc1c(cnc2[nH]c(cc12)-c1cccnc1)C(F)(F)F
2496,CN(C)CC[C@H](CSc1ccccc1)Nc1ccc(cc1S(=O)(=O)C(F)(F)F)S(=O)(=O)Nc1nc(nc2CN(CCc12)C1CCN(Cc2ccccc2-c2ccc(Cl)cc2)CC1)C(F)(F)F
2497,CN(C)CC[C@H](CSc1ccccc1)Nc1ccc(cc1S(=O)(=O)C(F)(F)F)S(=O)(=O)Nc1nc(Cl)nc2CN(CCc12)C1CCN(Cc2ccccc2-c2ccc(Cl)cc2)CC1
2498,CC(N1CCC(CC1)N1CCc2c(C1)ncnc2NS(=O)(=O)c1ccc(N[C@H](CCN(C)C)CSc2ccccc2)c(c1)S(=O)(=O)C(F)(F)F)c1ccccc1-c1ccc(Cl)cc1
2499,CN(C)CC[C@H](CSc1ccccc1)Nc1ccc(cc1S(=O)(=O)C(F)(F)F)S(=O)(=O)Nc1ncnc2CN(CCc12)C1CCN(Cc2cc(F)ccc2-c2ccc(Cl)cc2)CC1
2500,CN(C)CC[C@H](CSc1ccccc1)Nc1ccc(cc1S(=O)(=O)C(F)(F)F)S(=O)(=O)Nc1nnc2CCN(CCn12)C1CCN(Cc2ccccc2-c2ccc(Cl)cc2)CC1
2501,CN(C)CC[C@H](CSc1ccccc1)Nc1ccc(cc1[N+]([O-])=O)S(=O)(=O)NC(=O)c1ccc(cc1)N1CCN(Cc2ccccc2-c2ccc(Cl)cc2)CC1
2502,CC(C)(C)[C@@H](NC(=O)c1c[nH]c2ncc(nc12)C1CC1)C(=O)N1CC(C1)C#N
2503,Cn1cc(cn1)-c1cnc2ccc3ccc(CS(=O)(=O)NCc4ccccn4)cc3c(=O)c2c1
2504,OC(=O)Cc1ccccc1S(=O)(=O)c1ccc(cc1)-c1ccc(OCCF)cc1
2505,CC(C)[C@H](NC(=O)[C@H](C)NC(=O)[C@@H](NC(=O)[C@H](CC(N)=O)NC(=O)[C@@H](NC(=O)[C@H](CC(O)=O)NC(=O)[C@H](CCC(N)=O)NC(C)=O)C(C)C)[C@@H](C)O)C(=O)N[C@@H](C)C(=O)N[C@@H](Cc1c[nH]c2ccccc12)C(N)=O
2506,Oc1ccc(cc1)-c1cc(=O)c2c(O)cc(O)c(-c3cc(ccc3O)-c3cc(O)c4c(cc(O)cc4=O)o3)c2o1
2507,O[C@H]1Cc2c(O)cc3O[C@@]4(Oc5cc(O)cc(O)c5[C@@H]([C@H]4O)c3c2O[C@@H]1c1ccc(O)cc1)c1ccc(O)c(O)c1
2508,O[C@H]1Cc2c(O)cc(O)c([C@@H]3C[C@H](Oc4cc(O)cc(O)c34)c3ccc(O)cc3)c2O[C@@H]1c1ccc(O)cc1
2509,COc1cc(CCc2ccccc2)c(C(O)=O)c(O)c1C\C=C(/C)CCC=C(C)C
2510,CC(C)(Sc1ccc(CCN(CCCCC2CCCCC2)C(=O)NC2CCCCC2)cc1)C(O)=O
2511,OC(=O)c1c(Sc2ccccc2)c2cc(Cl)ccc2n1Cc1ccc(Cl)cc1
2512,OC[C@H]1O[C@@H](O[C@@H]2OC=C[C@H]3[C@H](OC(=O)c4ccc(O)cc4)[C@@H]4O[C@]4(CO)[C@@H]23)[C@H](O)[C@@H](O)[C@@H]1O
2513,NS(=O)(=O)c1c(F)c(F)cc(F)c1F
2514,NS(=O)(=O)c1c(F)c(F)c(Sc2nc(c([nH]2)-c2ccccc2)-c2ccccc2)c(F)c1F
2515,NS(=O)(=O)c1c(F)c(F)c(SC2=S=Nn3c2nc2ccccc32)c(F)c1F
2516,NS(=O)(=O)c1c(F)c(F)c(NC23CC4CC(CC(C4)C2)C3)c(F)c1F
2517,Cc1cc(C)nc(Sc2c(F)c(F)c(c(F)c2F)S(N)(=O)=O)n1
2518,Cc1cc(C)c(CSc2c(F)c(F)c(c(F)c2F)S(N)(=O)=O)c(C)c1
2519,NS(=O)(=O)c1c(F)c(F)c(NCCc2ccc(O)cc2)c(F)c1F
2520,NS(=O)(=O)c1c(F)c(F)c(SCc2ccccc2)c(F)c1F
2521,NS(=O)(=O)c1c(F)c(F)c(NCCCCCC(O)=O)c(F)c1F
2522,CCCSc1c(F)c(F)c(c(F)c1F)S(N)(=O)=O
2523,NS(=O)(=O)c1c(F)c(F)c(N=NCc2ccccc2)c(F)c1F
2524,NS(=O)(=O)c1c(F)c(F)c(c(F)c1F)S(=O)(=O)c1ccccc1
2525,NS(=O)(=O)c1c(F)c(F)c(Sc2ccccc2)c(F)c1F
2526,CCOc1ccc2nc(sc2c1)S(N)(=O)=O
2527,CCCSc1ccc(cc1)S(N)(=O)=O
2528,NS(=O)(=O)c1c(F)c(F)c(Sc2nc3ccccc3s2)c(F)c1F
2529,NS(=O)(=O)c1c(F)c(F)c(SCCc2ccccc2)c(F)c1F
2530,NS(=O)(=O)c1c(F)c(F)c(Oc2ccccc2)c(F)c1F
2531,NS(=O)(=O)c1c(F)c(F)c(SCC(O)=O)c(F)c1F
2532,NS(=O)(=O)c1c(F)c(F)c(F)c(F)c1F
2533,NS(=O)(=O)c1c(F)c(F)c(c(F)c1F)S(=O)(=O)CCc1ccccc1
2534,NS(=O)(=O)c1c(F)c(F)c(NCc2ccccc2)c(F)c1F
2535,NS(=O)(=O)c1c(F)c(F)c(SCCC(O)=O)c(F)c1F
2536,NS(=O)(=O)c1c(F)c(F)c(N2CCOCC2)c(F)c1F
2537,NNc1c(F)c(F)c(c(F)c1F)S(N)(=O)=O
2538,NS(=O)(=O)c1ccc(SCCc2ccccc2)cc1
2539,CCCC(=O)O[C@H]1C[C@](C)(OC(C)=O)[C@H]2[C@H](OC(=O)c3ccccc3)[C@@H](OC(=O)C(\C)=C/C)C(C)=C2[C@@H]2OC(=O)[C@@](C)(O)[C@@]12O
2540,CCCCCCCC(=O)O[C@@H]1[C@@H](OC(=O)C(\C)=C/C)C(C)=C2[C@@H]3OC(=O)[C@@](C)(O)[C@@]3(O)[C@H](C[C@](C)(OC(=O)CCCCCCC)[C@@H]12)OC(=O)CCC
2541,CCCCCCCC(=O)O[C@@H]1[C@@H](OC(=O)C(\C)=C/C)C(C)=C2[C@@H]3O[C@H]4N=C(CCC)O[C@@]4(C)[C@@]3(O)[C@H](C[C@](C)(OC(C)=O)[C@@H]12)OC(=O)CCC
2542,CCCCCCCC(=O)O[C@@H]1[C@@H](OC(=O)C(\C)=C/C)C(C)=C2[C@@H]3O[C@H]4N=C(C)O[C@@]4(C)[C@@]3(O)[C@H](C[C@](C)(OC(C)=O)[C@@H]12)OC(=O)CCC
2543,CCCCCCCC(=O)O[C@@H]1[C@@H](OC(=O)C(\C)=C/C)C(C)=C2[C@@H]3O[C@H](OC(C)=O)[C@@](C)(OC(C)=O)[C@@]3(O)[C@H](C[C@](C)(OC(C)=O)[C@@H]12)OC(=O)CCC
2544,CCCCCCCC(=O)O[C@@H]1[C@@H](OC(=O)C(\C)=C/C)C(C)=C2[C@@H]3OC(=O)[C@@](C)(O)[C@@]3(OC(C)=O)[C@H](C[C@](C)(OC(C)=O)[C@@H]12)OC(=O)CCC
2545,CCCCCCCC(=O)O[C@@H]1[C@@H](OC(=O)C(\C)=C/C)C(C)=C2[C@@H]3OC(=O)[C@@](C)(O)[C@@]3(OC(=O)C(C)C)[C@H](C[C@](C)(OC(C)=O)[C@@H]12)OC(=O)CCC
2546,CCCCCCCC(=O)O[C@@H]1[C@@H](OC(=O)C(\C)=C/C)C(C)=C2[C@@H]3OC(=O)[C@@](C)(O)[C@@]3(OC(=O)CCCCC)[C@H](C[C@](C)(OC(C)=O)[C@@H]12)OC(=O)CCC
2547,CCCCCCCC(=O)O[C@@H]1[C@@H](OC(=O)C(\C)=C/C)C(C)=C2[C@@H]3OC(=O)[C@@](C)(O)[C@@]3(O)[C@@H](O)C[C@](C)(OC(C)=O)[C@@H]12
2548,C[C@@H](NC(=O)c1c[nH]c2ncc(nc12)-c1nn(C)c2cc(Cl)ccc12)C(=O)N1CC(C1)C#N
2549,NCc1ccc(CN(CCCCN(O)C(=O)C=CC([O-])=O)C(=S)Nc2ccc(c(c2)C([O-])=O)-c2c3ccc(O)cc3oc3cc(=O)ccc23)cc1
2550,CC[C@H](C)[C@H](NC(=O)[C@H](CCCN=C(N)N)NC(=O)[C@H](CCCN=C(N)N)NC(=O)[C@H](CC(C)C)NC(=O)[C@H](CCC(O)=O)NC(=O)[C@H](CCC(N)=O)NC(=O)[C@H](C)NC(=O)[C@@H](NC(=O)[C@H](CCCN=C(N)N)NC(=O)[C@@H](NC(=O)[C@H](CCC(O)=O)NC(=O)[C@@H]1CCCN1C(=O)[C@H](CCCN=C(N)N)NC(=O)[C@H](CC(C)C)NC(=O)[C@H](CC(O)=O)NC(=O)CCCC[C@@H]1SC[C@@H]2NC(=O)N[C@H]12)[C@@H](C)CC)[C@@H](C)CC)C(=O)NCC(=O)N[C@@H](CC(O)=O)C(=O)N[C@@H](CCC(O)=O)C(=O)N[C@@H](Cc1ccccc1)C(=O)N[C@@H](CC(N)=O)C(=O)N[C@@H](CCC(O)=O)C(=O)N[C@@H]([C@@H](C)O)C(=O)N[C@@H](Cc1ccc(O)cc1)C(=O)N[C@@H]([C@@H](C)O)C(=O)N[C@@H](CCCN=C(N)N)C(=O)N[C@@H](CCCN=C(N)N)C(O)=O
2551,OC(=O)c1cccc(n1)-c1ccc2CCCC(=NNc3nc4ccccc4s3)c2c1
2552,CCCCCCCOC1OC(CO)C(O)C(O)C1O
2553,CCNC(=O)C(C1CCN(CC1)c1ccc(NC(=O)Nc2c(C)noc2C)cc1F)c1ccccc1
2554,COC(=O)c1c(O)ccc(O)c1C(=O)c1c(O)cc2C[C@@]34CC=C(C(=O)C3C(=O)c3c(O)cc(C)cc3[C@@H]4OC(C)=O)c2c1O
2555,COC(=O)[C@@]12Oc3c(C(=O)C1C(=O)C=C[C@H]2O)c(O)cc1C[C@@]24CC=C(C(=O)C2C(=O)c2c(O)cc(C)cc2[C@@H]4OC(C)=O)c31
2556,CC(C)[C@@H](N(CCCN)C(=O)c1ccc(C)cc1)c1oc2cc(Cl)ccc2c(=O)c1Cc1ccccc1
2557,Nc1ncnc2n(CCCNC(=S)Nc3ccc(c(c3)C(O)=O)-c3c4ccc(O)cc4oc4cc(=O)ccc34)c(Sc3cc4OCOc4cc3I)nc12
2558,CC(C)N(CCCn1c(Sc2cc3OCOc3cc2I)nc2c(N)ncnc12)C(=S)Nc1ccc(c(c1)C(O)=O)-c1c2ccc(O)cc2oc2cc(=O)ccc12
2559,CO[C@H]1C[C@H](C)Cc2c(O)c(NC(=O)C(C)=CC=C[C@H](OC)[C@@H](OC(N)=O)\C(C)=C\[C@H](C)[C@H]1O)cc(O)c2N=CCCCNC(=O)Cc1ccc2N3CCC4OC5CC[N+]6=C(C5=CC4=C3C(C)(C)c2c1)C(C)(C)c1cc(ccc61)S([O-])(=O)=O
2560,COc1ccc(cc1)C(=O)Nc1cc(Br)cc2c1oc(cc2=O)C(O)=O
2561,CCO[C@H]1CN(C[C@@H]1NC(=O)CNC(=O)c1cccc(c1)C(F)(F)F)[C@H]1CC[C@](O)(CC1)c1ccc2OCOc2c1
2562,OC(=O)CC[C@H](NC(=O)N[C@@H](CCCCNCc1ccc(I)cc1)C(O)=O)C(O)=O
2563,OC(=O)CC[C@H](NC(=O)N[C@@H](CSC1CC(=O)N(CCCC[C@H](NC(=O)CNC(=O)c2cccc(I)c2)C(O)=O)C1=O)C(O)=O)C(O)=O
2564,COc1cc2c(Oc3ccc(NC(=O)C4(CC4)C(=O)Nc4ccc(F)cc4)cc3F)ccnc2cc1OCCCN1CCOCC1
2565,COC(=O)c1ccc2C(C(=Nc3ccc(cc3)N(C)C(=O)CN3CCN(C)CC3)c3ccccc3)C(=O)Nc2c1
2566,Nc1cc(CN2CCC(CC2)C(=O)N2CCC(CC2)n2c3ccc(F)cc3n(-c3ncccn3)c2=O)ccn1
2567,Nc1cc(CN2CCC(CC2)C(=O)N2CCC(CC2)n2c3ccc(F)cc3n(-c3ccccn3)c2=O)ccn1
2568,Nc1cc(CN2CCC(CC2)C(=O)N2CCC(CC2)n2c3ccc(F)cc3n(CC3CC3)c2=O)ccn1
2569,Nc1cc(CN2CCC(CC2)C(=O)N2CCC(CC2)n2c3ccc(F)cc3n(CC(F)(F)F)c2=O)ccn1
2570,CC(C)Cn1c2cc(F)ccc2n(C2CCN(CC2)C(=O)C2CCN(Cc3ccnc(N)c3)CC2)c1=O
2571,Nc1cc(CN2CCC(CC2)C(=O)N2CCC(CC2)n2c3ccc(F)cc3n(CCCC(F)(F)F)c2=O)ccn1
2572,Nc1cc(CN2CCC(CC2)C(=O)N2CCC(CC2)n2c3ccccc3n(CCN3CCOCC3)c2=O)ccn1
2573,COCCn1c2ccccc2n(C2CCN(CC2)C(=O)C2CCN(Cc3ccnc(N)c3)CC2)c1=O
2574,Nc1cc(CN2CCC(CC2)C(=O)N2CCC(CC2)n2c3ccccc3n(CCCC(F)(F)F)c2=O)ccn1
2575,Cc1cccc(C)c1OCC(=O)N[C@@H](Cc1ccccc1)[C@H](O)C(=O)N1CSC(C)(C)[C@H]1C(=O)N[C@@H]1[C@H](O)Cc2ccccc12
2576,Cc1csc(n1)[C@](C)(O)c1nnc(Nc2ccn(Cc3c(F)cccc3F)n2)s1
2577,Cc1cc(O)[nH]c(=O)c1C#N
2578,O=C(O[C@H]1C[N+]2(Cc3nc(no3)-c3ccccc3)CCC1CC2)C1(CCCCCC1)C1=CC=CC1
2579,O=C(C[N+]12CCC(CC1)[C@H](C2)OC(=O)C1(CCCCCC1)C1=CC=CC1)Nc1cnccn1
2580,O=C(C[N+]12CCC(CC1)[C@H](C2)OC(=O)C1(CCCCCC1)C1=CC=CC1)Nc1cccnn1
2581,Cc1cc(NC(=O)C[N+]23CCC(CC2)[C@H](C3)OC(=O)C2(CCCCCC2)C2=CC=CC2)no1
2582,O=C(C[N+]12CCC(CC1)[C@H](C2)OC(=O)C1(CCCCCC1)C1=CC=CC1)Nc1ccon1
2583,Fc1cccc(NC(=O)C[N+]23CCC(CC2)[C@H](C3)OC(=O)C2(CCCCCC2)C2=CC=CC2)c1
2584,NC(=O)C[N+]12CCC(CC1)[C@H](C2)OC(=O)C1(CCCCCC1)C1=CC=CC1
2585,O=C(O[C@H]1C[N+]2(CCCc3ccncc3)CCC1CC2)C1(CCCCCC1)c1cccs1
2586,O=C(O[C@H]1C[N+]2(CCCc3ccncc3)CCC1CC2)C1(CCCCCC1)C1=CC=CC1
2587,O=C(O[C@H]1C[N+]2(CCCOc3ccccc3)CCC1CC2)C1(CCCCCC1)C1=CC=CC1
2588,O=C(O[C@H]1C[N+]2(CCOCc3ccccc3)CCC1CC2)C1(CCCCCC1)C1=CC=CC1
2589,O=C(O[C@H]1C[N+]2(CCOc3ccccc3)CCC1CC2)C1(CCCCCC1)C1=CC=CC1
2590,Clc1cccc(CC[N+]23CCC(CC2)[C@H](C3)OC(=O)C2(CCCCCC2)C2=CC=CC2)c1
2591,Cc1ccc(CC[N+]23CCC(CC2)[C@H](C3)OC(=O)C2(CCCCCC2)C2=CC=CC2)s1
2592,O=C(O[C@H]1C[N+]2(CCc3ccccc3)CCC1CC2)C1(CCCCCC1)C1=CC=CC1
2593,O=C(O[C@H]1C[N+]2(Cc3cc(on3)-c3ccccc3)CCC1CC2)C1(CCCCCC1)C1=CC=CC1
2594,O=C(O[C@H]1C[N+]2(Cc3cc(no3)-c3ccccc3)CCC1CC2)C1(CCCCCC1)C1=CC=CC1
2595,CC[C@H](C)[C@H](NC(=O)[C@H](Cc1ccc(O)cc1)NC(=O)[C@@H]1CCCN1C(=O)[C@H](CCCN=C(N)N)NC(=O)[C@H](CCCN=C(N)N)NC(=O)[C@@H]1CCCN1C(=O)[C@H](CCCCN)NC(=O)[C@H](CC(N)=O)NC(=O)[C@H](CCC(O)=O)NC(=O)[C@H](Cc1ccc(O)cc1)NC(=O)[C@H](CC(C)C)NC(=O)[C@@H]1CCC(=O)N1)C(=O)N[C@@H](CC(C)C)C(O)=O
2596,CN1[C@H]2CCC[C@@H]1C[C@@H](C2)NC(=O)c1nn(C)c2ccccc12
2597,O=C1N(C[C@H]2CCCc3cccc1c23)[C@@H]1CN2CCC1CC2
2598,COC[C@H](Cc1ccc(O)cc1)NC(=O)c1cc(C(O)=O)c2cc(\C=C\c3ccc(Cl)cc3)ccc2n1
2599,Nc1nc2ccccc2c2n(cnc12)[C@@H]1O[C@H](COS(=O)(=O)[N-]C(=O)CCCC[C@@H]2SC[C@@H]3NC(=O)N[C@H]23)[C@@H](O)[C@H]1O
2600,Nc1nccc2n(cnc12)[C@@H]1O[C@H](COS(=O)(=O)[N-]C(=O)CCCC[C@@H]2SC[C@@H]3NC(=O)N[C@H]23)[C@@H](O)[C@H]1O
2601,CCCN(CCCc1ccccc1)CCc1ccc(N=[N+]=[N-])c(I)c1
2602,COC(=O)[C@@H]1[C@H]2CC[C@@H](C[C@@H]1OC(=O)c1ccccc1)N2CCc1ccc(N=[N+]=[N-])c(I)c1
2603,CC\C=C/C\C=C/C\C=C/CCCCCCCC([O-])=O
2604,CCCCC\C=C/C\C=C/CCCCCCCC([O-])=O
2605,CN1CCC(COC(=O)c2cc(Cl)c(N)c3OCCOc23)CC1
2606,CCCCN1CCC(COC(=O)c2cc(I)c(N)c3OCCOc23)CC1
2607,CCCCN1CCC(COC(=O)c2cc(Cl)c(N)c3OCCOc23)CC1
2608,CCOc1cc(ccc1C1=N[C@@](C)(c2ccc(Cl)cc2)[C@](C)(N1C(=O)N1CCN(CCCS(C)(=O)=O)CC1)c1ccc(Cl)cc1)C(C)(C)C
2609,COc1cc(ccc1NC(=O)[C@@H]1N[C@@H](CC(C)(C)C)[C@@](C#N)([C@H]1c1cccc(Cl)c1F)c1ccc(Cl)cc1F)C(O)=O
2610,CC(C)(C)C[C@@H]1N[C@H]([C@H](c2cccc(Cl)c2F)[C@]11C(=O)Nc2cc(Cl)ccc12)C(=O)N[C@H]1CC[C@H](O)CC1
2611,CC[C@@H]([C@H](C)O)N1[C@@H]([C@H](C[C@](C)(CC(O)=O)C1=O)c1cccc(Cl)c1)c1ccc(Cl)cc1
2612,CC(C)[C@@H](CS(=O)(=O)C(C)C)N1[C@@H]([C@H](C[C@](C)(CC(O)=O)C1=O)c1cccc(Cl)c1)c1ccc(Cl)cc1
2613,CN[C@@H](Cc1c(C)cc(O)cc1C)C(=O)N1Cc2ccccc2CC1C(N)=O
2614,C(CC1CCNCC1)Cc1cnc[nH]1
2615,NC(=N)NCCC[C@H](NC(=O)[C@H](Cc1ccccc1)NC(=O)Nc1ccc2c(CN3CCCC3)cn(Cc3ccc(F)cc3)c2c1)C(=O)NCc1ccccc1
2616,CC[C@@H]([C@H](C)O)n1ncn(-c2ccc(cc2)N2CCN(CC2)c2ccc(OCC3CO[C@](Cn4cncn4)(C3)c3ccc(F)cc3F)cc2)c1=O
2617,CS(=O)(=O)N1CCN(CC1)C1CN(CC[C@@]2(CCC(=O)N(CC3CC3)C2)c2ccc(Cl)c(Cl)c2)C1
2618,CN1CCCC[C@H]1\C=C\C1c2ccccc2Cc2ccccc12
2619,Fc1ccccc1C1Nc2ccccc2C(=O)N1CCN1CCC(CC1)N1C(Nc2ccccc2C1=O)c1ccccc1F
2620,Cc1nc2c(N)cc(nn2c1Nc1cccc(c1CN1CC2(CCS2(=O)=O)C1)C(F)(F)F)N1CCOCC1
2621,COc1cc(OC[C@@H](O)[C@@H](O)[C@H](O)[C@H](O)CNc2cc(F)cc(c2)-c2ccc(cn2)C(O)=O)c(Cl)cc1NC(=O)CSc1ccc(cn1)C(O)=O
2622,COc1cccc2C[C@@H]3[C@H](C[C@H](CN3C)C(=O)N3CCN(CC3)c3ccc4nsnc4c3)Cc12
2623,O=C(Nc1ncccn1)N1CCC(Cc2cnc[nH]2)CC1
2624,Cc1ccc(cc1C(O)=O)-n1nc(cc1NC(=O)Nc1ccc(OCCN2CCOCC2)c2ccccc12)C(C)(C)C
2625,CCCn1c2nc([nH]c2c(=O)n(CCC)c1=O)-c1cc(OCC(=O)Nc2ccc3OCOc3c2)nn1C
2626,CN[C@@H](C)C(=O)N[C@H](C(=O)N1CCC[C@H]1C(=O)N[C@@H]1CCc2ccccc12)C(C)(C)C
2627,COc1cccc2C[C@@H]3[C@H](C[C@H](CN3C)C(=O)N3CCN(CC3)c3ccc(cc3C#N)[N+]([O-])=O)Cc12
2628,CN1CCN=C(c2ccccc2)c2cc(Cl)ccc12
2629,Cn1cc(CN2CCC[C@H](C2)NC(=O)N2CCc3[nH]nc(c3C2)-c2ccncc2)c2ccccc12
2630,Nc1cc(CN2CCC(CC2)C(=O)N2CCC(CC2)n2c3ccc(F)cc3n(C3CCCC3)c2=O)ccn1
2631,Cc1c(CC(O)=O)c2cccnc2n1Cc1ccc(cc1C(F)(F)F)S(C)(=O)=O
2632,COc1cc2nc(cnc2cc1OCCN1CCOCC1)-c1ccc(CC(=O)Nc2cc(nn2C)C(C)(C)C(F)(F)F)c(F)c1
2633,CC(C)NC(=S)NCCCCCc1cnc[nH]1
2634,Clc1cccc2CCCC(Nc3nc4ccccc4[nH]3)c12
2635,CC[C@H](C)[C@H](NC(=O)[C@H](CO)NC(=O)[C@H](CO)NC(=O)[C@H](CCC(O)=O)NC(=O)[C@@H](NC(=O)[C@@H]1CCCN1C(=O)[C@H](CCCCN)NC(=O)[C@H](CC(C)C)NC(=O)[C@H](CCC(N)=O)NC(=O)[C@H](C)NC(=O)[C@@H](NC(=O)CNC(=O)C(N)CCCCn1cc(CCCCNC(=O)CCCCCn2nc(N)c3cc(nnc23)-c2c(nn3ccccc23)-c2ccccc2)nn1)[C@@H](C)O)[C@@H](C)CC)C(=O)N[C@@H](CC(C)C)C(=O)N[C@@H](C)C(=O)N[C@@H](CCC(N)=O)C(=O)N[C@@H](CCCNC(N)=N)C(=O)N[C@@H](CCCNC(N)=N)C(=O)N[C@@H](C(C)C)C(=O)N[C@@H](CCCNC(N)=N)C(=O)N[C@@H](CCCCN)C(O)=O
2636,COc1ccc(CN(CCN(C)CCCCCCCCNC(=O)c2ccc(C(O)=O)c(c2)-c2c3ccc(O)cc3oc3cc(=O)ccc23)c2ccccn2)cc1
2637,COc1cccc(F)c1CN1CCC[C@H](C1)NC(=O)N1CCc2[nH]nc(c2C1)-c1ccc2nccn2c1
2638,Clc1ccc2CCCC(Nc3nc4ccccc4[nH]3)c2c1
2639,Cc1nc2c(cc(nn2c1Nc1cccc(c1C)C(F)(F)F)N1CCOCC1)C(N)=O
2640,CC[C@H](C)[C@H]1NC(=O)[C@H](Cc2ccc(O)cc2)N(C)C(=O)CC2(CCCCC2)SSC[C@@H](NC(=O)[C@@H](CC(N)=O)NC(=O)[C@@H](NC1=O)[C@@H](C)O)C(=O)N1CCC[C@H]1C(=O)N[C@@H](CCCN)C(=O)N[C@@H](Cc1ccc(O)cc1)C(N)=O
2641,C(Cn1ccnc1-c1ccccc1)Oc1ccc(cc1)-c1nc2ccccc2n1Cc1ccccc1
2642,COc1cc2ncc(nc2cc1OC)-c1ccc(CC(=O)Nc2cc3n(CCC3(C)C)n2)c(F)c1
2643,CCCn1c(=O)n(CCCCC(=O)c2ccc(cc2)S(F)(=O)=O)c2nc([nH]c2c1=O)C1CC2CCC1C2
2644,CN1CCN(CC1)c1ccc(Nc2ncc3nc(Nc4ccccc4)n(C4CCCC4)c3n2)cc1
2645,CC(C)C[C@@H](NC(=O)[C@H](CC1=CCCCC1)NC(=O)[C@@H](CC(C)C)NC(=O)[C@H](Cc1ccc(cc1)C(=O)c1ccccc1)NC(=O)OC(C)(C)C)C(=O)N[C@@H](CC1CCCCC1)C(O)=O
2646,OCc1ccc(cc1O)-c1[nH]c(nc1-c1ccncc1)-c1ccccc1
2647,COC(=O)CCc1ccc(OCC(O)CNC(C)C)cc1
2648,CC(C)C[C@H](NC(=O)[C@@H](Cc1ccc(CNC(N)=O)cc1)NC(=O)[C@H](Cc1ccc(NC(=O)[C@@H]2CC(=O)NC(=O)N2)cc1)NC(=O)[C@H](CO)NC(=O)[C@@H](Cc1cccnc1)NC(=O)[C@@H](Cc1ccc(Cl)cc1)NC(=O)[C@@H](Cc1ccc2ccccc2c1)NC(C)=O)C(=O)N[C@@H](CCCCNC(C)C)C(=O)N1CCC[C@H]1C(=O)N[C@H](C)CO
2649,CN[C@@H](CCCN=C(N)N)C(=O)N[C@@H](CCCCN)C(=O)N1CCC[C@H]1C(=O)N[C@@H](Cc1cccc2cc[nH]c12)C(=O)N[C@H](C(=O)N[C@@H](CC(C)C)C(O)=O)C(C)(C)C
2650,CC[C@H](C)[C@H]1NC(=O)[C@H](Cc2cc3ccccc3[nH]2)NC(=O)CC2(CCCCC2)SSC[C@H](NC(=O)[C@@H](CC(N)=O)NC(=O)[C@@H](NC1=O)[C@@H](C)O)C(=O)N1CCC[C@H]1C(=O)N[C@@H](CCCN)C(O)=O
2651,CC[C@@H]1NC(=O)[C@H]([C@H](O)[C@H](C)C\C=C\C)N(C)C(=O)[C@H](C(C)C)N(C)C(=O)[C@H](CC(C)C)N(C)C(=O)[C@H](CC(C)C)N(C)C(=O)[C@@H](C)NC(=O)[C@H](C)NC(=O)[C@H](CC(C)C)N(C)C(=O)[C@@H](NC(=O)[C@H]([C@H](C)CN2CCOCC2)N(C)C(=O)[C@@H](C)N(C)C1=O)C(C)C
2652,OCCc1ccncc1-c1ccc(CO[C@@H]2CC[C@@H]([C@H]2OC\C=C/CCC(O)=O)N2CCCCCC2)cc1
2653,COc1cc2ncc(nc2cc1O)-c1ccc(CC(=O)Nc2cc(on2)C2(CC2)C(F)(F)F)c(F)c1
2654,CCN(CC)c1nc2ccc(cc2c(Cl)c1Oc1ccccc1)C(O)(c1cncn1C)c1ccc(Cl)cc1
2655,C[C@H](NC(=O)OCCCc1cnc[nH]1)C1CCCCC1
2656,Cc1cc(Nc2nc(Sc3ccc(NC(=O)CN4C[C@H](OC(C)(C)C)C(C4)N=O)cc3)nn3cccc23)n[nH]1
2657,CC(C)N1CCC(CC1)Oc1ccc(CN2CCOCC2)cc1
2658,CC1CN(Cc2cccc(c2)-c2cc(CNC(=O)c3cccc(CN4CCN(C)CC4)c3)ccc2F)CCN1
2659,CCCc1nc2cccc(C(=O)OC)c2n1Cc1ccc(cc1)-n1cccc1-c1nnn[nH]1
2660,COc1nc2ccc(cc2c(Cl)c1CN(C)CC(F)(F)F)[C@](O)(c1cncn1C)c1ccnc(c1)C(F)(F)F
2661,O=C(N[C@@H](COCc1ccccc1)C#N)[C@H](CC1CCCCC1)NC(=O)c1ccncc1
2662,C[C@H]1CC(=O)C[C@@H]2CC[C@H]3[C@@H]4CC[C@H](O)[C@@]4(C)CC[C@@H]3[C@@]12C
2663,OC[C@H]1N[C@H]([C@H](O)[C@@H]1O)c1c[nH]c2c1nc[nH]c2=O
2664,CO\N=C(\C)CN1CCN([C@H](Cc2c[nH]c3ccccc23)C1)C(=O)c1cc(cc(c1)C(F)(F)F)C(F)(F)F
2665,Cc1ccc(-c2nc(CCC34CC5CC(CC(C5)C3)C4)c([nH]2)C(=O)Nc2cccc(c2)C(O)=O)c(C)c1
2666,Cc1ccc2cc(ccc2n1)C(=O)Nc1cc(NC(=O)c2ccc3CCCOc3c2)ccc1C
2667,O[C@H](COc1cccc2ccccc12)[C@@H]1CCCCN1
2668,CC(C)NC(=O)c1coc(n1)C1C2CCC(O2)C1Cc1ccccc1CCC(O)=O
2669,Oc1cc(C=O)ccc1Oc1ccc(Cl)cc1Cl
2670,FC(F)(F)C1(CC1)c1cc(NC(=O)Cc2ccc(cc2)-c2cnc3[nH]cnc3n2)no1
2671,OC1CCCN(C1)C1CN(CCC2(CCC(=O)N(Cc3ccccc3)C2)c2ccc(Cl)c(Cl)c2)C1
2672,COc1nc2ccc(cc2c(Cl)c1OCC1CC1)[C@](O)(c1cnnn1C)c1ccc(C)nc1C
2673,Cc1c(F)cccc1Cc1c(CNCCO)nc2c(N)cc(nn12)N1CCOCC1
2674,CC1CN(Cc2cccc(c2)-c2cc(CNC(=O)c3cccc(CN4CCN(CCCO)CC4)c3)ccc2F)CCN1
2675,COc1ccccc1CN[C@H]1C2CCN(CC2)[C@H]1C(c1ccccc1)c1ccccc1
2676,CCCCN(Cc1ccc(cc1)-c1ccccc1-c1nnn[nH]1)c1ncnc2n(C)cnc12
2677,COc1ccccc1CNCCCCCCNCCCCCCCCNCCCCCCNCc1ccccc1OC
2678,N[C@@H](Cc1c[nH]c2ccccc12)C(=O)N[C@@H](CS)C(=O)N[C@@H](CO)C(O)=O
2679,CC(C)NC[C@H](O)COc1ccc(CCOCC2CC2)cc1
2680,C[C@H]1[C@@H]2[C@H](CN1S(=O)(=O)c1ccc3OCOc3c1)c1cnccc1N(C)C2=O
2681,COc1cccc2C[C@@H]3[C@H](C[C@H](CN3C)C(=O)N3CCN(CC3)c3ccc(cc3)C#N)Cc12
2682,OC(=O)c1cc2sccc2[nH]1
2683,Clc1ccc(cc1Cl)[C@@]1(CCN2CC(C2)N2CCOCC2)CCC(=O)N(C1)C1(CCCC1)C1CC1
2684,CC(C)(C)c1nc(CCC23CC4CC(CC(C4)C2)C3)c([nH]1)C(=O)Nc1cccc(c1)C(O)=O
2685,Fc1ccc(cc1)C1=NOC(=O)\C1=C/c1ccc(cc1)N1CCCC1
2686,CC(C)NCC(O)CO\N=C(\C)CCc1ccccc1
2687,NC(=N)Nc1ccc(cc1)C1CC(=O)O\C(C1)=C\I
2688,CC1Oc2ccc(CN3CCC(=CC3)c3ccc(Cl)cc3)cc2NC1=O
2689,COc1nc2ccc(cc2c(Cl)c1OCC1CC1)[C@](O)(c1cncn1C)c1ccc(cc1)C#N
2690,CC(=O)NCc1nc2c(cc(nn2c1Cc1cccc(c1C)C(F)(F)F)N1CCOCC1)-c1cnc[nH]1
2691,O=C(N[C@@H]1c2ccccc2-c2c1cccc2-c1nc2ccncc2[nH]1)c1ccnc2[nH]ccc12
2692,COCCN1CCC(CC1)c1nc(c([nH]1)-c1ccc2C(CCc2c1)N=O)-c1ccncc1
2693,Cn1n(C2CCN(CC2)C2CCCCC2)c(=O)c2c(cccc12)C(N)=O
2694,CCc1nc2c(C)cc(C)nc2n1Cc1ccc-2c(c1)C(Cc1nnn[nH]1)c1ccccc-21
2695,NS(=O)(=O)c1ccc(CCNc2ncnc(NCc3ccccc3)c2[N+]([O-])=O)cc1
2696,FC1(F)CCC(CN2C[C@](CCN3CC(C3)N3CCC(=O)CC3)(CCC2=O)c2ccc(Cl)c(Cl)c2)CC1
2697,CCOC(=O)CCCCNCC(O)COc1ccccc1C
2698,Clc1cncc(NC(=O)C[N+]23CCC(CC2)[C@H](C3)OC(=O)C2(CCCCCC2)C2=CC=CC2)n1
2699,Cc1cc(Nc2nc(Sc3ccc(NC(=O)CN4CC[C@H](C4)NS(C)(=O)=O)cc3)nn3cccc23)n[nH]1
2700,C\C(CN1CCN([C@H](Cc2c[nH]c3ccccc23)C1)C(=O)c1cc(cc(c1)C(F)(F)F)C(F)(F)F)=N\OCCN
2701,OC(=O)CCc1ccccc1CC1C2CCC(O2)C1c1nc(co1)C(=O)NCCCCc1ccc(Cl)cc1
2702,CO[C@@]1(CN2CCC1CC2)C#C[C@](O)(C1CCCCC1)c1ccccc1
2703,OC(=O)c1cc(-c2ccc(cc2)C(=S)NCc2cccc(c2)-c2ccc(o2)C(O)=O)n(n1)-c1ccc(Cl)c(Cl)c1
2704,FC(F)(F)C1(CC1)c1cc(NC(=O)Cc2ccc(cc2)-c2cnc3[nH]ccc3c2)no1
2705,CC(C)CCC1=C(CCC\C1=C/C(/C)=C\C=C\C(\C)=C\C(O)=O)C(C)C
2706,CCN1\C(=C/C=C/C=C/C2=[N+](CC)c3cc(ccc3C2(C)C)S([O-])(=O)=O)C(C)(CCCC(=O)NCCOCCOCCOCCOCCOCCOCCOCCOCc2nnc(N3CC(C3)Oc3ccc(F)cc3Cl)n2-c2ccc(OC)[nH+]c2)c2cc(ccc12)S(O)(=O)=O
2707,CCCc1nc2c(C)cc(cc2n1Cc1ccc(cc1)-c1ccccc1-c1nnn[nH]1)C(=O)NCCc1ccccc1
2708,CS(=O)(=O)N1CCN(CC1)C1CN(CCC2(CCC(=O)N(CC3CC3)C2)c2ccc(Cl)c(Cl)c2)C1
2709,Cn1ncc(-c2nn(C)c3ncnc(N4CCC4)c23)c1-c1ccc(cc1)C(F)(F)F
2710,CN(C)CC[C@H](CSc1ccccc1)Nc1ccc(cc1S(=O)(=O)C(F)(F)F)S(=O)(=O)Nc1ncnc2CN(CCc12)C1CCN(Cc2ccccc2-c2ccc(Cl)cc2)CC1
2711,CC(C)C[C@@H]1CN[C@@H](CC(C)C)C(=O)N[C@H](CCC(N)=O)C(=O)N[C@@H](Cc2c[nH]c3ccccc23)C(=O)N[C@H](Cc2ccccc2)C(=O)NCCC(=O)N1
2712,CCc1nc(NCc2ccc(cc2)-c2ccccc2-c2nnn[nH]2)c2c(OC)cccc2n1
2713,OC(CNCCOCCOCCNC(=O)CCCCCNC(=O)COc1ccc(\C=C\c2ccc3C=C4C=CC(c5cccs5)=[N+]4[B-](F)(F)n23)cc1)COc1ccccc1CC=C
2714,CN1Cc2cc(F)ccc2OCCNC(=O)c2cnc3ccc1nn23
2715,CC(C)[C@H](NC(=O)[C@@H](Cc1c[nH]c2ccccc12)NC(=O)[C@H](Cc1ccc(O)cc1)NC(=O)[C@@H](N)CC(O)=O)C(=O)N[C@H](Cc1c[nH]c2ccccc12)C(=O)N[C@H](Cc1c[nH]c2ccccc12)C(=O)N[C@@H](CCCNC(N)=N)C(O)=O
2716,COc1nc2ccc(cc2c(Cl)c1Cc1ccc(cc1)C(F)(F)F)C(O)(c1cnc(C)n1C)c1cnc(C)n1C
2717,CCCCCCCCCCCCCCCC(=O)Oc1ccc(C[C@H](NC(=O)[C@@H](NC(=O)[C@H](CCCNC(N)=N)NC(=O)CNC)C(C)C)C(=O)N[C@@H](C(C)C)C(=O)N[C@@H](Cc2cnc[nH]2)C(=O)N2CCC[C@H]2C(=O)N[C@H](Cc2ccccc2)C(O)=O)cc1
2718,CC[C@H](C)[C@@H]1NC(=O)[C@H](Cc2ccc(O)cc2)NC(=O)CCSSC[C@H](NC(=O)[C@H](CC(N)=O)NC(=O)[C@H](CCC(N)=O)NC1=O)C(=O)N1Cc2ccccc2C[C@@H]1C(=O)N[C@@H](CC(C)C)C(=O)NCC(N)=O
2719,CC(C)n1cc2C[C@@H]3[C@H](C[C@@H](COC(=O)C4CCC4)CN3C)c3cccc1c23
2720,OC[C@H]1O[C@@H](O[C@@H]2OCC[C@H]3[C@H](OC(=O)c4ccc(O)cc4)[C@@H]4O[C@]4(CO)[C@@H]23)[C@H](O)[C@@H](O)[C@@H]1O
2721,Cc1cc(Nc2nc(Sc3ccc(NC(=O)CN4CC[C@H](C4)OCCN4CCOCC4)cc3)nn3cccc23)n[nH]1
2722,C(CN1CCCCC1)C#Cc1ccc(CN2CCCCC2)cc1
2723,COc1cccc2C[C@@H]3[C@H](C[C@H](CN3C)C(=O)N3CCN(CC3)c3ccc4nonc4c3)Cc12
2724,Cc1c(Cc2c(nc3c(N)cc(nn23)N2CCOCC2)C(O)CN)cccc1C(F)(F)F
2725,COc1ccc(CCNC[C@H](O)COc2ccc(Cc3nc(c[nH]3)C(C)=O)cc2)cc1OC
2726,COc1cc(ccc1Nc1ncc(c(CCc2ccccc2CC(N)=O)n1)C(F)(F)F)N1CCNCC1
2727,Clc1cc2Oc3cc(Cl)c(cc3Oc2cc1Cl)N=[N]#N
2728,CCOc1nc2ccccc2nc1C(=O)N1CCN(C)CC1
2729,Cc1cc2cc3N(CCc3cc2n1C)C(=O)Nc1cccnc1
2730,COc1nc2ccc(cc2c(Cl)c1CN1CCn2nc(nc2C1)C(F)(F)F)[C@@](O)(c1cncn1C)c1ccnc(c1)C(F)(F)F
2731,COc1cccc(OC)c1OCCNC[C@@H]1C[C@H](c2ccccc2)c2ccccc2O1
2732,Cc1cc(Nc2nc(Sc3ccc(NC(=O)CN4C[C@H](O)[C@H](C4)Oc4cc(F)cc(F)c4)cc3)nn3cccc23)n[nH]1
2733,OC(=O)c1ccc(Nc2nccc(Nc3ccccc3Cl)n2)cc1
2734,CCOC(=O)\C=C1/C2C(C3CCCC2C=C3)C(=O)N1Cc1ccc(cc1)-c1ccccc1-c1nnn[nH]1
2735,Cc1oc(\C=C\c2ccc(Cl)o2)cc1C(O)=O
2736,C[C@H]1C[C@@H](Nc2ccc(Cl)cc2)c2cc(ccc2N1C(C)=O)-c1ccc(cc1)C(O)=O
2737,Cc1c(NC2CC2)nc(nc1N1CCCCCC1)C1CC1
2738,COc1ccc(CCNCC(O)COc2ccc(cc2)-c2nc(C)c(C)[nH]2)cc1OC
2739,COc1c(C)nc(C)cc1OCc1ccc(cc1)-c1ccccc1-c1nnn[nH]1
2740,CCOc1ccccc1N1CCN(CC(O)CN2C(=O)N(C)C(=O)C2(c2ccccc2)c2ccccc2)CC1
2741,N[C@@H](CCCN=C(N)N)C(=O)N[C@@H](CCCN=C(N)N)C(=O)N1CCC[C@H]1C(=O)N1C[C@H](O)C[C@H]1C(=O)NCC(=O)N[C@@H](Cc1cccs1)C(=O)N[C@@H](CO)C(=O)N[C@H](Cc1ccccc1)C(=O)N(CC(=O)N[C@@H](CCCN=C(N)N)C(O)=O)C1CCCCC1
2742,C[C@@](O[C@@H]1CC(=C[C@@H](OP([O-])([O-])=O)[C@H]1O)C([O-])=O)(C([O-])=O)P([O-])([O-])=O
2743,CC[C@H](C)[C@H]1NC(=O)[C@H](Cc2cc3ccccc3[nH]2)NC(=O)CC2(CCCCC2)SSC[C@@H](NC(=O)[C@@H](CC(N)=O)NC(=O)[C@H](CCC(N)=O)NC1=O)C(=O)N1CCC[C@H]1C(=O)N[C@@H](CCCNC(N)=N)C(=O)NCC(N)=O
2744,OC[C@H]1O[C@@H](SS[C@@H]2O[C@H](CO)[C@H](O)[C@@H]([C@H]2O)n2cc(nn2)-c2cccc(F)c2)[C@H](O)[C@H]([C@H]1O)n1cc(CNC(=O)c2ccc3c(c2)C(=O)OC32c3ccc(O)cc3Oc3cc(O)ccc23)nn1
2745,CC(C)C[C@H](NC(=O)N1CCOCC1)C(=O)N[C@@H](COCc1ccccc1Cl)C#N
2746,CC(=O)N[C@H]1[C@H](OC[C@@H](O)[C@@H](O)[C@H](O)[C@@H](O)CNc2cccc(NC(=O)CCCCC3CCSS3)c2)O[C@H](COS(O)(=O)=O)[C@H](O)[C@@H]1O[C@@H]1O[C@@H]([C@@H](O[C@@H]2O[C@H](COS(O)(=O)=O)[C@H](OS(O)(=O)=O)[C@H](O[C@@H]3O[C@@H]([C@@H](O)[C@H](O)[C@H]3O)C(O)=O)[C@H]2NC(C)=O)[C@H](O)[C@H]1OS(O)(=O)=O)C(O)=O
2747,NCC(=O)[C@@H]([NH3+])C(=O)NCCOCCOCCNC(=O)c1ccc(cc1)S(N)(=O)=O
2748,CC(C)(C)CCNC(=O)CCc1cc2cc(ccc2nc1N)-c1ccccc1C#CCC1(CC1)NC(=O)c1ccc(F)cc1
2749,COc1nc2ccc(cc2c(Cl)c1CN1CCC(CC1)C(F)(F)F)[C@@](O)(C1CCN(CC1)C(C)=O)c1ccccc1
2750,Cc1ncc(n1C)C(O)(c1cnc(C)n1C)c1ccc2nc(Cl)c(CC(F)(F)F)c(Cl)c2c1
2751,O=C(Nc1nccs1)N1CCC(Cc2cnc[nH]2)CC1
2752,CCCC(CCC)=NOCC(O)CNC(C)C
2753,C[C@@H](CSc1ccc(cc1)C(C)(C)O)C1CC[C@H]2\C(CCC[C@]12C)=C\C=C1\C[C@@H](O)C[C@H](O)C1=C
2754,O[C@@H](CNC1CC1)COc1ccc(cc1)-c1ncc([nH]1)C(F)(F)F
2755,Cn1n(C2CCN(CC3CCC=CC3)CC2)c(=O)c2c(cccc12)C(N)=O
2756,NS(=O)(=O)c1cc(ccc1Cl)C(=O)CSc1nc2cc3OCCOc3cc2[nH]1
2757,FC(F)COc1n[nH]c2ncc(cc12)-c1ccc(CC(=O)Nc2cc(on2)C2(CC2)C(F)(F)F)c(F)c1
2758,OC(=O)CCCC\C=C(/c1ccc(cc1)C1=N[C@@H](CO1)C(=O)NCCCCC1CCCCC1)c1cccnc1
2759,S=C(NCCCCCc1cnc[nH]1)NCc1ccccc1
2760,OC(=O)c1cc(-c2ccc(cc2)C(=S)NCc2ccc(cc2Cl)-c2ccc(o2)C(O)=O)n(n1)-c1ccc(Cl)c(Cl)c1
2761,CC1(C)C(NC(=O)OCCCc2cnc[nH]2)C1(C)C
2762,O=C(OC[C@H](C1CCNCC1)n1c(nc2ccccc12)-c1ccccc1)C1CCN(CC1)c1nc2ccccc2n1Cc1ccsc1
2763,CCCn1nc(c(C(O)=O)c1Cc1ccc(cc1)-c1ccccc1-c1nnn[nH]1)C(C)(C)C
2764,CCN(CC)CCNC(=O)c1c(C)[nH]c(\C=C2/C(=O)Nc3ccc(OC)cc23)c1C
2765,CN1CCc2ccccc2Cc2ccccc2CC1
2766,CCCCCCCCO[C@H]1O[C@H](COS([O-])(=O)=O)[C@@H](OS([O-])(=O)=O)[C@H](OS([O-])(=O)=O)[C@@H]1O[C@H]1O[C@H](COS([O-])(=O)=O)[C@@H](OS([O-])(=O)=O)[C@H](O[C@H]2O[C@H](COS([O-])(=O)=O)[C@@H](OS([O-])(=O)=O)[C@H](O[C@H]3O[C@H](COS([O-])(=O)=O)[C@@H](OS([O-])(=O)=O)[C@H](OS([O-])(=O)=O)[C@@H]3OS([O-])(=O)=O)[C@@H]2OS([O-])(=O)=O)[C@@H]1OS([O-])(=O)=O
2767,Cc1nc(C(=O)N2CCC[C@H]2Cc2nnc(o2)-c2ccccc2)c(s1)-c1ccccc1F
2768,C[C@H](CO)Nc1nc(SCc2cccc(F)c2F)nc2nc(N)sc12
2769,COc1ccc(CCNCC(O)COc2ccc(cc2)-c2ncc([nH]2)C(F)(F)F)cc1OC
2770,CCc1nc2ccc(cc2c(Cl)c1Cc1ccc(cc1)C(F)(F)F)C(O)(C1CN(C1)C(=O)OC(C)(C)C)c1cnnn1C
2771,COc1nc2ccc(cc2c(Cl)c1Cc1ccc(cc1)-n1cccn1)C(O)(c1ccc(cc1)C(F)(F)F)c1cccnc1
2772,C(Oc1ccc(CN2CCCC2)cc1)C1CN(CCO1)C1CCCC1
2773,CNc1nc2ccc(cc2o1)S(=O)(=O)N(CC(C)C)C[C@@H](O)[C@H](Cc1ccccc1)NC(=O)O[C@H]1CO[C@H]2OCC[C@@H]12
2774,CC(C)[C@H](NC(=O)[C@@H]1CSSC[C@@H](NC(=O)[C@@H](N)CC(O)=O)C(=O)N[C@@H](Cc2ccccc2)C(=O)N[C@H](Cc2c[nH]c3ccccc23)C(=O)N[C@@H](CCCN)C(=O)N[C@@H](Cc2ccc(O)cc2)C(=O)N1)C(O)=O
2775,CN1CCN(CC1)C1CCN(CC1)C(=O)Nc1cc(Oc2ccc(NC(=O)C3(CC3)C(=O)Nc3ccc(F)cc3)c(F)c2)ccn1
2776,CC(C)C[C@H](NC(=O)[C@@H](Cc1ccc(NC(C)=O)cc1)NC(=O)[C@@H](Cc1ccc(CNC(=O)[C@@H]2CC(=O)NC(=O)N2)cc1)NC(=O)[C@H](CO)NC(=O)[C@@H](Cc1cccnc1)NC(=O)[C@@H](Cc1ccc(Cl)cc1)NC(=O)[C@@H](Cc1ccc2ccccc2c1)NC(C)=O)C(=O)N[C@@H](CCCCNC(C)C)C(=O)N1CCC[C@H]1C(=O)N[C@H](C)C(N)=O
2777,CO[C@H]1\C=C\C=C\CCOC(=O)[C@@H]2CCCN(N2)C(=O)[C@H](Cc2cccc(O)c2)NC(=O)[C@@H](NC(=O)[C@H](C)[C@H](OC)[C@H]1C)C(C)C
2778,Oc1ccc(\C=N\C2CCCCC2)c(O)c1
2779,OC(=O)COc1ccccc1CC1C2CCC(O2)C1C=NNC(=O)Nc1ccccc1
2780,Cc1cc(C)c(-c2nc(COC34CC5CC(CC(C5)C3)C4)c([nH]2)C(=O)Nc2cccc(c2)C(O)=O)c(C)c1
2781,CCCc1ccncc1-c1ccc(CO[C@@H]2CC[C@@H]([C@H]2OC\C=C/CCC(O)=O)N2CCCCCC2)cc1
2782,COc1nc2ccc(cc2c(Cl)c1OC(C)C)[C@@](O)(C1CCN(CC1)C(C)=O)c1ccccc1
2783,COc1nc2ccc(cc2c(Cl)c1CNC(=O)C1(CCC1)C(F)(F)F)C(O)(c1cnc(C)n1C)c1cnc(C)n1C
2784,CC1CN(Cc2cccc(c2)-c2cc(CNC(=O)c3cccc(CN(C)C)c3)ccc2F)CCN1
2785,CCCOc1ccc(C[C@@H](Cc2ccccc2)C(O)=O)cc1CNC(=O)c1ccc(cc1)N1C2CCC1CCC2
2786,NC(=O)c1cccc2CN(C3CCN(CC3)C3CCC(F)(F)CC3)C(=O)c12
2787,FC(F)(F)c1cc(cc(c1)C(F)(F)F)C(=O)N1CCN(CC2=NOC(CN3CCOCC3)C2)C[C@H]1Cc1c[nH]c2ccccc12
2788,CC1C\C(CC(C)(C)C1)=N\OCC(O)CNC(C)(C)C
2789,CC1(CCCN(CCc2ccccc2)C1)c1cccc(O)c1
2790,OC[C@H]1O[C@@H](SS[C@@H]2O[C@H](CO)[C@H](O)[C@@H]([C@H]2O)n2cc(nn2)-c2cc(F)c(F)c(F)c2)[C@H](O)[C@H]([C@H]1O)n1cc(CNC(=O)c2ccc3c(c2)C(=O)OC32c3ccc(O)cc3Oc3cc(O)ccc23)nn1
2791,C[C@H](O)[C@H]1NC(=O)[C@@H](NC(=O)[C@H](Cc2cnc[nH]2)NC(=O)c2cc3cc(c2)C(=O)NC[C@H](NC(=O)[C@@H](C)NC(=O)[C@H](C)NC(=O)[C@H](CCCNC(N)=N)NC(=O)[C@H](Cc2ccc4ccccc4c2)NC(=O)[C@H]2CCCCN2C1=O)C(=O)N[C@@H](Cc1ccccc1)C(=O)N[C@@H](Cc1ccc2ccccc2c1)C(=O)N[C@@H](CCCNC(N)=N)C(=O)N[C@@H](CCCNC(N)=N)C(=O)N[C@@H](CCCNC(N)=N)C(=O)N[C@@H](CCCNC(N)=N)C(=O)N[C@@H](CNC3=O)C(=O)N[C@@H](CCCCN)C(O)=O)c1ccccc1
2792,COc1nc2ccc(cc2c(Cl)c1CC1CCOCC1)[C@](O)(C1CCN(CC1)C(C)=O)c1ccccc1
2793,C[C@]12CCc3c(ccc4cc(O)ccc34)[C@@H]1CCC2=O
2794,CC(=O)O[C@@]12CO[C@@H]1C[C@H](O)[C@]1(C)[C@@H]2[C@H](OC(=O)c2ccccc2)[C@]2(O)C[C@H](OC(=O)[C@H](O)[C@@H](NC(=O)OC(C)(C)C)c3ccccc3)C(C)=C([C@@H](O)C1=O)C2(C)C
2795,Cc1nc2c(N)cc(nn2c1Nc1cccc(c1C)C(F)(F)F)N1CCOCC1
2796,CCCn1ccc2cc3N(CCc3cc12)C(=O)Nc1cccnc1
2797,CC(C)[C@H](NC(=O)[C@H](CCCNC(N)=N)NC(=O)[C@H](CO)NC(C)=O)C(=O)N[C@@H](Cc1ccc(O)cc1)C(=O)N[C@@H](C(C)C)C(=O)N[C@@H](Cc1cnc[nH]1)C(=O)N1CCC[C@H]1C(=O)N[C@@H](Cc1ccccc1)C(O)=O
2798,CN(CCOc1ccc(Cc2sc(=O)[nH]c2O)cc1)c1ccccn1
2799,CC1(C)C2=C3C=C4C(CC[N+]5=C4C(C)(C)c4cc(CC(=O)NCCCC[C@@H](NC(=O)[C@@H](CCCN=C(N)N)NC(=O)[C@@H](CCCN=C(N)N)NC(=O)[C@@H](CCCN=C(N)N)NC(=O)[C@@H](CCCN=C(N)N)NC(=O)[C@@H](CCCN=C(N)N)NC(=O)[C@@H](CCCN=C(N)N)NC(=O)CCCCCNC(=O)[C@@H](CCCN=C(N)N)NC(=O)CCCCCCCNCCNS(=O)(=O)c6cccc7cnccc67)C(N)=O)ccc54)OC3CCN2c2ccc(cc12)S(C)(=O)=O
2800,Cc1cc(C)c2cccc(OCc3c(Cl)ccc(c3Cl)S(=O)(=O)NC3(CCNCC3)C(=O)N3CCN(CC3)C(=O)[C@@H](N)CCC[N+](C)(C)C)c2n1
2801,Clc1ccc(CN2CCNCC2)cc1C(=O)NCC12CC3CC(CC(C3)C1)C2
2802,C[C@]12CC[C@H]3[C@@H](C=Cc4cc(O)ccc34)[C@@H]1CC[C@@H]2O
2803,COc1ccc2Cc3ccccc3CCN(C)CCCc2c1
2804,CNCCO\N=C(\C)CN1CCN([C@H](Cc2c[nH]c3ccccc23)C1)C(=O)c1cc(cc(c1)C(F)(F)F)C(F)(F)F
2805,Cc1nc2c(cc(nn2c1Cc1cccc(c1C)C(F)(F)F)N1CCOCC1)C(N)=O
2806,CC(C)C[C@H](NC(=O)[C@H](C)NC(=O)[C@H](Cc1ccc(Cl)c(Cl)c1)NC(=O)[C@H](Cc1c[nH]c2ccccc12)NC(=O)[C@H](CCC(O)=O)NC(=O)[C@H](CCC(O)=O)NC(=O)[C@H](CC(C)C)NC(=O)[C@H](CC(O)=O)NC(=O)[C@H](CC(O)=O)NC(=O)[C@H](C)NC(=O)[C@@H](NC(=O)[C@H](Cc1ccccc1)NC(=O)[C@H](CC(O)=O)NC(=S)Nc1ccc(c(c1)C(O)=O)-c1c2ccc(O)cc2oc2cc(=O)ccc12)[C@@H](C)O)C(N)=O
2807,CC1Oc2ccc3ncc(C(=O)NCCOc4ccc(F)cc14)n3n2
2808,CN1CCC(CC1)(NS(=O)(=O)c1ccc(Cl)c(COc2cccc3c(C)cc(C)nc23)c1Cl)C(=O)N1CCN(CC1)C(=O)[C@@H](N)CCC[N+](C)(C)C
2809,COc1cccc(c1)C(=O)NC1C(O)[C@H](O[C@@H]2OC(CO)[C@H](O)C(OCc3ccc4ccccc4c3)C2O)C(CO)O[C@H]1OCCNC(=O)CCCCCN1C(=O)C=CC1=O
2810,C(CCc1ccccc1)CN1CCC(Cc2cnc[nH]2)CC1
2811,COc1ccc(CN(CCN(C)C)c2ccccn2)cc1
2812,Cc1cc(C)c(-c2nc(CCC34CC5CC(CC(C5)C3)C4)c([nH]2)C(=O)Nc2cccc(c2)C(O)=O)c(C)c1
2813,CCC\C=C\CCCc1cc(O)c2C3CC(C)=CCC3C(C)(C)Oc2c1
2814,Oc1cc2cc(F)ccc2[nH]c1=O
2815,Cn1cncc1C(O)(c1ccc(Cl)cc1)c1ccc2nc(N3CCC3)c(Oc3ccc(cc3)C#N)c(Cl)c2c1
2816,CC(C)c1cc(CNc2nc(Nc3cc([nH]n3)C3CC3)cc(n2)N2CCN(C)CC2)on1
2817,CC(C)C[C@H](NC(=O)[C@@H](NC(=O)CNC(=O)CCC(=O)NCCCOCCOCCOCCCNC(=O)CCCC[C@@H]1SC[C@@H]2NC(=O)N[C@H]12)C(C)C)C(=O)N[C@@H](CCCCNC(=O)C[C@H](Sc1ccc2ccccc2c1)C(O)=O)C(=O)N[C@@H](CCC(O)=O)C(=O)N[C@@H](Cc1ccc(O)cc1)C(=O)NCC(=O)N[C@@H](C(C)C)C(N)=O
2818,COc1cc2nc(cnc2cc1OCC(C)(C)O)-c1ccc(CC(=O)Nc2cc(on2)C2(CC2)C(F)(F)F)c(F)c1
2819,COc1cc2ncc(nc2cc1OCCO)-c1ccc(CC(=O)Nc2cc(on2)C2(CC2)C(F)(F)F)c(F)c1
2820,OC(=O)C1CCN(CC1)C(=O)c1cc(nc2ccccc12)-c1ccc(Cl)s1
2821,C\C(CN1CCN([C@H](Cc2c[nH]c3ccccc23)C1)C(=O)c1cc(cc(c1)C(F)(F)F)C(F)(F)F)=N\OCC(C)(C)N1CCOCC1
2822,[O-][N+](=O)c1ccc(NCCCCCCCC[N-]C(NCCCOc2cccc(CN3CCCCC3)c2)=[NH+]C#N)c2[n-][o+]nc12
2823,CO[C@H]1O[C@H](COS([O-])(=O)=O)[C@@H](O[C@H]2O[C@H]([C@@H](O[C@H]3O[C@H](COS([O-])(=O)=O)[C@@H](O[C@@H]4O[C@@H]([C@@H](O[C@H]5O[C@H](COS([O-])(=O)=O)[C@@H](OC)[C@H](OC)[C@H]5OC)[C@H](OC)[C@H]4OC)C([O-])=O)[C@H](OS([O-])(=O)=O)[C@H]3OS([O-])(=O)=O)[C@H](OC)[C@H]2OC)C([O-])=O)[C@H](OS([O-])(=O)=O)[C@H]1OS([O-])(=O)=O
2824,CCOc1cccc(c1)C(=O)N(C)[C@H](CCNC(=O)c1cccn1C)Cc1ccccc1
2825,CN1C[C@@H](C[C@@H]2Cc3c(C[C@@H]12)cccc3OS(C)(=O)=O)C(=O)N1CCN(CC1)c1ccc(cc1)[N+]([O-])=O
2826,COc1cc2nc(nc(N)c2cc1OC)N(C)CCCCCCN(C)C(=O)c1ccc(CN2CCSC2)cc1
2827,NC(=N)NCCC[C@H](NC(=O)[C@H](Cc1ccc(F)c(F)c1)NC(=O)Nc1ccc2c(CN3CCCC3)cn(Cc3c(Cl)cccc3Cl)c2c1)C(=O)NCc1ccccc1
2828,CO[C@@]1(CN2CCC1CC2)C#CC(O)(c1ccccc1)c1ccccc1
2829,NC1CCN(CC1)C1CN(CC[C@@]2(CCC(=O)N(CC3CCC(F)(F)CC3)C2)c2ccc(Cl)c(Cl)c2)C1
2830,CC(O)C(NC(C)=O)C(=O)N[C@H](Cc1cc2ccccc2n1C(C)=O)C(=O)NC(Cc1ccccc1)C(=O)N(C)C(C)c1ccccc1
2831,CN1C2CCC1C(C2)c1ccc(Cl)cc1
2832,CC[C@H](C)[C@H](NC(=O)[C@H](Cc1ccc(OC)cc1)NC(=O)CC1(CCCCC1)SCCC(N)=O)C(=O)N[C@@H]([C@@H](C)O)C(=O)N[C@@H](CC(N)=O)C(=O)N[C@@H](CS)C(=O)N1CCCC1C(=O)NC(CCCN)C(=O)NC(Cc1ccc(N=[N+]=[N-])c(I)c1)C(N)=O
2833,CCCN(Cc1ccc(cc1)-c1ccccc1-c1nnn[nH]1)c1ncnc2n(CC(O)=O)cnc12
2834,CCCN(CCC)c1cc(C)nc2c(c(C)nn12)-c1cnc(cc1C)N(C)C
2835,CN1C[C@@H](C[C@H]2[C@H]1Cc1c(Cl)[nH]c3cccc2c13)C(=O)N1CCN(CC1)c1ccc(Cl)cc1
2836,OC(=O)c1cc(-c2ccc(CNC(=S)c3ccc(cc3)-c3nnn[nH]3)cc2)n(n1)-c1ccc(Cl)c(Cl)c1
2837,OC(CNCCOCCOCCNC(=O)CCCCCNC(=O)COc1ccc(\C=C\c2ccc3C=C4C=CC(c5cccs5)=[N+]4[B-](F)(F)n23)cc1)COc1cccc2[nH]ccc12
2838,Cc1nc2c(N)cc(nn2c1Nc1cccc(c1CN1CCC(C1)S(C)(=O)=O)C(F)(F)F)N1CCOCC1
2839,Cc1c(CCOP(O)(=O)OP(O)(O)=O)sc[n+]1Cc1ccc(C)nc1N
2840,Cn1n(C2CCN(Cc3cccs3)CC2)c(=O)c2c(cccc12)C(N)=O
2841,CC(C)C[C@@H](NC(=O)[C@@H](CCCCN)NC(=O)[C@@H](CCC(O)=O)NC(=O)[C@@H](Cc1ccccc1)NC(=O)[C@@H](CC(N)=O)NC(=O)[C@@H](C)NC(=O)[C@@H](Cc1ccc(O)cc1)NC(=O)[C@@H](Cc1c[nH]c2cc(F)ccc12)NC(=O)[C@@H](C)NC(=O)[C@H](N)[C@@H](C)O)C(=O)N[C@H](CC(C)C)C(=O)N[C@H](CCCN=C(N)N)C(O)=O
2842,OC(CNCCNC(=O)Nc1ccc(F)cc1)COc1ccc(OCCOC2CCCC2)cc1
2843,C(COc1cccc(CN2CCCCC2)c1)CN1CCC(Cc2cnc[nH]2)CC1
2844,NS(=O)(=O)c1ccc(cc1)C(=O)NCc1cccc(F)c1F
2845,CCCCN(Cc1ccc(cc1)-c1ccccc1-c1nnn[nH]1)c1ncnc2ccc(cc12)C(O)=O
2846,CCN(CC)c1nc2ccc(cc2c(c1Oc1ccc(Cl)cc1)C(F)(F)F)C(O)(c1cncn1C)c1ccc(nc1)C(F)(F)F
2847,CCOc1ccc(cc1)-c1snnc1-c1cc(Cl)c(O)cc1O
2848,CCc1cc(ccc1Nc1ncc(c(CCc2ccccc2CC(N)=O)n1)C(F)(F)F)C1CCNCC1
2849,COc1nc2ccc(cc2c(Cl)c1CN1CCC(CC1)n1ccc(n1)C(F)(F)F)C(O)(c1cnc(C)n1C)c1cnc(C)n1C
2850,COc1ccc(Cl)c(c1)C(=O)NCC12CC3CC(CC(C3)C1)C2
2851,FC(F)(F)C1(CC1)c1cc(NC(=O)Cc2ccc(cc2)-c2cnc3[nH]ncc3c2)no1
2852,NS(=O)(=O)c1c(F)c(F)c(SCCc2ccccc2)c(F)c1NC1CCCCCCCCCCC1
2853,CN1CCN(CC1)c1ccc(cc1NC(=O)c1cc(N)c(F)c(C)c1Cl)-c1ccc(NC(=O)CCCN)cc1
2854,COc1cc2ncc(nc2cc1OCC(C)(C)O)-c1ccc(CC(=O)Nc2cc(on2)C2(CC2)C(F)(F)F)c(F)c1
2855,CCCC[C@H](NC(=O)[C@H](CC(C)C)NC(=O)[C@H](CCC(N)=O)NC(=O)[C@@H](NC(=O)[C@H](CCC(O)=O)NC(=O)C(C)(C)NC(=O)[C@@H](NC(=O)C(C)(C)N)C(C)C)[C@@H](C)CC)C(=O)N[C@@H](Cc1cnc[nH]1)C(=O)N[C@@H](CCC(N)=O)C(=O)N[C@@H](CCCN=C(N)N)C(=O)N[C@@H](C)C(=O)N[C@@H](CCCCN)C(=O)N[C@@H](Cc1ccc(O)cc1)C(N)=O
2856,CCOc1cc(ccc1Nc1ncc2N(C)C(=O)CCN(C3CCCC3)c2n1)N1CCC(O)CC1
2857,CN(CCOc1cc2ncc(nc2cc1OCCN(C)C(C)=O)-c1ccc(CC(=O)Nc2cc(on2)C(C)(C)C(F)(F)F)c(F)c1)C(C)=O
2858,CC[C@@H]1NC(=O)[C@H]([C@H](O)[C@H](C)C\C=C\C)N(C)C(=O)[C@H](C(C)C)N(C)C(=O)[C@H](CC(C)C)N(C)C(=O)[C@H](CC(C)C)N(C)C(=O)[C@@H](C)NC(=O)[C@H](C)NC(=O)[C@H](CC(C)C)N(C)C(=O)[C@@H](NC(=O)[C@H]([C@H](C)COC)N(C)C(=O)[C@@H](C)N(C)C1=O)C(C)C
2859,CN1C[C@@H](C[C@H]2[C@H]1Cc1c(I)[nH]c3cccc2c13)C(=O)N1CCN(CC1)c1ccccn1
2860,C[C@@H]1CC2=CC(=O)CC[C@]2(C)[C@H]2CC[C@]3(C)[C@@H](O)CC[C@H]3[C@H]12
2861,C[C@H]1CCc2cc(ccc2N1C(=O)c1ccc(O)cc1O)-c1nc(Cl)nc2[nH]ccc12
2862,Clc1ccc(NC(=O)C[N+]23CCC(CC2)[C@H](C3)OC(=O)C2(CCCCCC2)C2=CC=CC2)nn1
2863,COc1cc(cc2nnn(C)c12)[C@@H](CC(O)=O)c1ccc(C)c(CN2C[C@@H](C)Oc3ccccc3S2(=O)=O)c1
2864,COc1cc2nc(cnc2cc1OCCCS(C)(=O)=O)-c1ccc(CC(=O)Nc2cc(on2)C2(CC2)C(F)(F)F)c(F)c1
2865,COc1nc2ccc(cc2c(Cl)c1Cc1ccc(cc1)C(F)(F)F)C(O)(c1cnnn1C)c1oc(C)nc1C
2866,Cc1ccc(NC(=O)NCCNCC(O)COc2ccc(OCCOC3CCCC3)cc2)cc1
2867,O=C(C[C@@H](CC1CCc2ccccc2C1)C(=O)N[C@@]1(CCN(C1)C1CCCCC1)C#N)N1CCOCC1
2868,N[C@@H](CCCN=C(N)N)C(=O)N[C@@H](CCCN=C(N)N)C(=O)N1CCC[C@H]1C(=O)N1C[C@H](O)C[C@H]1C(=O)NCC(=O)N[C@@H](Cc1cccs1)C(=O)N[C@@H](CO)C(=O)N1Cc2ccccc2C[C@@H]1C(=O)N(CC(=O)N[C@@H](CCCN=C(N)N)C(O)=O)c1ccccc1
2869,CC(C)(C)C(=O)CN1c2ccccc2C(=NN(CC(=O)Nc2cccc(CO)c2)C1=O)C1CCCCC1
2870,COc1cc(ccc1OC(C)=O)-c1cnc2c(snc2c1)N1CCOCC1
2871,CC(C)NCC(O)COc1ccc(COCCOC(C)C)cc1
2872,Fc1ccc(cc1)C(=O)C1CCN(CCC2CCc3sccc3C2=O)CC1
2873,Clc1cccc(NC(=O)CCN2CCC(Cc3cnc[nH]3)CC2)c1
2874,COc1nc2ccc(cc2c(Cl)c1CC1CC1)C(O)(C1CCN(CC1)C(C)=O)c1ccccc1
2875,Cc1nc2c(N)cc(nn2c1Cc1cccc(F)c1C1CCNCC1)N1CCOCC1
2876,CCN(CC)C(=O)C(C1CCN(CC1)c1ccc(NC(=O)Nc2c(C)noc2C)cc1F)c1ccccc1
2877,Cc1nc2ccccc2n1CC(O)Cn1c2ccccc2c2ccccc12
2878,C/C(/C=C/C=C(/C)\C=C1/CCCc2ccc(C)cc12)=C\C(O)=O
2879,CCS(=O)(=O)c1ccc(Cn2c(C)c(CC(O)=O)c3cccnc23)c(Cl)c1
2880,OC[C@H]1O[C@@H](Oc2cc3c(O[C@@H]4O[C@H](CO)[C@@H](O)[C@H](O)[C@H]4O)cc(O)cc3[o+]c2-c2ccc(O)c(O)c2)[C@H](O)[C@@H](O)[C@@H]1O
2881,CCCCCNC(=O)c1coc(n1)C1C2CCC(O2)C1Cc1ccccc1CCC(O)=O
2882,NS(=O)(=O)c1ccc(cc1)C(=O)NCCOCCOCCN(CC([O-])=O)CC([O-])=O
2883,Cc1nc2c(cc(nn2c1Nc1cccc2CCNCc12)N1CCOCC1)-c1cnc[nH]1
2884,CCc1ccc(cc1C#Cc1cnc2ccnn2c1)C(=O)Nc1cc(CN2CCN(C)CC2)cc(c1)C(F)(F)F
2885,Clc1ccc(NC2CCNCC2)cc1C(=O)NCC12CC3CC(CC(C3)C1)C2
2886,C[C@H]1CCc2cc(ccc2N1C(=O)c1ccc(O)cc1O)-c1nc(Cl)nc2ccsc12
2887,CS(=O)(=O)NC(=O)CCc1ccccc1CC1C2CCC(O2)C1c1nc(co1)C(=O)NCCCCC1CCCCC1
2888,Cc1cc(Nc2nc(Sc3ccc(NC(=O)CN4CC[C@H](C4)C(=O)NC4CCC4)cc3)nn3cccc23)n[nH]1
2889,O=C(Nc1cccc2c1oc(cc2=O)-c1nnn[nH]1)c1ccc(OCCCCc2ccccc2)cc1
2890,CN1C[C@@H](C[C@H]2[C@H]1Cc1c(Cl)[nH]c3cccc2c13)C(=O)N1CCN(CC1)c1ccc2nsnc2n1
2891,COc1cccc(NC(=O)CC23CC4CC(CC(C4)C2)C3)c1C
2892,Clc1ccc(CNC(=S)NCCCCCc2cnc[nH]2)cc1
2893,CN1CCC[C@H]1[C@H]1COc2ccc(Br)cc2O1
2894,CC(C)Oc1c(Cl)c2cc(ccc2nc1N1CCC1)[C@@](O)(c1cnnn1C)c1ccc(C)nc1C
2895,CCN[C@H]1C[C@H](CO[N+]([O-])=O)S(=O)(=O)c2sc(cc12)S(N)(=O)=O
2896,CSCC[C@H]1NC(=O)[C@H](CC(C)C)NC(=O)CNC(=O)[C@H](Cc2ccccc2)NC(=O)[C@@H](Cc2c[nH]c3ccccc23)NC(=O)[C@H](CCC(N)=O)NC1=O
2897,CCS(=O)(=O)Nc1ccc(Oc2ccc(F)cc2F)c(c1)-c1cn(C)c(=O)c2[nH]ccc12
2898,C[n+]1c(CCCOc2ccc(Cl)cc2)cccc1CCCOc1ccc(Cl)cc1
2899,C[C@](Cc1c[nH]c2ccccc12)(NC(=O)OC1C2CC3CC(C2)CC1C3)C(=O)N[C@@H](CC(O)=O)Cc1ccc(N)c(I)c1
2900,Cc1ccc2nc(cn2c1)-c1ccc(OCCCN2CCCCC2)cc1
2901,Cc1nc(sc1CSc1ccc(OCC(O)=O)c(C)c1)-c1ccc(c(F)c1)C(F)(F)F
2902,COc1cccc(OC)c1CNC(=O)c1ccc2NC(=O)\C(=N/Nc3ccc(cc3)S(N)(=O)=O)c2c1
2903,Cc1cc(CCC[N+]23CCC(CC2)[C@H](C3)OC(=O)C2(CCCCCC2)C2=CC=CC2)ccn1
2904,CCCCNC=Nc1ccc(cc1)-c1c[nH]cn1
2905,CC(C)C[C@H](NC(=O)[C@@H](Cc1ccc(NC(=O)[C@@H]2CC(=O)NC(=O)N2)cc1)NC(=O)[C@H](Cc1ccc(NC(=O)[C@H]2CC(=O)NC(=O)N2)cc1)NC(=O)[C@H](CO)NC(=O)[C@@H](Cc1cccnc1)NC(=O)[C@@H](Cc1ccc(Cl)cc1)NC(=O)[C@@H](Cc1ccc2ccccc2c1)NC(C)=O)C(=O)N[C@@H](CCCCNC(C)C)C(=O)N1CCC[C@H]1C(=O)N[C@H](C)C(N)=O
2906,C[C@@H](O)[C@H](N(C)C(=O)[C@@H]1CSSC[C@@H](NC(=O)[C@H](N)Cc2ccc(O)cc2)C(=O)N[C@@H](Cc2ccccc2)C(=O)N[C@@H](Cc2c[nH]c3ccccc23)C(=O)N[C@@H](CCCCN)C(=O)N[C@@H]([C@@H](C)O)C(=O)N1)C(N)=O
2907,Cc1cccc(c1)-n1nc(cc1NC(=O)Nc1ccc(Cl)cc1)C(C)(C)C
2908,OC(=O)COc1cc(F)ccc1C(=O)Nc1cccc(c1)[N+]([O-])=O
2909,OC(=O)c1cccc(NC(=O)c2[nH]c(nc2COC23CC4CC(CC(C4)C2)C3)C23CCC(CC2)CC3)c1
2910,CC(C)(C)NCC(O)COc1ccc(Cc2nc(c[nH]2)-c2cccs2)cc1
2911,CC(=O)NCc1ccc(cc1)-c1ccc(COC2CC[C@@H]([C@H]2OC\C=C/CCC(O)=O)N2CCCCCC2)cc1
2912,Clc1ccc(cc1Cl)C1(CCN2CC(C2)N2CCC(=O)CC2)CCC(=O)N(CC2CC2)C1
2913,CCN(CC)C(=O)N[C@@H]1CN(C)[C@@H]2Cc3c[nH]c4cccc(C2=C1)c34
2914,Fc1ccc(cc1)C(=O)C1CCN(CC2CC(=O)c3ccccc23)CC1
2915,COc1ccc(CCCCNC(=O)c2coc(n2)C2C3CCC(O3)C2Cc2ccccc2CCC(O)=O)cc1
2916,CNCCC(Oc1ccc(cc1)C(F)(F)F)c1ccccc1
2917,OC(CNC1CC1)COc1ccc(cc1)-c1ncc([nH]1)C(F)(F)F
2918,OC1(N2CCN=C2c2ccccc12)c1ccc(Cl)cc1
2919,Cc1cc(Nc2nc(Sc3ccc(NC(=O)CN4CC[C@@H](C4)C(=O)N4CCCC4)cc3)nn3cccc23)n[nH]1
2920,CCOc1ccc(C[C@@H]2NC(=O)CC3(CCCCC3)SSC[C@H](NC(=O)[C@H](CC(N)=O)NC(=O)[C@H](CCC(N)=O)NC(=O)[C@H](Cc3ccccc3)NC2=O)C(=O)N(C)CC(=O)N[C@@H](CCCNC(N)=N)C(=O)NCC(N)=O)cc1
2921,COc1ccc(C[C@H](NC(=O)Nc2ccc3c(CN4CCCC4)cn(Cc4c(Cl)cccc4Cl)c3c2)C(=O)N[C@@H](CCCN=C(N)N)C(=O)NCc2ccccc2)cc1
2922,COc1cc(\C=C2/SC(=O)N(Cc3ccccc3Cl)C2=O)cc(Cl)c1OCC(O)=O
2923,CN1C[C@@H](C[C@H]2[C@H]1Cc1c(Cl)[nH]c3cccc2c13)C(=O)N1CCN(CC1)c1ccccn1
2924,COc1nc2ccc(cc2c(Cl)c1CN1CC(C1)C(F)(F)F)C(O)(c1cnc(C)n1C)c1cnc(C)n1C
2925,[O-]S(=O)(=O)OC[C@H]1O[C@H](O[C@@H]2[C@@H](OCCCCCCCCCCCCn3cc(nn3)-c3ccccc3)O[C@H](COS([O-])(=O)=O)[C@@H](OS([O-])(=O)=O)[C@@H]2OS([O-])(=O)=O)[C@@H](OS([O-])(=O)=O)[C@@H](O[C@H]2O[C@H](COS([O-])(=O)=O)[C@@H](OS([O-])(=O)=O)[C@H](O[C@H]3O[C@H](COS([O-])(=O)=O)[C@@H](OS([O-])(=O)=O)[C@H](O[C@H]4O[C@H](COS([O-])(=O)=O)[C@@H](OS([O-])(=O)=O)[C@H](OS([O-])(=O)=O)[C@@H]4OS([O-])(=O)=O)[C@@H]3OS([O-])(=O)=O)[C@@H]2OS([O-])(=O)=O)[C@@H]1OS([O-])(=O)=O
2926,CC(C)CN(CC(O)C(Cc1ccccc1)NC(=O)OC1CCOC1)S(=O)(=O)c1ccc(N)cc1
2927,CCCCC\C=C\c1cc(O)c2C3CC(C)=CCC3C(C)(C)Oc2c1
2928,O=C(N[C@H](C#N)c1ccccc1)[C@H](CC1CCCCC1)NC(=O)N1CCOCC1
2929,CC(C)(C)c1cc(NC(=O)Nc2ccc(cc2)C(=O)Nc2ccccc2)no1
2930,CC(O)c1n[nH]c2ncc(cc12)-c1ccc(CC(=O)Nc2cc(on2)C(C)(C)C)c(F)c1
2931,Fc1ccc(cc1)N1CCN(CC1)C(=O)Cn1nc(cc(-c2ccc3OCOc3c2)c1=O)-c1ccccc1
2932,COc1nc2ccc(cc2c(Cl)c1CN1CCC(F)(F)CC1)[C@@](O)(c1cnnn1C)c1ccc(C)nc1C
2933,NC(=O)C[C@@H]1NC(=O)C2(CCCCC2)NC(=O)[C@H](Cc2ccc(CP(O)(O)=O)cc2)NC(=O)Cn2cc(CCCNC(=O)[C@H](CC(N)=O)NC(=O)C3(CCCCC3)NC(=O)[C@H](Cc3ccc(CP(O)(O)=O)cc3)NC(=O)Cn3cc(CCCNC1=O)nn3)nn2
2934,C[C@@H]1CCCN1CCCOc1ccc(cc1)N1CCN(CC1=O)C(=O)c1ccc(F)cc1
2935,CC(C)N1CCC(CC1)Oc1ccc(CN2CCN(C)CC2)cc1
2936,C[C@]12CC[C@H]3[C@@H](CCC4=CC(=O)CC[C@]34C)[C@@H]1CC[C@@]2(O)C#C
2937,NC(SCCCc1cnc[nH]1)=NCc1ccc(Cl)cc1
2938,CN(C)c1ccc(CNC(=O)c2ccc(cc2)S(N)(=O)=O)cc1
2939,Cc1cc(Nc2nc(Sc3ccc(NC(=O)CN4CC[C@H](C4)C(=O)Nc4ccc(F)cc4)cc3)nn3cccc23)n[nH]1
2940,C[C@]12CCC(=O)C=C1CC[C@H]1[C@@H]3CC[C@H](C(=O)CO)[C@]3(C[C@H](O)[C@H]21)C=O
2941,NS(=O)(=O)c1ccc(cc1)C(=O)NC(=O)c1ccco1
2942,NCCOc1c([nH]c(=O)c2cc(F)ccc12)-c1ccc(N2CCCC2)c(Br)c1
2943,CCCn1c2nc(CCCNC(=O)c3ccc(cc3)S(F)(=O)=O)[nH]c2c(=O)n(CCC)c1=O
2944,CN(C)c1ccc(NC(=O)Nc2ccnc3c(F)ccc(F)c23)cc1
2945,C[C@](Cc1c[nH]c2ccccc12)(NC(=O)OC1C2CC3CC(C2)CC1C3)C(=O)N[C@@H](CC(O)=O)Cc1ccc(N=[N+]=[N-])c(I)c1
2946,CC(C)C[C@H](NC(=O)[C@H](CCCCN)NC(=O)[C@H](CCCN=C(N)N)NC(=O)[C@H](C)NC(=O)[C@H](CO)NC(=O)[C@H](CCCCN)NC(=O)[C@H](CCCN=C(N)N)NC(=O)[C@H](C)NC(=O)CNC(=O)[C@@H](NC(=O)[C@H](Cc1ccccc1)NC(=O)CNC(=O)CNC(=O)[C@@H](N)Cc1ccccc1)[C@@H](C)O)C(=O)N[C@@H](C)C(=O)N[C@@H](CC(N)=O)C(=O)N[C@@H](CCC(N)=O)C(N)=O
2947,C[C@@H](O)[C@H](NC(=O)[C@@H]1CSSC[C@@H](NC(=O)[C@H](N)Cc2ccccc2)C(=O)N[C@@H](Cc2ccccc2)C(=O)N[C@@H](Cc2c[nH]c3ccccc23)C(=O)N[C@@H](CCCCN)C(=O)N[C@@H]([C@@H](C)O)C(=O)N1C)C(N)=O
2948,O=NC1CCc2cc(ccc12)-c1[nH]c(nc1-c1ccncc1)C(=O)NCCN1CCOCC1
2949,COc1cc2nc(cnc2cc1OCC(=O)N(C)C)-c1ccc(CC(=O)Nc2cc(on2)C2(CC2)C(F)(F)F)c(F)c1
2950,CCS(=O)(=O)Nc1ccc2NC(=O)C(C(=Nc3ccc(CN4CCCCC4)cc3)c3ccccc3)c2c1
2951,CN(C)CCCC[C@H](N)C(=O)N1CCN(CC1)C(=O)C1(CCCC1)NS(=O)(=O)c1ccc(Cl)c(COc2cccc3c(C)cc(C)nc23)c1Cl
2952,Clc1ccc(cc1)C1=CCN(Cc2ccc3OCC(=O)Nc3c2)CC1
2953,Cc1sc-2c(c1C)C(=N[C@@H](CC(=O)OCCCCCCO)c1nnc(C)n-21)c1ccc(Cl)cc1
2954,CSCC[C@@H]1NC[C@@H](CC(C)C)NC(=O)CCNC(=O)[C@@H](Cc2ccccc2)NC(=O)[C@H](Cc2c[nH]c3ccccc23)NC(=O)[C@@H](CCC(N)=O)NC1=O
2955,CCN(Cc1cccnc1)C(=O)c1ccc(Cl)c(c1)[C@]1(C)C(=O)N(Cc2ccc(OC)cc2OC)c2ccc(Cl)cc12
2956,OC(=O)CC\C=C/CO[C@H]1[C@@H](CC[C@@H]1N1CCCCCC1)OCc1ccc(cc1)-c1cccnc1
2957,CC(C)C[C@@H]1CN[C@@H](CCCCNC(=O)OCc2ccccc2)C(=O)N[C@H](CCC(N)=O)C(=O)N[C@@H](Cc2c[nH]c3ccccc23)C(=O)N[C@H](Cc2ccccc2)C(=O)NCCC(=O)N1
2958,Clc1ccccc1CNC(=S)N1CCC(CC1)c1cnc[nH]1
2959,Cc1ccc(cc1)-n1nc(cc1NC(=O)Nc1ccc(OCCN2CCOCC2)c2ccccc12)C(C)(C)CO
2960,Cc1c(Nc2c(CO)nc3c(N)cc(nn23)N2CCOC(CO)C2)cccc1C(F)(F)F
2961,Fc1cc(Br)cc(c1)C1CC(c2cccc(Br)c2)n2nnnc2N1
2962,CCCCCN(C)C(=O)c1coc(n1)C1C2CCC(O2)C1Cc1ccccc1CCC(O)=O
2963,Oc1cc(O)c(cc1Cl)-n1c2ccc(CNS(=O)(=O)c3cccnc3)cc2[nH]c1=O
2964,COc1cc2ncc(cc2cc1OCCNC(C)=O)-c1ccc(CC(=O)Nc2cc(on2)C2(CC2)C(F)(F)F)c(F)c1
2965,COc1ccc(CCNCC(O)COc2ccc(Cc3nc(c[nH]3)-c3cccs3)cc2)cc1OC
2966,CC1(O)CC[C@H]2[C@@H]3CC=C4CC(O)CC[C@]4(C)[C@H]3CC[C@]12C
2967,COc1nc2ccc(cc2c(Cl)c1OC(C)C)C(O)(c1cnnn1C)c1cnc(C)n1C
2968,COc1ccc(Cc2nn(C[C@H]3CCCN3CCCCc3ccc(OCCCN4CCCCCC4)cc3)c(=O)c3ccccc23)cc1
2969,COc1ccc(CCNC(=O)Cn2nc(cc(-c3ccc4OCOc4c3)c2=O)-c2ccccc2)cc1OC
2970,N[C@@H](CCCN=C(N)N)C(=O)N[C@@H](CCCN=C(N)N)C(=O)N1C[C@@H](O)C[C@@H]1C(=O)N1C[C@@H](O)C[C@@H]1C(=O)NCC(=O)N[C@@H](Cc1cccs1)C(=O)N[C@@H](CO)C(=O)N1Cc2ccccc2C[C@@H]1C(=O)N(CC(=O)N[C@@H](CCCN=C(N)N)C(O)=O)C1CCCCC1
2971,CN1CCN(Cc2ccc(NC(=O)c3ccc(C)c(c3)C#Cc3cnc4[nH]ncc4c3)cc2C(F)(F)F)CC1
2972,Brc1ccccc1CNC(=S)N1CCC(CC1)c1cnc[nH]1
2973,C(COc1ccc(CN2CCCCC2)cc1)CN1CCC(Cc2cnc[nH]2)CC1
2974,NCCCC[C@@H]1NC(=O)[C@H](CO)NC(=O)[C@H](CO)NC(=O)[C@@H]2CSSC[C@H](NC(=O)[C@@H]3CSSC[C@H](NC(=O)[C@@H](N)CSSC[C@H](NC(=O)[C@H](Cc4c[nH]c5ccccc45)NC1=O)C(=O)N[C@@H](CCCN=C(N)N)C(=O)N[C@@H](CC(O)=O)C(=O)N[C@@H](Cc1cnc[nH]1)C(=O)N[C@@H](CO)C(=O)N[C@@H](CCCN=C(N)N)C(=O)N3)C(=O)N[C@H](CC(N)=O)C(=O)N2)C(N)=O
2975,CCC(C)OC(=O)C1=C(C)NC(SC)=NC1c1cccc(c1)[N+]([O-])=O
2976,COc1c(C)cnc(Cn2cnc3c(Cl)nc(N)nc23)c1C
2977,C[C@]12CC[C@H]3[C@@H](CCc4cc(O)ccc34)[C@@H]1CCC2=O
2978,Cc1cc(Nc2nc(Sc3ccc(NC(=O)CN4CC[C@H](C4)C(=O)NCCN4CCOCC4)cc3)nn3cccc23)n[nH]1
2979,COC(=O)CCc1ccc(OCC(O)CNCCc2ccc(OC)c(OC)c2)cc1
2980,CC(C)N1CCC(COc2ncc(C(=O)c3ccc(Cl)cc3)n2C)CC1
2981,Fc1ccc(cc1)C(=O)N1CCN(C(=O)C1)c1ccc(OCCCN2CCCC2)cc1
2982,CC(C)n1cc2C[C@H]3N(C)C[C@H](COC(=O)C4CCC4)C=C3c3cccc1c23
2983,CN1CCN(CC1)C1CN(CCC2(CCC(=O)N(Cc3ccccc3)C2)c2ccc(Cl)c(Cl)c2)C1
2984,CCCCCCCCc1cccc(CCCCCCCC)[n+]1C
2985,Cc1cc(C(O)=O)c2oc(cc(=O)c2c1)-c1cccc(\C=C\c2ccc3ccccc3n2)c1
2986,C[C@]1(O)CC[C@H]2[C@@H]3CCC4=CC(=O)CC[C@]4(C)[C@@]3(F)C(=O)C[C@]12C
2987,CNCCN(Cc1ccc(OC)cc1)c1ccccn1
2988,CC[C@@H]1NC(=O)[C@H]([C@H](O)[C@H](C)C\C=C\C)N(C)C(=O)[C@H](C(C)C)N(C)C(=O)[C@H](CC(C)C)N(C)C(=O)[C@H](CC(C)C)N(C)C(=O)[C@@H](C)NC(=O)[C@H](C)NC(=O)[C@H](CC(C)C)N(C)C(=O)[C@@H](NC(=O)[C@H]([C@H](C)CCN2CCOCC2)N(C)C(=O)[C@@H](C)N(C)C1=O)C(C)C
2989,COc1cc2ncc(cc2cc1OCCN1CCOCC1)-c1ccc(CC(=O)Nc2cc(on2)C(C)(C)C(F)(F)F)c(F)c1
2990,CCCn1c2nc(CCCNC(=O)c3cccc(c3)S(F)(=O)=O)[nH]c2c(=O)n(CCC)c1=O
2991,C[C@H]1CN(CCN1S(C)(=O)=O)c1cc(c(cn1)N(C)C(=O)C(C)(C)c1cc(cc(c1)C(F)(F)F)C(F)(F)F)-c1ccc(F)cc1C
2992,CC(C)C(NC(=O)OCCCc1cnc[nH]1)C(C)C
2993,Cc1n(nc2c1c(C)nn(CCCN1CCC(CC1)N1C(Nc3ccccc3C1=O)c1ccccc1F)c2=O)-c1ccc(C)cc1
2994,CCOc1cc(C)c-2cc1C(=O)NCCCOc1cccc(Sc3cc-2nc(N)n3)c1
2995,Nc1cc(nn2c(Cc3cccc(c3C3CCN(CCO)CC3)C(F)(F)F)c(CO)nc12)N1CCOCC1
2996,OC[C@H]1O[C@@H](O[C@@H]2OC=C[C@H]3[C@H](OC(=O)\C=C\c4ccc(O)cc4)[C@@H]4O[C@]4(CO)[C@@H]23)[C@H](O)[C@@H](O)[C@@H]1O
2997,Cc1ccc(s1)C1=CCC(C)(C)c2cc3ccc(cc3cc12)-c1ccc(cc1)C(O)=O
2998,CC(=O)N(Cc1ccc(cc1)-c1ccc(o1)C(O)=O)Cc1cccc(c1)-c1cc(nn1-c1ccc(Cl)c(Cl)c1)C(O)=O
2999,C(COc1ccc(Nc2ccnc3ccccc23)cc1)CN1CCCCC1
3000,CSCC[C@H](NC(=O)[C@@H](NC(=O)[C@H](CCCCNC(=O)COCC(=O)Nc1ccc(CCC(=O)N2CCC2=O)cc1)NC(=O)[C@@H]1CSSC[C@H](NC(=O)[C@@H](NC(=O)[C@H](CC(O)=O)NC(=O)[C@H](Cc2ccccc2)NC(C)=O)C(C)C)C(=O)N[C@@H](CC(N)=O)C(=O)N[C@@H](Cc2c[nH]c3ccccc23)C(=O)N[C@@H](C(C)C)C(=O)N[C@@H]([C@@H](C)O)C(=O)N[C@@H](CC(C)C)C(=O)N2CCC[C@H]2C(=O)N[C@@H](Cc2cnc[nH]2)C(=O)N1)C(C)C)C(N)=O
3001,CC1=C(\C=C\C#Cc2ccc(cc2)C(O)=O)C(C)(C)CCC1
3002,O=C(CCN1CCC(Cc2cnc[nH]2)CC1)Nc1ccccc1
3003,OC[C@H]1O[C@H](NC(=O)CCCCCNC(=O)CCCC[C@@H]2SC[C@@H]3NC(=O)N[C@H]23)[C@@H](O[C@H]2O[C@H](CO)[C@@H](O)[C@H](O[C@H]3O[C@H](CO)[C@@H](O)[C@H](O[C@H]4O[C@H](CO)[C@@H](O)[C@H](O[C@H]5O[C@H](CO)[C@@H](O)[C@H](O)[C@@H]5O)[C@@H]4O)[C@@H]3O)[C@@H]2O)[C@@H](O)[C@@H]1O
3004,OCc1cccc(c1)-c1ccc(COC2CC[C@@H]([C@H]2OC\C=C/CCC(O)=O)N2CCCCCC2)cc1
3005,COc1ccc(CC(NC(=O)c2ccc(cc2)S(N)(=O)=O)C(O)=O)cc1
3006,OC(Cn1ccc2ccccc12)Cn1cnc2ccccc12
3007,Clc1cc2Oc3cc(Cl)c(Cl)c(CNC(=O)CCCCCNc4ccc(cc4N(=O)=O)N=[N]#N)c3Oc2cc1Cl
3008,CC(C)[C@@H]1NC(=O)[C@@H](Cc2ccccc2)NC(=O)[C@@H](Cc2ccccc2)NC(=O)CC2(CCCCC2)SSC[C@@H](NC(=O)[C@@H](CC(N)=O)NC1=O)C(=O)N1CCC[C@H]1C(=O)N[C@@H](CCCNC(N)=N)C(=O)NCC(N)=O
3009,OC(CNCCNC(=O)Nc1ccc(cc1)C(F)(F)F)COc1ccc(OCCOC2CCCC2)cc1
3010,CC[C@H](C)[C@@H]1NC(=O)[C@H](Cc2ccc(O)cc2)NC(=O)[C@H](Cc2cnc[nH]2)NC(=O)[C@H](CSSC[C@H](NC(=O)[C@H](Cc2cnc[nH]2)NC(=O)[C@@H]2CCCN2C(=O)[C@H](CC(C)C)NC(=O)[C@H](CCCCNC(=O)COCC(=O)Nc2ccc(CCC(=O)N3CCC3=O)cc2)NC1=O)C(=O)N[C@H]([C@@H](C)O)C(=O)N[C@H](CCCN=C(N)N)C(=O)N[C@H](Cc1ccc(O)cc1)C(N)=O)NC(=O)[C@@H](NC(=O)[C@H](CCC(O)=O)N(C)C(=O)[C@H](Cc1ccccc1)NC(=O)[C@H](C)NC(=O)[C@H](C)NC(=O)[C@H](CC(O)=O)NC(=O)[C@H](C)NC(C)=O)C(C)C
3011,CC(C)C[C@H](NC(=O)[C@@H](CCCNC(N)=O)NC(=O)[C@H](Cc1ccc(O)cc1)NC(=O)[C@H](CO)NC(=O)[C@@H](Cc1cccnc1)NC(=O)[C@@H](Cc1ccc(Cl)cc1)NC(=O)[C@@H](Cc1ccc2ccccc2c1)NC(C)=O)C(=O)N[C@@H](CCCN=C(N)N)C(=O)N1CCC[C@H]1C(=O)N[C@H](C)C(N)=O
3012,NC(=O)Cc1ccccc1CCc1nc(Nc2ccc(cc2OC(F)(F)F)C2CCNCC2)ncc1C(F)(F)F
3013,Clc1ccc(CNCCCCCc2cnc[nH]2)cc1
3014,CN1C[C@H](COC(=O)C2CCC2)C=C2[C@H]1Cc1c[nH]c3cccc2c13
3015,Nc1nc2Sc3cccc(OCCCCOc4cc(c(Cl)cc4Cl)-c(c2)n1)c3
3016,Cc1nc2c(NC(C3CC3)C3CC3)nc(C)nc2n1-c1ccc(OC(F)F)cc1
3017,CNc1cccc(NC(=O)CN2N=C(C3CCCCC3)c3ccccc3N(CC(=O)C(C)(C)C)C2=O)c1
3018,OC1CCN(CC1)C1CN(CC[C@@]2(CCC(=O)N(CC3CCC(F)(F)CC3)C2)c2ccc(Cl)c(Cl)c2)C1
3019,Cc1ccccc1N1CCN(CC1)S(=O)(=O)C[C@]12CC[C@H](C[C@@H]1NC(=O)[C@@H](N)CCS(C)(=O)=O)C2(C)C
3020,CN1C[C@H](COC(=O)C2CCCC2)C=C2[C@H]1Cc1c[nH]c3cccc2c13
3021,CO[C@H]1C[C@H](C)Cc2c(O)c(NC(=O)C(C)=CC=C[C@H](OC)[C@@H](OC(N)=O)\C(C)=C\[C@H](C)[C@H]1O)cc(O)c2N=CC=C
3022,CC(C)c1cc(Oc2c(C)cc(OCC(O)=O)cc2C)ccc1O
3023,CCn1nc(C)cc1C(=O)NCC[C@H](Cc1ccccc1)N(C)C(=O)c1cc(C)ccc1-n1nccn1
3024,CC[C@@]1(O)C(=O)OCc2c1cc1-c3nc4ccc(O)c(CN(C)C)c4cc3Cn1c2=O
3025,Oc1cc2cccnc2[nH]c1=O
3026,CN(C)[C@H]1CN(Cc2c(C)cccc2F)C[C@@H]1c1cn(C)c2ccccc12
3027,CC[C@H](C)[C@H](NC(=O)[C@H](CC(C)C)NC(=O)[C@H](CC(N)=O)NC(=O)[C@@H](NC(=O)[C@@]1(C)NC(=O)CC[C@H](NC(=O)[C@@H](N)Cc2ccc(O)cc2)C(=O)N[C@@H](CO)C(=O)N[C@H](CCCCN)C(=O)N2CCC[C@H]2C(=O)N[C@H](C)C(=O)N[C@@H](CC(C)C)C(=O)N[C@H](CCCNC(N)=N)C(=O)N[C@@H](Cc2cnc[nH]2)C(=O)N1)[C@@H](C)CC)C(=O)N[C@@H]([C@@H](C)O)C(=O)N[C@@H](CCCNC(N)=N)C(=O)N[C@@H](CCC(N)=O)C(=O)N[C@@H](CCCNC(N)=N)C(=O)N[C@@H](Cc1ccc(O)cc1)C(O)=O
3028,OC(c1cccnc1)(c1cccc(Cl)c1)c1ccc2nc(Cl)c(C3CCCCC3)c(Cl)c2c1
3029,Fc1cc(ccc1CC(=O)Nc1cc(on1)C1(CC1)C(F)(F)F)-c1cnc2[nH]c(cc2c1)C(=O)NC1CNC1
3030,Cc1cccc(C)c1CN1CCC[C@H](C1)NC(=O)N1CCc2[nH]nc(c2C1)-c1ccncc1
3031,Cc1cc(CN2CCN(CC2)c2c(Br)cnc3nc([nH]c23)-c2cncn2C)no1
3032,COc1nc2ccc(cc2c(Cl)c1CC1CC1)C(O)(c1cnnn1C)c1ccc(C)nc1C
3033,NS(=O)(=O)c1ccc(cc1)C(=O)NCc1ccccc1F
3034,Fc1cc(Br)cc(c1)[C@@H]1C[C@H](c2cccc(Br)c2)n2nnnc2N1
3035,CN1CCC(CC1)c1ccc(Nc2ncc(c(CCc3ccccc3CC(N)=O)n2)C(F)(F)F)c(OC(F)(F)F)c1
3036,Cc1cc2c(cc1C1(CC1)c1ccc(cc1)C(O)=O)C(C)(C)CCC2(C)C
3037,COc1nc2ccc(cc2c(C#N)c1OCC(F)(F)F)[C@](O)(c1cncn1C)c1ccnc(c1)C(F)(F)F
3038,CCCCCCCCCc1cccc(CCCCCCCCC)[n+]1C
3039,CC1(C)CCC(C)(C)c2cc(ccc12)C(=O)Nc1ccc(C(O)=O)c(F)c1
3040,CC[C@H](C)[C@H](NC(=O)[C@H](CC(O)=O)NC(=O)[C@@H](NC(=O)[C@H](Cc1ccc(O)cc1)NC(=O)[C@H](Cc1c[nH]c2ccccc12)NC(=O)[C@H](CC(C)C)NC(C)=O)[C@@H](C)O)C(=O)N[C@@H](CCCNC(N)=N)C(=O)N[C@@H](CCSC)C(=O)N[C@@H](CO)C(=O)N[C@@H](Cc1c[nH]c2ccccc12)C(=O)N[C@@H](CCCNC(N)=N)C(=O)N[C@@H](C(C)C)C(=O)N1CCC[C@H]1C(O)=O
3041,COc1nc2ccc(cc2c(Cl)c1CC(C)C)[C@@](O)(c1cnnn1C)c1cnc(C)n1C
3042,CC(C)C[C@@H](NC(=O)[C@@H](CCCCN)NC(=O)[C@@H](CCC(O)=O)NC(=O)[C@@H](Cc1ccc(cc1)C(F)(F)F)NC(=O)[C@@H](CC(N)=O)NC(=O)[C@@H](C)NC(=O)[C@@H](Cc1ccc(O)cc1)NC(=O)[C@@H](Cc1c[nH]c2cc(F)ccc12)NC(=O)[C@@H](C)NC(=O)[C@H](N)[C@@H](C)O)C(=O)N[C@H](CC(C)C)C(=O)N[C@H](CCCN=C(N)N)C(O)=O
3043,CCN1CCC[C@H]1CNC(=O)c1c(O)c(I)ccc1OC
3044,OCCNc1cc(nc(n1)-c1n[nH]c2cnccc12)C(F)(F)F
3045,Cc1cc(COc2cc(nn2-c2ccc(cc2)C#N)C(=O)N2CC[C@H](N)C2)on1
3046,COc1ccc(CCNC[C@H](O)COc2ccc(cc2)-c2ncc([nH]2)C(C)=O)cc1OC
3047,CNC(=O)c1ccccc1Nc1c(cnc2[nH]c(cc12)-c1ccc(nc1)N1CCOCC1)C(F)(F)F
3048,FC(F)CN1C[C@@H]([C@H](C1)C(=O)Nc1ccc(cc1F)-n1ccccc1=O)C(=O)Nc1ccc(Cl)cn1
3049,Cc1sc-2c(c1C)C(=N[C@H](CC(=O)OC1CCC(O)CC1)c1nnc(C)n-21)c1ccc(Cl)cc1
3050,CC(C)(C)CCNC(=O)CCc1cc2cc(ccc2nc1N)-c1ccccc1C#Cc1ccc(NC(=O)c2ccc(F)cc2)cn1
3051,NCCOc1c([nH]c(=O)c2cc(F)ccc12)-c1ccc2OCCOc2c1
3052,COc1nc2ccc(cc2c(Cl)c1CN1CCC(O)(CC1)C(F)(F)F)[C@](O)(c1cncn1C)c1ccnc(c1)C(F)(F)F
3053,CCCCNC(=O)c1cn(nn1)[C@H]1[C@@H](O)[C@@H](CO)O[C@@H](S[C@@H]2O[C@H](CO)[C@H](O)[C@@H]([C@H]2O)n2cc(nn2)C(=O)NCCCC)[C@@H]1O
3054,CC(C)NCC(O)COc1ccc(COCC2CC2)cc1
3055,OC1CC2CCC(C1)N2C1CN(CCC2(CCC(=O)N(Cc3ccccc3)C2)c2ccc(Cl)c(Cl)c2)C1
3056,C[C@]12C[C@H](N(C(=O)[C@H]3Cc4ccccc4CN3C(=O)[C@H](CO)NC(=O)[C@H](Cc3cccs3)NC(=O)CNC(=O)[C@@H]3C[C@@H](O)CN3C(=O)[C@H]3CCCN3C(=O)[C@H](CCCNC(N)=N)NC(=O)c3ccc(NC(=N)CN)cc3)[C@@]1(C)CCCC2)C(=O)N[C@@H](CCCNC(N)=N)C(O)=O
3057,Cc1ccc(cc1-c1cc2cnn(-c3ccc(F)cc3F)c2n(C)c1=O)C(=O)NC1CC1
3058,CC[C@H](C)[C@H](NC(=O)[C@H](CC1CCCCC1)NC(=O)[C@@H](NC(=O)[C@H](CC(C)C)NC(=O)[C@H](Cc1c[nH]cn1)NC(=O)[C@@H]1CSSC[C@@H](N)C(=O)N[C@@H](CO)C(=O)N[C@@H]2CSSC[C@H](NC(=O)[C@H](CCC(O)=O)NC(=O)[C@@H](CCCCN)NC(=O)[C@@H](CC(O)=O)NC(=O)[C@@H](CCSC)NC(=O)[C@H](CC(C)C)NC(=O)[C@@H](CO)NC(=O)[C@H](CO)NC2=O)C(=O)N[C@@H](C(C)C)C(=O)N[C@H](Cc2ccc(O)cc2)C(=O)N[C@@H](Cc2ccccc2)C(=O)N1)[C@@H](C)O)C(=O)N[C@@H](Cc1c[nH]c2ccccc12)C(O)=O
3059,N[C@@H]([C@H]1[C@@H](CO)C1C(O)=O)C(O)=O
3060,CN(c1nnn[nH]1)c1cccc(NC(=O)CN2C(=O)N(CC(=O)C(C)(C)C)c3ccccc3N(C3CCCCC3)C2=O)c1
3061,C/C(/C=C/C=C(/C)\C=C1/CCCc2cc(C)ccc12)=C\C(O)=O
3062,COc1ccc(CN(CCN(C)CCCCCCNS(=O)(=O)c2cccc3c(cccc23)N(C)C)c2ccccn2)cc1
3063,Cc1cc(Nc2nc(Sc3ccc(NC(=O)CN4CC[C@H](C4)S(=O)(=O)C(C)(C)C)cc3)nn3cccc23)n[nH]1
3064,COc1nc2ccc(cc2c(C#N)c1Cc1ccc(cc1)-n1cccn1)C(O)(c1cncn1C)c1ccc(cc1)[N+]#[C-]
3065,CCN1\C(=C\C=C\C=C\C2=[N+](CC)c3ccc(cc3C2(C)C)S([O-])(=O)=O)C(C)(CCCC(=O)NCCCC[C@@H](NC(=O)[C@]2(Cc3cccc(Nc4nccs4)n3)CCC(CC2)Oc2cccc(Cl)c2F)C(N)=O)c2cc(ccc12)S(O)(=O)=O
3066,CC(C)(C)c1cc(NC(=O)Nc2cccc3ccccc23)n(n1)-c1cccc(N)c1
3067,COc1cc2ncc(-c3ccc(CC(=O)Nc4cc(on4)C(C)(C)C(F)(F)F)c(F)c3)c(OC)c2cc1OC
3068,Cc1cc(NC(=O)Nc2ccc3n(C)ccc3c2)sn1
3069,CCc1ccc(cc1)C1=C(\C=C\C#Cc2ccc(cc2)C(O)=O)C(C)(C)CCC1
3070,C[N+]1(CCc2ccccc2)CCC(CC1)C(=O)c1ccc(Cl)cc1
3071,CN1C[C@@H](C[C@@H]2Cc3c(C[C@@H]12)cccc3OS(=O)(=O)C(F)(F)F)C(=O)N1CCN(CC1)c1ccc(cc1)[N+]([O-])=O
3072,COc1nc2ccc(cc2c(Cl)c1Cc1ccc(nc1)C(F)(F)F)C(O)(c1cncn1C)c1ccc(nc1)C(F)(F)F
3073,Cc1c(Cc2c(CO)nc3c(cc(nn23)N2CCOCC2)-c2ncc[nH]2)cccc1C(F)(F)F
3074,Cc1ccccc1CNC(=O)c1ccc(cc1)S(N)(=O)=O
3075,COc1nc2ccc(cc2c(Cl)c1Cc1ccc(cc1)C(F)(F)F)C(N)(c1cnnn1C)c1ccc(C)nc1C
3076,C(Oc1ccc(CN2CCCCC2)cc1)C1CN(CCO1)C1CCCC1
3077,CN(C)CCCC[C@H](NC(C)=O)C(=O)N1CCN(CC1)C(=O)C(C)(C)NS(=O)(=O)c1ccc(Cl)c(COc2cccc3ccc(C)nc23)c1Cl
3078,COC(=O)CCc1ccc(OCC(O)CNC(C)(C)C)cc1
3079,CC(C)C(CC(=O)OCC1(CO)C\C(=C/c2cccc(O)c2)C(=O)O1)C(C)C
3080,CN(C)[C@H](Cc1c(C)cc(O)cc1C)C(=O)N1Cc2ccccc2CC1C(O)=O
3081,C[C@H]1CN(CCN1c1ncc(cc1F)C(F)(F)F)S(=O)(=O)C[C@]12CC[C@H](C[C@@H]1O)C2(C)C
3082,CC[C@H](C)[C@H](NC(=O)[C@H](CS)NC(=O)[C@@H](NC(=O)[C@H](Cc1cn(C)c2ccccc12)NC(=O)[C@H](CCC(N)=O)NC(=O)[C@H](CC(O)=O)NC(=O)[C@H](Cc1c[nH]c2ccccc12)NC(=O)CNC(=O)[C@H](C)NC(=O)[C@H](Cc1cnc[nH]1)NC(=O)[C@H](CCCN=C(N)N)NC(=O)[C@H](CS)NC(=O)[C@@H](N)[C@@H](C)O)C(C)C)C(=O)OC
3083,C(CN1CCCCC1)Oc1ccc(CN2CCCCC2)cc1
3084,NCCCC[C@@H](NC(=O)[C@H](Cc1cc(Br)c(O)c(Br)c1)NC(=O)N1CCC(CC1)N1Cc2ccccc2NC1=O)C(=O)N1CCN(CC1)c1ccncc1
3085,COc1ccc(CCNCC(O)COc2ccc(COCc3ncc[nH]3)cc2)cc1OC
3086,CC[C@@H]1NC(=O)[C@H]([C@H](O)[C@H](C)C\C=C\C)N(C)C(=O)[C@H](C(C)C)N(C)C(=O)[C@H](CC(C)C)N(C)C(=O)[C@H](CC(C)C)N(C)C(=O)[C@@H](C)NC(=O)[C@H](C)NC(=O)[C@H](CC(C)C)N(C)C(=O)[C@@H](NC(=O)[C@H]([C@H](C)COCCN2CCOCC2)N(C)C(=O)[C@@H](C)N(C)C1=O)C(C)C
3087,Cn1cncc1[C@](O)(c1ccc(nc1)C(F)(F)F)c1ccc2nc(N3CCC3)c(OCC(F)(F)F)c(Cl)c2c1
3088,C\C(\C=C\CC1(CC1)c1cc2c(cc1C)C(C)(C)CCC2(C)C)=C/C(O)=O
3089,[O-][N+](=O)c1ccc(NCCCCCC(=O)NCC[N-]C(NCCCOc2cccc(CN3CCCCC3)c2)=[NH+]C#N)c2[n-][o+]nc12
3090,CC(C)C(=NOCC(O)CNC(C)(C)C)C(C)C
3091,Nc1ccc(\C=C2/CCCN=C2c2cccnc2)cc1
3092,CC(NC(=O)OCCCc1cnc[nH]1)C(C)(C)C
3093,COc1ccccc1CNCCNC(=O)N1CCN([C@H](Cc2c[nH]c3ccccc23)C1)C(=O)c1cc(cc(c1)C(F)(F)F)C(F)(F)F
3094,Cc1nc2c(cc(nn2c1Cc1cccc(C)c1C)N1CCOCC1)C(O)=O
3095,CC[C@H](C)[C@@H]1NC(=O)[C@](C)(CCC\C=C/CCC[C@](C)(NC(=O)[C@H](CC(O)=O)NC(=O)[C@H](CC(C)C)NC1=O)C(=O)N[C@@H](Cc1cnc[nH]1)C(=O)N[C@@H](C(C)C)C(=O)N[C@@H](CCCN=C(N)N)C(=O)N[C@@H](CCCN=C(N)N)C(=O)N[C@@H](C(C)C)C(=O)N[C@@H](Cc1c[nH]c2ccccc12)C(=O)N[C@@H](CCCN=C(N)N)C(N)=O)NC(=O)[C@H](CCC(N)=O)NC(=O)[C@@H]1CCCN1C(=O)[C@H](Cc1c[nH]c2ccccc12)NC(=O)[C@H](CCCN=C(N)N)NC(=O)[C@H](CCCN=C(N)N)NC(C)=O
3096,Cc1ccc(CN2CC(CCN3CC(C3)N3CCOCC3)(CCC2=O)c2ccc(Cl)c(Cl)c2)cc1
3097,COc1cccc(c1)N1C=Cc2cc(sc2S1(=O)=O)S(N)(=O)=O
3098,OCCc1ccccc1-c1ccc(COC2CC[C@@H]([C@H]2OC\C=C/CCC(O)=O)N2CCCCCC2)cc1
3099,CN(CCOc1ccc(cc1)[N+]([O-])=O)CCc1ccc(cc1)[N+]([O-])=O
3100,COc1ccc(cc1)C1=CCC(C)(C)c2ccc(cc12)C#Cc1ccc(cc1)C(O)=O
3101,NS(=O)(=O)N1CCN(CC1)C1CN(CCC2(CCC(=O)N(CC3CC3)C2)c2ccc(Cl)c(Cl)c2)C1
3102,Clc1ccc(Cc2nn(C[C@H]3CCCN3CCCCCc3ccc(OCCCN4CCCCCC4)cc3)c(=O)c3ccccc23)cc1
3103,NC(=O)c1cccc2[nH]n(C3CCN(Cc4cccs4)CC3)c(=O)c12
3104,N[C@@H](CCCN=C(N)N)C(=O)N[C@@H](CCCN=C(N)N)C(=O)N1CCC[C@H]1C(=O)N1C[C@H](O)C[C@H]1C(=O)NCC(=O)N[C@@H](Cc1cccs1)C(=O)N[C@@H](CO)C(=O)N1Cc2ccccc2C[C@@H]1C(=O)N(CC(=O)N[C@@H](CCCN=C(N)N)C(O)=O)C1CCCCC1
3105,CC[C@@]1(O)C(=O)OCc2c1cc1-c3nc4ccccc4c(\C=N/OCCCO)c3Cn1c2=O
3106,CCc1cccc2[nH]c(=O)c(O)cc12
3107,CC(C)c1ccc(cc1)C1=CCC(C)(C)c2ccc(cc12)C#Cc1ccc(cc1)C(O)=O
3108,Cn1c2nc(NC3CCOCC3)ncc2cc(-c2ccccc2Cl)c1=O
3109,Cc1nc2c(N)cc(nn2c1Cc1cccc(c1C)C(F)(F)F)N1CCOCC1
3110,CCc1nc2c(C)cc(C)nc2n1Cc1ccc(cc1)-c1ccccc1S(=O)(=O)NC(=O)c1ccccc1
3111,Fc1ccccc1[C@@H]1Nc2ccccc2C(=O)N1CCN1CCC(CC1)N1[C@@H](Nc2ccccc2C1=O)c1ccccc1F
3112,CCc1cc(OCc2ccc(cc2)-c2ccccc2-c2nnn[nH]2)c2ccccc2n1
3113,Nc1cc(CN2CCC(CC2)C(=O)N2CCC(CC2)n2c3ccc(F)cc3n(CC3CCCCC3)c2=O)ccn1
3114,CC(C)CC(CC(C)C)CC(=O)OCC1(CO)C\C(=C/c2ccc(cc2)C(C(=O)OC(C)(C)C)C(=O)OC(C)(C)C)C(=O)O1
3115,NC(=O)c1cc(F)cc2CN(C3CCN(CC3)C3CCC(Cl)(Cl)CC3)C(=O)c12
3116,C[C@@H]1C[C@H]2CC(=O)CC[C@]2(C)[C@H]2CC[C@]3(C)[C@@H](O)CC[C@H]3[C@H]12
3117,CC1=CCC2C(C1)c1c(O)cc(CC#CCCC[N+]([O-])=O)cc1OC2(C)C
3118,O[C@H](COCCCc1ccccc1)[C@@H]1CCCCN1
3119,O=C(O[C@H]1C[N+]2(CCCc3nc4ccccc4o3)CCC1CC2)C1(CCCCCC1)C1=CC=CC1
3120,CC[C@@H]1NC(=O)[C@H]([C@H](O)[C@H](C)C\C=C\C)N(C)C(=O)[C@H](C(C)C)N(C)C(=O)[C@H](CC(C)C)N(C)C(=O)[C@H](CC(C)C)N(C)C(=O)[C@@H](C)NC(=O)[C@H](C)NC(=O)[C@H](CC(C)C)N(C)C(=O)[C@@H](NC(=O)[C@H]([C@H](C)CC#N)N(C)C(=O)[C@@H](C)N(C)C1=O)C(C)C
3121,Fc1ccc2c(noc2c1)C1CCN(CC2Cc3sccc3C(=O)C2)CC1
3122,CCOC(=O)CCNCC(O)COc1ccccc1C
3123,Clc1ccc(NC2CCCNC2)cc1C(=O)NCC12CC3CC(CC(C3)C1)C2
3124,OC(=O)c1ccc(Oc2ccccc2)c(O)c1
3125,CCCCc1nn(CCCC)c(=O)n1Cc1ccc(cc1)-c1ccccc1-c1nnn[nH]1
3126,CN1C[C@@H](C[C@H]2[C@H]1Cc1c[nH]c3cccc2c13)C(=O)N1CCN(CC1)c1ccccn1
3127,CCCNC(=S)NCCCCCc1cnc[nH]1
3128,C[C@@H]1CC2=CC(=O)C=C[C@]2(C)[C@H]2CC[C@@]3(C)[C@@H](CC[C@]3(C)O)[C@H]12
3129,CCCCN(C)Cc1ccc(OC2CCN(CC2)C(C)C)cc1
3130,C(COc1ccc(CCNc2c3CCCCc3nc3ccccc23)cc1)CN1CCCCC1
3131,Cc1cncc(c1)-c1ccc(N[C@@H]2CCNC[C@H]2OCC2CCS(=O)(=O)CC2)c2[nH]c(=O)c(C)cc12
3132,NC(=O)c1cc(F)cc2[nH]n(C3CCNCC3)c(=O)c12
3133,CN(C)CCNC(=O)c1cc(c(o1)-c1ccncc1)-c1ccc2C(CCc2c1)N=O
3134,Nc1cc(CN2CCC(CC2)C(=O)N2CCC(CC2)n2c3ccc(F)cc3n(-c3cc(F)cc(F)c3)c2=O)ccn1
3135,Cc1nc2c(NC(C3CC3)C3CC3)nc(C)nc2n1-c1ccc(OC(F)F)cc1Cl
3136,COc1cc(N)c(I)cc1C(=O)NC1CN2CCC1CC2
3137,CCNC(NCCCC[C@@H](NC(=O)[C@H](Cc1ccc(O)cc1)NC(=O)[C@H](CO)NC(=O)[C@@H](Cc1cccnc1)NC(=O)[C@@H](Cc1ccc(Cl)cc1)NC(=O)[C@@H](Cc1ccc2ccccc2c1)NC(C)=O)C(=O)N[C@@H](CC(C)C)C(=O)N[C@@H](CCCCNC(NCC)=NCC)C(=O)N1CCC[C@H]1C(=O)N[C@H](C)C(N)=O)=NCC
3138,C[C@]1(O)CC[C@H]2[C@@H]3CCC4=CC(=O)CC[C@]4(C)[C@H]3CC[C@]12C
3139,CC[C@@H]1NC(=O)[C@H]([C@H](O)[C@H](C)C\C=C\C)N(C)C(=O)[C@H](C(C)C)N(C)C(=O)[C@H](CC(C)C)N(C)C(=O)[C@H](CC(C)C)N(C)C(=O)[C@@H](C)NC(=O)[C@H](C)NC(=O)[C@H](CC(C)C)N(C)C(=O)[C@@H](NC(=O)[C@H]([C@H](C)CN2CCC(F)(F)C2)N(C)C(=O)[C@@H](C)N(C)C1=O)C(C)C
3140,CCn1c(cccc1=O)N1CCN(CC1)C(=O)[C@@H]1C[C@H]2[C@@H](Cc3c(Br)[nH]c4cccc2c34)N(C)C1
3141,C[C@H](NC(=O)c1c(CN2CCC(CC2)N2CCCCC2)c(nc2ccccc12)-c1ccccc1)C1CCCCC1
3142,COc1ccc(\C=C\C(=O)NCCNC(=O)\C=C\c2ccc(OC)cc2OC)c(OC)c1
3143,Cn1n(C2CCN(CC2)C2CCC2)c(=O)c2c(cccc12)C(N)=O
3144,CNC(=O)NCc1ccc(C[C@@H](NC(=O)[C@H](Cc2ccc(NC(=O)[C@H]3CC(=O)NC(=O)N3)cc2)NC(=O)[C@H](CO)NC(=O)[C@@H](Cc2cccnc2)NC(=O)[C@@H](Cc2ccc(Cl)cc2)NC(=O)[C@@H](Cc2ccc3ccccc3c2)NC(C)=O)C(=O)N[C@@H](CC(C)C)C(=O)N[C@@H](CCCCNC(C)C)C(=O)N2CCC[C@H]2C(=O)N[C@H](C)C(N)=O)cc1
3145,C[C@@H](O)[C@H](NC(=O)c1ccc(cc1)C#Cc1ccccc1)C(=O)NO
3146,C[C@@]1(CCCC[C@@H]1Nc1nc(ncc1F)-c1c[nH]c2ncc(Cl)cc12)C(O)=O
3147,COc1nc2ccc(cc2c(Cl)c1CC1CCOCC1)C(O)(C1CCN(CC1)C(C)=O)c1ccccc1
3148,Cc1nc2c(N)cc(nn2c1Nc1cccc(C)c1C)N1CCOCC1
3149,CC[C@@H](CS(=O)(=O)C(C)(C)C)N1[C@@H]([C@H](C[C@](C)(CC(O)=O)C1=O)c1cccc(Cl)c1)c1ccc(Cl)cc1
3150,CCC(CC)=NOCC(O)CNC(C)(C)C
3151,[O-]C(=O)CCc1ccccc1CC1C2CCC(O2)C1c1nc(co1)C(=O)NCCCCN1CCCCC1
3152,C(COCCC1CCCCC1)Cc1cnc[nH]1
3153,NS(=O)(=O)c1ccc(cc1)C(=O)N[C@@H](Cc1ccccc1)C(=O)NCC(=O)NCC(=O)OCc1ccccc1
3154,Cc1cc(C)c2cccc(OCc3c(Cl)ccc(c3Cl)S(=O)(=O)NC3(CCCC3)C(=O)N3CCN(CC3)C(=O)[C@@H](N)CC[N+](C)(C)C)c2n1
3155,Ic1ccccc1CNC(=S)N1CCC(CC1)c1cnc[nH]1
3156,CC(C)c1nnc2ccc(Sc3ccccc3CNC(=O)Nc3cc(nn3-c3ccccc3)C(C)(C)C)cn12
3157,CO[C@@H]1CC\C=C\c2cccc(c2)[C@@H](C)OC(=O)[C@@H]2CCCN(N2)C(=O)[C@H](C)NC(=O)[C@@H](NC(=O)[C@@H]1C)C(C)C
3158,CCN1CCC(CC1)c1ccc(Nc2ncc(c(CCc3ccccc3CC(N)=O)n2)C(F)(F)F)c(OC)c1
3159,CC1CN(Cc2cccc(c2)-c2cc(CNC(=O)c3cccc(CN4CCOCC4)c3)ccc2F)CCN1
3160,CCOc1ccc(C[C@H]2NC(=O)CC3(CCCCC3)SSC[C@@H](NC(=O)[C@@H](CC(N)=O)NC(=O)[C@@H](NC(=O)[C@@H](Cc3ccccc3)NC2=O)C(C)C)C(=O)N2CCC[C@H]2C(=O)N[C@@H](CCCNC(N)=N)C(=O)NCC(N)=O)cc1
3161,Fc1ccc2C(=O)N(Cc3ccc(Br)cc3F)C(=O)C3(CC(=O)NC3=O)c2c1
3162,Nc1cc(nn2c(Cc3cccc(c3C3CCNCC3)C(F)(F)F)c(CO)nc12)N1CCOCC1
3163,NC(=N)NCc1ccc(cc1)C1CC\C(OC1=O)=C/I
3164,Cc1ccc2cccc(OCc3c(Cl)ccc(c3Cl)S(=O)(=O)NC(C)(C)C(=O)N3CCN(CC3)C(=N)NCCCCCCN)c2n1
3165,Nc1cc(nn2c(Cc3cccc(F)c3C3CCN(CCO)CC3)c(CO)nc12)N1CCOCC1
3166,FC(F)(F)c1cc(cc(c1)C(F)(F)F)C(=O)N1CCN(C\C=N/OCCCN2CCOCC2)C[C@H]1Cc1c[nH]c2ccccc12
3167,C[C@@H](NC(=O)CCCCCNC(=O)[C@H]1O[C@H]([C@H](O)[C@@H]1O)n1cnc2c(N)ncnc12)C(=O)NCCCCCC(=O)N[C@H](CCCN=C(N)N)C(=O)N[C@H](CCCN=C(N)N)C(N)=O
3168,CCCCCCCCCCCCO[C@H]1O[C@H](COS([O-])(=O)=O)[C@@H](OS([O-])(=O)=O)[C@H](OS([O-])(=O)=O)[C@@H]1O[C@H]1O[C@H](COS([O-])(=O)=O)[C@@H](OS([O-])(=O)=O)[C@H](O[C@H]2O[C@H](COS([O-])(=O)=O)[C@@H](OS([O-])(=O)=O)[C@H](O[C@H]3O[C@H](COS([O-])(=O)=O)[C@@H](OS([O-])(=O)=O)[C@H](O[C@H]4O[C@H](COS([O-])(=O)=O)[C@@H](OS([O-])(=O)=O)[C@H](OS([O-])(=O)=O)[C@@H]4OS([O-])(=O)=O)[C@@H]3OS([O-])(=O)=O)[C@@H]2OS([O-])(=O)=O)[C@@H]1OS([O-])(=O)=O
3169,CC1=C2CC[C@H]3[C@@H]4CC[C@H](O)[C@@]4(C)CC[C@@H]3[C@@]2(C)CCC1=O
3170,Cc1noc(n1)-c1ccc(NC(=O)N[C@@H](Cc2ccc(O)cc2)C(=O)N[C@H]2CCC[N+](C)(Cc3ccc(O)cc3)C2)cc1
3171,OC[C@H]1O[C@@H](O[C@@H]2OC=C[C@H]3[C@H](OC(=O)[C@H]4[C@@H]([C@H]([C@@H]4c4ccc(O)cc4)c4ccc(O)cc4)C(=O)O[C@@H]4[C@@H]5O[C@]5(CO)[C@@H]5[C@H]4C=CO[C@H]5O[C@@H]4O[C@H](CO)[C@@H](O)[C@H](O)[C@H]4O)[C@@H]4O[C@]4(CO)[C@@H]23)[C@H](O)[C@@H](O)[C@@H]1O
3172,CC(C)C[C@H](NC(=O)[C@H](Cc1ccccc1)NC(=O)[C@H](CCC(O)=O)NC(=O)CNC(=O)[C@@H](NC(=O)[C@H](CCC(O)=O)NC(=O)[C@H](CCC(O)=O)NC(=O)[C@H](CC(O)=O)NC(=O)[C@H](CC(C)C)NC(C)=O)[C@@H](C)O)C(N)=O
3173,COc1ccc(CN(CCN(C)CCCCCCCCNC(=O)c2ccc(c(c2)C(O)=O)-c2c3ccc(O)cc3oc3cc(=O)ccc23)c2ccccn2)cc1
3174,CC(C)[C@H](NC(=O)[C@@H](NC(=O)[C@H](C)NC(=O)[C@@H](NC(=O)[C@@H](N)[C@@H](C)O)[C@@H](C)O)[C@@H](C)O)C(=O)N[C@@H]([C@@H](C)O)C(=O)N[C@@H](CCCCN)C(=O)N[C@@H](Cc1ccc(O)cc1)C(=O)N[C@@H](Cc1c[nH]c2ccccc12)C(=O)N[C@@H](Cc1ccccc1)C(O)=O
3175,C[C@H]1CCc2cc(ccc2N1C(=O)c1ccc(O)cc1O)C(=O)N(C)Cc1ccc2nccnc2c1
3176,CN(CCCCCCCCN(C)CCCCCCNCC(=O)N1c2ccccc2C(=O)Nc2cccnc12)CCCCCCNCC(=O)N1c2ccccc2C(=O)Nc2cccnc12
3177,COc1nc2ccc(cc2c(Cl)c1CN1CCC(CC1)C(F)(F)F)[C@@](O)(c1cnnn1C)c1cnc(C)n1C
3178,NC(=O)N1CCN(CC1)C1CN(CCC2(CCC(=O)N(CC3CC3)C2)c2ccc(Cl)c(Cl)c2)C1
3179,O[C@@](C\C=C/I)(C(=O)O[C@H]1CN2CCC1CC2)c1ccccc1
3180,NC1CCN(CC1)C1CN(CCC2(CCC(=O)N(CC3CC3)C2)c2ccc(Cl)c(Cl)c2)C1
3181,[O-]S(=O)(=O)OC[C@H]1O[C@H](OCCCn2cc(nn2)-c2ccccc2)[C@@H](O[C@H]2O[C@H](COS([O-])(=O)=O)[C@@H](OS([O-])(=O)=O)[C@H](O[C@H]3O[C@H](COS([O-])(=O)=O)[C@@H](OS([O-])(=O)=O)[C@H](O[C@H]4O[C@H](COS([O-])(=O)=O)[C@@H](OS([O-])(=O)=O)[C@H](O[C@H]5O[C@H](COS([O-])(=O)=O)[C@@H](OS([O-])(=O)=O)[C@H](OS([O-])(=O)=O)[C@@H]5OS([O-])(=O)=O)[C@@H]4OS([O-])(=O)=O)[C@@H]3OS([O-])(=O)=O)[C@@H]2OS([O-])(=O)=O)[C@@H](OS([O-])(=O)=O)[C@@H]1OS([O-])(=O)=O
3182,CC(C)C[C@H](NC(=O)[C@@H](Cc1ccc(CNC(N)=O)cc1)NC(=O)[C@H](Cc1ccc(NC(=O)[C@@H]2CC(=O)NC(=O)N2)cc1)NC(=O)[C@H](CO)NC(=O)[C@@H](Cc1cccnc1)NC(=O)[C@@H](Cc1ccc(Cl)cc1)NC(=O)[C@@H](Cc1ccc2ccccc2c1)NC(C)=O)C(=O)N[C@@H](CCCCNC(C)C)C(=O)N1CCC[C@H]1C(=O)N[C@@H](C)CO
3183,CCCOc1ccc(C[C@@H](Cc2ccccc2)C(O)=O)cc1CNC(=O)c1ccc(cc1)N1C2CCCC1CCC2
3184,C[C@]1(O)CC[C@H]2[C@@H]3CC[C@H]4CC(=O)CC[C@]4(C)[C@H]3CC[C@]12C
3185,Cc1ccc(cc1)-c1ncc(OC[C@@H]2CCNC2)cc1-c1ccc(cc1)C#N
3186,CC(C)(CN)c1nc(c([nH]1)-c1ccc(Cl)c(O)c1)-c1ccncc1
3187,CS(=O)(=O)Nc1cccc(c1)-c1ccc(COC2CC[C@@H]([C@H]2OC\C=C/CCC(O)=O)N2CCCCCC2)cc1
3188,Cn1cncc1[C@](O)(c1ccnc(c1)C(F)(F)F)c1ccc2nc(C3CC3)c(CN3CCC(CC3)C(F)(F)F)c(Cl)c2c1
3189,COc1nc2ccc(cc2c(Cl)c1CN1CCC(CC1)C(F)(F)F)[C@](O)(C1CCOCC1)c1ccnc(c1)C(F)(F)F
3190,CC(C)(C)C(NC(=O)OCCCc1cnc[nH]1)C(C)(C)C
3191,CC[C@H](C)[C@H]1NC(=O)[C@H](Cc2ccc(O)cc2)N(C)C(=O)CC2(CCCCC2)SSC[C@H](NC(=O)[C@@H](CC(N)=O)NC(=O)[C@@H](NC1=O)[C@@H](C)O)C(=O)N1CCC[C@H]1C(=O)N[C@@H](CCCN)C(=O)N[C@@H](Cc1ccc(O)cc1)C(N)=O
3192,COCCOc1cc2nc(cnc2cc1OC)-c1ccc(CC(=O)Nc2cc(nn2C)C(C)(C)C)c(F)c1
3193,Cc1ccc2cccc(OCc3c(Cl)ccc(c3Cl)S(=O)(=O)NC(C)(C)C(=O)N3CCN(CCCCCCN)CC3)c2n1
3194,CSc1[nH]c2cccc3[C@H]4C[C@H](CN(C)[C@@H]4Cc1c23)C(=O)N1CCN(CC1)c1ccccn1
3195,CCCCCCCCCCCCCCCCCCCCCCCOC(=O)N[C@@H](CO[C@@H]1O[C@@H](CO)[C@H](O)[C@H](O)[C@@H]1O)[C@H](O)\C=C\CCCCCCCCCCCCC
3196,CC(C)(C)c1cc(NC(=O)Nc2ccc(OCCN3CCOCC3)c3ccccc23)n(n1)-c1ccccc1
3197,CN(C)[C@@H](Cc1c(C)cc(O)cc1C)C(=O)N1Cc2ccccc2CC1C(N)=O
3198,COc1nc2ccc(cc2c(Cl)c1CN1CC(C1)C(F)(F)F)[C@@](O)(c1cnnn1C)c1ccc(C)nc1C
3199,CC(C)C[C@H](NC(=O)[C@H](Cc1ccccc1)NC(=O)[C@H](CCC(O)=O)NC(=O)CNC(=O)[C@@H](NC(=O)[C@H](CCC(O)=O)NC(=O)[C@H](CCC(O)=O)NC(=O)[C@H](CC(O)=O)NC(=O)[C@H](CC(C)C)NC(=S)Nc1ccc2c(c1)C(=O)OC21c2ccc(O)cc2Oc2cc(O)ccc12)[C@@H](C)O)C(N)=O
3200,CN(CCO)C1CN(CCC2(CCC(=O)N(Cc3ccccc3)C2)c2ccc(Cl)c(Cl)c2)C1
3201,CC(=N)N1C2CC(CC1C1OC21)OC(=O)C(CO)c1ccccc1
3202,O=C(NC1CC1)Nc1c[nH]nc1-c1nc2cc(CN3CCOCC3)ccc2[nH]1
3203,CCC(C)N(C)C(=O)c1cc2ccccc2c(n1)-c1ccccc1Cl
3204,OC(=O)CCCC\C=C(/c1ccc(cc1)C(=O)NC(=C)C(=O)NCCCCC1CCCCC1)c1cccnc1
3205,CCC(C)(C)NC=Nc1ccc(cc1)-c1c[nH]cn1
3206,Cc1nnc2CN=C(c3ccccc3Cl)c3cc(Cl)ccc3-n12
3207,COc1cc(ccc1Nc1ncc2CN(Cc3ccccc3)C(=O)N(c3cccc(NC(=O)C=C)c3)c2n1)N1CCN(C)CC1
3208,CC(C)NCC(O)COc1ccccc1CO
3209,COc1cc(\C=C2/Sc3ccccc3C2=O)ccc1OCC(O)=O
3210,C[C@@H](NC(=O)CCCCCNC(=O)[C@@H]1C[C@@H](O)[C@@H](C1)n1cnc2c(N)ncnc12)C(=O)NCCCCCC(=O)N[C@H](CCCN=C(N)N)C(=O)N[C@H](CCCN=C(N)N)C(N)=O
3211,Cc1cc(Nc2nc(Sc3ccc(NC(=O)CN4C[C@H](O)[C@@H](F)C4)cc3)nn3cccc23)n[nH]1
3212,CC(C)(C)NCC(O)COc1ccc(cc1)-c1nc(c[nH]1)-c1cccs1
3213,Oc1cccc2c1O[C@H]1CCC[C@H]3CN(CC4CC4)CC[C@]213
3214,Cc1cc(Nc2nc(Sc3ccc(NC(=O)CN4CC[C@H](C4)S(=O)C(C)(C)C)cc3)nn3cccc23)n[nH]1
3215,COc1nc2ccc(cc2c(Cl)c1OC1CCOCC1)[C@@](O)(c1cnnn1C)c1ccc(C)nc1C
3216,Cc1cc2c(cc1C(=C)c1ccc(cn1)C(O)=O)C(C)(C)CCC2(C)C
3217,CO[C@@]1(CN2CCC1CC2)C#C[C@@](O)(C1CCCCCC1)c1ccccc1
3218,O=C(O[C@H]1C[N+]2(Cc3nnc(o3)-c3ccccc3)CCC1CC2)C1(CCCCCC1)C1=CC=CC1
3219,Fc1ccccc1C1Nc2ccccc2C(=O)N1CCCCCN1C(Nc2ccccc2C1=O)c1ccccc1F
3220,CC(C)CNCC(O)COc1ccccc1
3221,COC(=O)CCc1ccccc1OCC(O)CNC(C)C
3222,OC[C@H]1O[C@@H](S[C@@H]2O[C@H](CO)[C@H](O)[C@@H]([C@H]2O)n2cc(nn2)-c2cccc(O)c2)[C@H](O)[C@H]([C@H]1O)n1cc(nn1)-c1cccc(O)c1
3223,CC(O)c1nc2c(cc(nn2c1Cc1cccc(c1C)C(F)(F)F)N1CCOCC1)-c1c[nH]cn1
3224,C[C@]1(Cc2ccc(Br)cc2)NC(=O)N(C1=O)c1cc(Cl)cc(Cl)c1
3225,Cc1cc(C)c2cc1-c1cc(SCCOC(=O)NCCNC2=O)nc(N)n1
3226,Cc1noc(c1CN1CCC[C@H](C1)NC(=O)N1CCc2[nH]nc(c2C1)-c1ccncc1)-c1ccccc1
3227,CCOc1cc(\C=C2/SC(=S)N(Cc3ccccc3)C2=O)ccc1OCC(O)=O
3228,OC(=O)CCc1ccccc1CC1C2CCC(O2)C1c1nc(co1)C(=O)NCCCCC(=O)NC1CCCCC1
3229,OCc1cccc(c1)-c1ccc(CO[C@H]2CC[C@@H]([C@H]2OC\C=C/CCC(O)=O)N2CCCCCC2)cc1
3230,CCCCCc1nc(SCc2ccc(cc2)-c2ccccc2C(O)=O)nn1Cc1ccc(cc1)-c1ccccc1C(O)=O
3231,OC(=O)CCc1ccccc1CC1C2CCC(O2)C1c1nc(co1)C(=O)NCCCCC1CCCCC1
3232,O=C(N[C@@H](CCc1ccccc1)C#N)[C@H](CC1CCCCC1)NC(=O)N1CCOCC1
3233,CCCc1c(O)c(ccc1OCCCOc1ccc(OCC(O)=O)cc1)C(C)=O
3234,COc1ccc(NC(=O)Nc2nc3nn(CC=C)cc3c3nc(nn23)-c2ccco2)cc1
3235,CCOc1ccc(C[C@@H]2NC(=O)CCSSC[C@H](NC(=O)[C@H](CC(N)=O)NC(=O)[C@H](CCC(N)=O)NC(=O)[C@@H](NC2=O)[C@@H](C)CC)C(=O)N2Cc3ccccc3C[C@H]2C(=O)N[C@@H](CC(C)C)C(=O)NCC(N)=O)cc1
3236,Nc1ncnc2n(cnc12)[C@@H]1O[C@H](CCS(=O)(=O)[N-]C(=O)CCCC[C@@H]2SC[C@@H]3NC(=O)N[C@H]23)[C@@H](O)[C@H]1O
3237,COc1nc2ccc(cc2c(Cl)c1OC(C)C)C(O)(C1CCN(CC1)C(C)=O)c1ccccc1
3238,CC(Cc1ccc(OP(O)(O)=O)cc1)(NC(=O)C(Cc1ccc(OP(O)(O)=O)cc1)NC(=O)OCc1cccc(N)c1)C(=O)NC(CC(N)=O)C(N)=O
3239,OC(=O)c1ccc(o1)-c1ccc(C(=S)NCc2ccc(cc2)-c2ccnn2-c2ccc(Cl)c(Cl)c2)c(Cl)c1
3240,COc1ccc(CC(C)NCC(O)COc2ccc(cc2)-c2nc(c[nH]2)-c2cccs2)cc1OC
3241,CC(C)(C)c1cc(NC(=O)Nc2ccc(cc2)C(=O)Nc2cccnc2)no1
3242,Cc1nn(C)cc1-c1nc2ncc(Cl)c(N3CCN(Cc4cncnc4)CC3)c2[nH]1
3243,Clc1cc2Oc3cc(Cl)c(I)c(N=[N]#N)c3Oc2cc1Cl
3244,CCCC[C@@H]1NC(=O)[C@@H](CC(C)C)NC(=O)[C@H](CO)NC(=O)[C@@H](CO)NC(=O)[C@H](C)NC(=O)[C@@H](CO)NC(=O)[C@H](N)CSSC[C@@H](NC(=O)[C@@H](Cc2ccccc2)NC(=O)[C@H](Cc2ccc(O)cc2)NC(=O)[C@H](NC(=O)[C@H](C)NC(=O)[C@@H](CCC(O)=O)NC(=O)[C@H](CCCCN)NC(=O)[C@@H](CC(O)=O)NC1=O)C(C)C)C(=O)N[C@@H](Cc1cnc[nH]1)C(=O)N[C@@H](CC(C)C)C(=O)N[C@@H](CC(O)=O)C(=O)N[C@@H]([C@@H](C)CC)C(=O)N[C@@H]([C@@H](C)CC)C(=O)N[C@@H](Cc1c[nH]c2ccccc12)C(O)=O
3245,C(COc1ccc(CCNc2ccnc3ccccc23)cc1)CN1CCCCC1
3246,CC(C)(C)c1cc(NC(=O)Nc2ccc(NC(=O)c3ccc4ccccc4c3)cc2)no1
3247,CN(C)CCC(CSc1ccccc1)Nc1ccc(cc1[N+]([O-])=O)S(=O)(=O)N[C+]1[N-]S(=O)(=O)c2cc(ccc12)N1CCN(Cc2ccccc2-c2ccc(Cl)cc2)CC1
3248,NS(=O)(=O)Cc1noc2ccccc12
3249,CCCCc1nc2cccnc2n1Cc1ccc(cc1)-c1ccccc1-c1nnn[nH]1
3250,COc1ccc(CCNCC(O)COc2ccc(cc2C)-c2nc(c[nH]2)-c2cccs2)cc1OC
3251,FC1CCN(CC1)C1CN(CC[C@@]2(CCC(=O)N(CC3CC3)C2)c2ccc(Cl)c(Cl)c2)C1
3252,C(Oc1ccc(CN2CCOCC2)cc1)C1CN(CCO1)C1CCCC1
3253,CNC(=S)NCCCCCCc1cnc[nH]1
3254,COc1cccc2C[C@@H]3[C@H](C[C@H](CN3C)C(=O)N3CCN(CC3)c3cccc4nsnc34)Cc12
3255,COc1nc2ccc(cc2c(Cl)c1C1CCCC1)C(O)(c1cnnn1C)c1ccc(C)nc1C
3256,CC(=O)Nc1ccc(C[n+]2csc(CCO)c2C)c(N)n1
3257,C[C@@H](O)[C@H](NC(=O)c1ccc(cc1)-c1ccccc1)C(=O)NO
3258,CO[C@@]1(CN2CCC1CC2)C#C[C@@](O)(C1CCCCCCC1)c1ccccc1
3259,C1CCN[c+]2ccn(CCCCCn3cc[c+](NCC1)c1ccccc31)c1ccccc21
3260,Cn1cncc1C(=O)N[C@@H]1CCC[C@@H](C1)Nc1nc(ncc1F)-c1c[nH]c2ncc(Cl)cc12
3261,C[C@@]12Oc3c4c(C[C@H]5N(CC6CC6)CC[C@@]14[C@]5(CCC2=O)NC(=O)CSSCC(=O)N[C@]12CCC(=O)[C@]4(C)Oc5c6c(C[C@H]1N(CC1CC1)CC[C@@]246)ccc5O)ccc3O
3262,CN(C)CC[C@H](CSc1ccccc1)Nc1ccc(cc1[N+]([O-])=O)S(=O)(=O)Nc1nnc2cc(cnn12)N1CCN(Cc2ccccc2-c2ccc(Cl)cc2)CC1
3263,N=C(NCc1ccccc1)SCCCc1cnc[nH]1
3264,CC(C)(C)C(=O)CN1c2ccccc2C(=NN(CC(=O)Nc2cccc(O)c2)C1=O)C1CCCCC1
3265,CC(C)c1c(C(=O)Nc2ccccc2)c(c(-c2ccc(F)cc2)n1CC[C@@H](O)C[C@@H](O)CC(=O)N1CCOCC1)-c1ccccc1
3266,CCN(CC)CCNC(=O)c1cc(ccc1C)-n1nc(cc1NC(=O)Nc1cccc2ccccc12)C(C)(C)C
3267,Oc1cc(CCl)ccc1Oc1ccc(Cl)cc1Cl
3268,CC[C@H](C)[C@H](NC(=O)[C@H](Cc1ccc(O)cc1)NC(=O)[C@H](Cc1cnc[nH]1)NC(=O)[C@H](CCCNC(N)=N)NC(=O)[C@H](CC(C)C)NC(=O)[C@H](CCCCN)NC(=O)[C@@H]1CCCN1C(=O)[C@H](CCCCN)NC(=O)[C@H](CO)NC(=O)[C@@H]1CCCN1C(=O)[C@@H](N)Cc1ccc(O)cc1)C(=O)N[C@@H](CC(N)=O)C(=O)N[C@@H](CC(C)C)C(=O)N[C@@H]([C@@H](C)CC)C(=O)N[C@@H]([C@@H](C)O)C(=O)N[C@@H](CCCNC(N)=N)C(=O)N[C@@H](CCC(N)=O)C(=O)N([C@@H](CCCNC(N)=N)C(=O)N[C@@H](Cc1ccc(O)cc1)C(=O)N[C@@H](C)C(=O)N[C@@H](CCC(O)=O)C(=O)N[C@@H](CC(O)=O)C(=O)N[C@@H](CC(C)C)C(=O)N[C@@H](C)C(=O)N[C@@H](CCCNC(N)=N)C(=O)N[C@@H](Cc1ccc(O)cc1)C(=O)N[C@@H](Cc1ccc(O)cc1)C(=O)N[C@@H](CO)C(O)=O)C(C)=O
3269,CC(C)(O)c1nc(no1)-c1ccc(CNC(=O)c2cnc(nc2)-c2ccccn2)cc1
3270,CO[C@@H]1O[C@H](COS([O-])(=O)=O)[C@@H](O[C@H]2O[C@H]([C@H](O[C@@H]3O[C@H](COS([O-])(=O)=O)[C@@H](O[C@H]4O[C@@H]([C@@H](O[C@@H]5O[C@@H](COS([O-])(=O)=O)[C@H](OC)[C@@H](OC)[C@@H]5NS([O-])(=O)=O)[C@@H](OC)[C@@H]4OC)C([O-])=O)[C@@H](OS([O-])(=O)=O)[C@@H]3OS([O-])(=O)=O)[C@@H](OC)[C@@H]2OS([O-])(=O)=O)C([O-])=O)[C@H](OC)[C@H]1NS([O-])(=O)=O
3271,OC(=O)CCc1ccccc1CC1OCOC1c1nc(co1)C(=O)NCCc1ccc(Cl)cc1
3272,Cc1c(Cc2c(CF)nc3c(cc(nn23)N2CCOCC2)C(N)=O)cccc1C(F)(F)F
3273,COc1nc2ccc(cc2c(Cl)c1CN1CCC(CC1)C(F)(F)F)[C@](O)(C1CN(C1)C(C)=O)c1cnnn1C
3274,CN(C)C[C@H]([C@@H](O)C(C)(C)C)c1ccc2ccccc2c1
3275,COc1ccccc1CN(C[C@@H](Cc1c[nH]c2ccccc12)NC(=O)CN1CCN(CC1)c1ccccc1)C(C)=O
3276,CCCN(Cc1ccc(cc1)-c1ccccc1-c1nnn[nH]1)c1ncnc2nc[nH]c12
3277,Nc1cc(CN2CCC(CC2)C(=O)N2CCC(CC2)n2c3ccc(F)cc3n(-c3ccc(F)c(F)c3)c2=O)ccn1
3278,Cc1cc(C)c2cccc(OCc3c(Cl)ccc(c3Cl)S(=O)(=O)N3CCC[C@@H]3C(=O)NCCCNC(=O)c3ccc(cc3)C(N)=N)c2n1
3279,CCC[N+]1(C)CCN(Cc2cccc(c2)C(=O)NCc2ccc(F)c(c2)-c2cccc(CN3CCN[C@@H](C)C3)c2)CC1
3280,O=C(N[C@@H]1C2CCN(CC2)C1Cc1cccnc1)c1cc2ccccc2o1
3281,CC(C)n1cc2C[C@@H]3[C@H](C[C@@H](C)CN3C)c3cccc1c23
3282,CC(=O)c1c(C)c([nH]c1-c1ccncc1)-c1ccncc1
3283,CCOC(=O)\C=C1/CC2(CCCCC2)CC(=O)N1Cc1ccc(cc1)-c1ccccc1-c1nnn[nH]1
3284,COc1ccc(cc1)-n1nc2c(NC(=O)CCC(=O)NCCCCCCCCN)nc3ccccc3n2c1=O
3285,NS(=O)(=O)c1ccc(CNc2ncnc(NCc3ccccc3)c2[N+]([O-])=O)cc1
3286,CN[C@@H](Cc1c(C)cc(O)cc1C)C(=O)N1Cc2ccccc2CC1C(O)=O
3287,CCN[C@H]1CN(CCCO)S(=O)(=O)c2sc(cc12)S(N)(=O)=O
3288,S=C(NCCCCc1cnc[nH]1)Nc1ccccc1
3289,CCCOc1ccc(C[C@@H](Cc2ccccc2)C(O)=O)cc1CNC(=O)c1ccc(cc1)N1C2CC3CC(C2)CC1C3
3290,CNCC(=O)N[C@@H](CCCNC(N)=N)C(=O)N[C@@H](C(C)C)C(=O)N[C@@H](Cc1ccc(O)cc1)C(=O)N[C@@H](C(C)C)C(=O)N[C@@H](Cc1cnc[nH]1)C(=O)N1CCC[C@H]1C(=O)N[C@H](Cc1ccccc1)C(O)=O
3291,Nc1nc2n(cnc2c(=O)[nH]1)[C@@H]1O[C@H](COP([O-])(=O)OP([O-])(=O)OP(O)([O-])=O)C(O)C1O
3292,CC(C)C[C@H](NC(=O)[C@@H](Cc1ccc(NC(C)=O)cc1)NC(=O)[C@H](Cc1ccc(NC(=O)C2CNC(=O)N2)cc1)NC(=O)[C@H](CO)NC(=O)[C@@H](Cc1cccnc1)NC(=O)[C@@H](Cc1ccc(Cl)cc1)NC(=O)[C@@H](Cc1ccc2ccccc2c1)NC(C)=O)C(=O)N[C@@H](CCCCNC(C)C)C(=O)N1CCC[C@H]1C(=O)N[C@H](C)C(N)=O
3293,OC(=O)c1cccc(NC(=O)c2[nH]c(nc2CCC23CC4CC(CC(C4)C2)C3)C2CCCCC2)c1
3294,Cc1nc(cs1)-c1ccc2N(CCc2c1)S(=O)(=O)c1ccc(CCC(O)=O)cc1
3295,CC(C)[C@H](N1CCCNC1=O)C(=O)N[C@H](C[C@H](O)[C@H](Cc1ccccc1)NC(=O)COc1c(C)cccc1C)Cc1ccccc1
3296,CC(C)N1CCC(CC1)Oc1ccc(CN(C)C)cc1
3297,Cc1cc(Nc2nc(Sc3ccc(NC(=O)CN4CCC(C4)C(=O)C(C)(C)C)cc3)nn3cccc23)n[nH]1
3298,NS(=O)(=O)c1ccc(cc1)C(=O)NCCN(CC([O-])=O)CC([O-])=O
3299,CC(=O)N[C@@H](Cc1cnc[nH]1)C(=O)N[C@H](Cc1ccccc1)C(=O)N[C@@H](CCCN=C(N)N)C(=O)N[C@@H](Cc1c[nH]c2ccccc12)C(N)=O
3300,CCC(C)(C)O[C@H]1CN(CC(=O)Nc2ccc(Sc3nc(Nc4cc(C)[nH]n4)c4cccn4n3)cc2)C[C@@H]1O
3301,OC(=O)COc1ccc(cc1C(=O)NCc1cccc(c1)[N+]([O-])=O)-c1ccccc1
3302,COc1cccc(OC)c1-c1cc(nn1-c1ccnc2cc(Cl)ccc12)C(=O)NC1(C2CC3CC(C2)CC1C3)C(O)=O
3303,Clc1ccc2scc(CC(=O)N3CCC[C@@H]([C@@H]3CN3CCCC3)c3ccccc3)c2c1
3304,CC(C)C[C@H](NC(=O)[C@H](Cc1c[nH]c2ccccc12)NC(=O)CNC(=O)[C@H](CCCN=C(N)N)NC(=O)[C@H](CO)NC(=O)[C@H](CCCN=C(N)N)NC(=O)[C@H](Cc1ccccc1)NC(=O)[C@@H](NC(=O)[C@H](CO)NC(=O)[C@H](CC(O)=O)NC(=O)[C@@H]1CCCN1C(=O)[C@@H]1CCCN1C(=O)[C@H](CCCN=C(N)N)NC(=O)CN)C(C)C)C(=O)N[C@@H](CO)C(O)=O
3305,Clc1ccc(O[C@H]2CCCNC2)cc1C(=O)NCC12CC3CC(CC(C3)C1)C2
3306,C[C@H](CCCC(C)(C)O)[C@H]1CC[C@H]2[C@@H]3CC=C4C[C@@H](O)CC[C@]4(C)[C@H]3CC[C@]12C
3307,COc1ccc(CN(CCN(C)CCCCCCCCN)c2ccccn2)cc1
3308,CCc1c(F)cccc1Cc1c(CO)nc2c(N)cc(nn12)N1CCOCC1
3309,C[C@H]1CN(Cc2cccc(c2)-c2cc(CNC(=O)c3cccc(C[N+]4(C)CCNCC4)c3)ccc2F)CCN1
3310,C[C@](Cc1c[nH]c2ccccc12)(NC(=O)OC1C2CC3CC(C2)CC1C3)C(=O)N[C@@H](CC(O)=O)Cc1ccc(N)cc1
3311,CSCCC(NC(=O)CNC(=O)C(Cc1ccccc1)NC(=O)C(NC(=O)C(NC(=O)CCNC(=O)CCNC(=O)c1ccc(C(O)=O)c(c1)-c1c2ccc(O)cc2oc2cc(=O)ccc12)C(C)O)C(C)O)C(=O)NC(CCSC)C(=O)NC(C(C)O)C(=O)NC(CC(C)C)C(=O)NC(CCCCN)C(=O)NC1CCCCn2cc(CC(NC(=O)C(CCCCN)NC(=O)C(Cc3ccccc3)NC(=O)C(C)NC1=O)C(=O)NC(CC(C)C)C(=O)NC(CO)C(N)=O)nn2
3312,CN(C)Cc1cccc(c1)-n1nc(cc1NC(=O)Nc1ccc(OCCN2CCOCC2)c2ccccc12)C(C)(C)C
3313,O=C(C[N+]12CCC(CC1)[C@H](C2)OC(=O)C1(CCCCCC1)C1=CC=CC1)Nc1ccccn1
3314,C(Cc1cnc(CCC(c2ccccc2)c2ccccc2)[nH]1)NCCc1cccnc1
3315,CCC(C)C(N)C(=O)OCc1nc2c(N)cc(nn2c1Nc1cccc(c1C)C(F)(F)F)N1CCOCC1
3316,S=C(NCCCCCc1cnc[nH]1)Nc1ccccc1
3317,CC[C@H](C)[C@@H]1NC(=O)[C@@H](Cc2c[nH]c3ccccc23)NC(=O)CCSSC[C@@H](NC(=O)[C@H](CC(N)=O)NC(=O)[C@H](CCC(N)=O)NC1=O)C(=O)NCC(=O)N[C@@H](CCCNC(N)=N)C(=O)NCC(N)=O
3318,CC(C)C[C@@H]1CN[C@@H](CC2CCCCC2)C(=O)N[C@H](CCC(N)=O)C(=O)N[C@@H](Cc2c[nH]c3ccccc23)C(=O)N[C@H](Cc2ccccc2)C(=O)NCCC(=O)N1
3319,COc1nc2ccc(cc2c(Cl)c1OCC1CC1)C(O)(c1cnnn1C)c1ccc(C)nc1C
3320,C/C(/C=C/C=C(/C)\C=C1/CCCc2c(C)cccc12)=C\C(O)=O
3321,COC(=O)COc1ccc(\C=C2/Sc3ccccc3C2=O)cc1
3322,Cc1c(CC(O)=O)c2ccccc2n1Cc1ccc(cc1)S(C)(=O)=O
3323,CC(=O)N[C@H]1[C@H](OC[C@@H](O)[C@@H](O)[C@H](O)[C@@H](O)CNc2cccc(NC(=O)CCCCC3CCSS3)c2)O[C@H](COS([O-])(=O)=O)[C@H](O)[C@@H]1O[C@@H]1O[C@@H]([C@@H](O[C@@H]2O[C@H](COS([O-])(=O)=O)[C@H](OS([O-])(=O)=O)[C@H](O[C@@H]3O[C@@H]([C@@H](O)[C@H](O)[C@H]3O)C(O)=O)[C@H]2NC(C)=O)[C@H](O)[C@H]1O)C(O)=O
3324,NC(=O)c1cc(F)cc2CN(C3CCN(CC3)C3CCC(=O)CC3)C(=O)c12
3325,C[C@H]1CN(Cc2cccc(c2)-c2cc(CNC(=O)c3cccc(CN4CC[N+]5(CCCCC5)CC4)c3)ccc2F)CCN1
3326,CC(C)C[C@@H]1NC(=O)[C@@H](NC(=O)[C@H](CCCNC(N)=N)NC(=O)[C@H](CSSC[C@H](NC(=O)[C@@H]2CCCN2C(=O)[C@H](CCCNC(N)=N)NC1=O)C(N)=O)NC(=O)[C@@H](NC(=O)[C@H](Cc1ccc(Cl)cc1)NC(=O)[C@H](Cc1ccc2ccccc2c1)NC(C)=O)c1cccnc1)c1cccnc1
3327,C[C@@H](N)Cc1cnc[nH]1
3328,CC(N=O)c1ccc(cc1)-c1[nH]c(nc1-c1ccncc1)-c1ccccc1
3329,Cc1ccc(cc1C(=O)NCC12CC3CC(CC(C3)C1)C2)C(=O)N1CC2CNCC(C1)O2
3330,COc1nc2ccc(cc2c(Cl)c1CN1CCC(CC1)C(F)(F)F)[C@](O)(C1CCOCC1)c1cnc(C)n1C
3331,CC(C)NCC(O)COc1ccccc1C1CC1
3332,FC1CCN(CC1)C1CN(CC[C@@]2(CCC(=O)N(CC3CCC(F)(F)CC3)C2)c2ccc(Cl)c(Cl)c2)C1
3333,O[C@H]1Cc2c(O)cc(O)cc2O[C@@H]1c1ccc(O)c(O)c1
3334,OC(=O)c1nc(sc1CCCOc1ccccc1)N1CCc2cccc(C(=O)Nc3nc4ccccc4s3)c2C1
3335,CC(C)C[C@H](NC(=O)[C@@H](Cc1ccc(CNC(C)=O)cc1)NC(=O)[C@H](Cc1ccc(NC(=O)[C@H]2CC(=O)NC(=O)N2)cc1)NC(=O)[C@H](CO)NC(=O)[C@@H](Cc1cccnc1)NC(=O)[C@@H](Cc1ccc(Cl)cc1)NC(=O)[C@@H](Cc1ccc2ccccc2c1)NC(C)=O)C(=O)N[C@@H](CCCCNC(C)C)C(=O)N1CCC[C@H]1C(=O)N[C@H](C)C(N)=O
3336,CC(=O)NC1(CCN(CC1)C1CN(CCC2(CCC(=O)N(CC3CC3)C2)c2ccc(Cl)c(Cl)c2)C1)c1ccccc1
3337,CCc1cc(CNc2cc(Cl)nn3c(c(C)nc23)-c2ccc(OC)c(c2)S(=O)(=O)NCc2cn(Cc3ccccc3)nn2)ccn1
3338,COc1cc(C)c(O)cc1CC(C)N
3339,CC(C)(C)NC=Nc1ccc(cc1)-c1c[nH]cn1
3340,C[C@]12CC[C@H]3[C@@H](CCC4CC(=O)CC[C@H]34)[C@@H]1CC[C@@H]2O
3341,CCOc1ccc(C[C@@H](NC(=O)CC(C)(C)C)C(=O)N[C@@H](Cc2ccccc2)C(=O)N[C@@H](C(C)C)C(=O)N[C@@H](CC(N)=O)C(=O)NCCCC(=O)N2CCC[C@@H]2C(=O)N[C@@H](CCCNC(N)=N)C(=O)N[C@@H](CCCNC(N)=N)C(N)=O)cc1
3342,COc1nc2ccc(cc2c(Cl)c1CCC(F)(F)F)[C@](O)(c1cncn1C)c1ccnc(c1)C(F)(F)F
3343,CN1CCC(CC1)=C1c2ccccc2C=Cc2ccccc12
3344,Cc1cccc(OC[C@@H](O)[C@@H]2CCCCN2)c1
3345,CN1C[C@@H](C[C@H]2[C@H]1Cc1c(Br)[nH]c3cccc2c13)C(=O)N1CCN(CC1)c1ccc(F)c(F)c1
3346,CC1=CCC2C(C1)c1c(O)cc(C\C=C\CCCF)cc1OC2(C)C
3347,Cn1cncc1C(O)(c1ccc(nc1)C(F)(F)F)c1ccc2nc(N3CCC3)c(OCc3ccccc3)c(Cl)c2c1
3348,[O-]S(=O)(=O)OC[C@H]1O[C@H](O[C@@H]2[C@@H](OCCCCCCCCn3cc(nn3)-c3ccccc3)O[C@H](COS([O-])(=O)=O)[C@@H](OS([O-])(=O)=O)[C@@H]2OS([O-])(=O)=O)[C@@H](OS([O-])(=O)=O)[C@@H](O[C@H]2O[C@H](COS([O-])(=O)=O)[C@@H](OS([O-])(=O)=O)[C@H](O[C@H]3O[C@H](COS([O-])(=O)=O)[C@@H](OS([O-])(=O)=O)[C@H](OS([O-])(=O)=O)[C@@H]3OS([O-])(=O)=O)[C@@H]2OS([O-])(=O)=O)[C@@H]1OS([O-])(=O)=O
3349,CN(C)CCC[C@H](N)C(=O)N1CCN(CC1)C(=O)C(C)(C)NS(=O)(=O)c1ccc(Cl)c(COc2cccc3ccc(C)nc23)c1Cl
3350,[O-]C(=O)c1cccc(Cc2cc(Cl)ccc2OCc2ccc(Cl)cc2F)n1
3351,CC[C@H](C)[C@H](NC(=O)[C@H](CC(C)(C)C)NC(=O)[C@@H](NC(=O)[C@H](CC(C)C)NC(=O)[C@H](Cc1c[nH]cn1)NC(=O)[C@@H]1CSSC[C@@H](N)C(=O)N[C@@H](CO)C(=O)N[C@@H]2CSSC[C@@H](NC(=O)[C@H](CCC(O)=O)NC(=O)[C@@H](CCCCN)NC(=O)[C@H](CC(O)=O)NC(=O)[C@@H](CCSC)NC(=O)[C@H](CC(C)C)NC(=O)[C@@H](CO)NC(=O)[C@H](CO)NC2=O)C(=O)N[C@@H](C(C)C)C(=O)N[C@H](Cc2ccc(O)cc2)C(=O)N[C@@H](Cc2ccccc2)C(=O)N1)[C@@H](C)O)C(=O)N[C@@H](Cc1c[nH]c2ccccc12)C(O)=O
3352,CC[C@H](C)[C@@H]1NC(=O)[C@@H](Cc2ccc(CC)cc2)NC(=O)CCSSC[C@H](NC(=O)[C@H](CC(N)=O)NC(=O)[C@H](CCC(N)=O)NC1=O)C(=O)N1CCC[C@H]1C(=O)N[C@@H](CC(C)C)C(=O)NCC(N)=O
3353,CCCCc1nc2ccc(cc2c(=O)n1Cc1ccc(cc1)-c1ccccc1-c1nnn[nH]1)C(C)(C)OC
3354,CCOCC1(COCC)N[C@H](Cc2c1[nH]c1ccccc21)c1nc(c[nH]1)-c1ccccc1
3355,CC[C@@H](C)[C@H](NC(=O)[C@H](Cc1ccc(O)cc1)NC(=O)[C@@H]1CCCN1C(=O)[C@H](CCCN=C(N)N)NC(=O)[C@@H](N)CCCN=C(N)N)C(=O)N[C@@H](CC(C)C)C(O)=O
3356,C[C@]12CC[C@H]3[C@@H](CC=C4C[C@@H](O)CC[C@H]34)[C@@H]1CC[C@@H]2O
3357,COc1nc2ccc(cc2c(Cl)c1C1CCCC1)[C@@](O)(c1cnnn1C)c1ccc(C)nc1C
3358,Cc1cc(CN2CCN(CC2)c2c(Cl)cnc3nc([nH]c23)-c2cn(C)nc2C)no1
3359,CC(C)C[C@H](NC(=O)[C@@H]1CSSC[C@@H]2NC(=O)[C@H](CC(N)=O)NC(=O)[C@@H](N)CSSC[C@H](NC(=O)[C@H](CC(C)C)NC(=O)[C@H](Cc3ccccc3)NC(=O)[C@@H](NC(=O)[C@H](CCC(O)=O)NC(=O)[C@@H]3CCCN3C(=O)[C@H](C)NC(=O)[C@H](CCCCN)NC2=O)[C@@H](C)O)C(=O)N[C@@H](Cc2ccc(O)cc2)C(=O)N[C@@H](Cc2c[nH]c3ccccc23)C(=O)N[C@@H](CCCN=C(N)N)C(=O)N1)C(=O)N[C@@H](CCC(N)=O)C(=O)N[C@@H](Cc1cnc[nH]1)C(O)=O
3360,CCCCCCCC(=O)O[C@@H]1[C@@H](OC(=O)C(\C)=C/C)C(C)=C2[C@@H]3OC(=O)[C@@](C)(O)[C@@]3(OC(=O)CCC)[C@H](C[C@](C)(OC(C)=O)[C@@H]12)OC(=O)CCC
3361,FC(F)(F)c1ccc(cc1)N1CCN(CC1)C(=O)[C@@H](c1ccc(Cl)cc1)c1cccnc1
3362,O[C@H](CNCCNC(=O)N1CCOCC1)COc1ccc(O)cc1
3363,Cc1cc(C)c2cccc(OCc3c(Cl)ccc(c3Cl)S(=O)(=O)NC3(CCCC3)C(=O)N3CCN(CC3)C(=O)[C@H](CCC[N+](C)(C)C)[N+](C)(C)C)c2n1
3364,CSC1=NC2C(C(C)=N1)C(=O)OCCCCCSc1ccccc21
3365,C[S+](CC[C@H](N)C([O-])=O)C[C@H]1O[C@H]([C@H](O)[C@@H]1O)n1cnc2c(N)ncnc12
3366,CC(C)n1cc2C[C@H]3N(C)C[C@H](CO)C=C3c3cccc1c23
3367,O=C(O[C@H]1C[N+]2(Cc3nc4ccccc4o3)CCC1CC2)C1(CCCCCC1)C1=CC=CC1
3368,[O-][N+](=O)c1cccc(c1)-c1c[nH]c(SCCc2cnc[nH]2)n1
3369,CC[C@]12CC(=C)[C@@H]3[C@H]4CC[C@@H](O)C[C@@H]4C[C@@H](C)[C@H]3[C@@H]1CC[C@@]2(O)C#C
3370,CN1C[C@@H](C[C@@H]2Cc3c(C[C@@H]12)cccc3OS(=O)(=O)C(F)(F)F)C(=O)N1CCN(CC1)c1ccc2nsnc2n1
3371,CN1C[C@@H](C[C@H]2[C@H]1Cc1c[nH]c3cccc2c13)C(=O)N1CCN(CC1)c1ccc2nsnc2n1
3372,NC(=N)NCc1ccc(cc1)C1CC\C(OC1=O)=C\I
3373,CNc1cccc(NC(=O)C[C@H]2N=C(C3CCCCC3)c3ccccc3N(CC(=O)C(C)(C)C)C2=O)c1
3374,CC[C@@H](C)[C@H](NC(=O)c1ccc(cc1)S(N)(=O)=O)C(O)=O
3375,OC1C[C@@H]2CCCC[C@H]2CC1N1CCC(CC1)c1ccccc1I
3376,Clc1ccc(NC(=O)CCN2CCC(Cc3cnc[nH]3)CC2)cc1
3377,CCCCCCCC(=O)O[C@@H]1[C@@H](OC(=O)C(\C)=C/C)C(C)=C2[C@@H]3OC(=O)[C@@]4(C)O[C@]34[C@H](C[C@](C)(OC(C)=O)[C@@H]12)OC(=O)CCC
3378,O[C@H]1CN(Cc2c[nH]c3c2nc[nH]c3=O)C[C@@H]1O
3379,C[C@@H](N(C)C(=O)N1CCNC[C@@H]1c1ccc(F)cc1C)c1cc(cc(c1)C(F)(F)F)C(F)(F)F
3380,CC(C)(C)C#Cc1nc(N)c2ncn([C@@H]3O[C@H](COS(=O)(=O)[N-]C(=O)CCCC[C@@H]4SC[C@@H]5NC(=O)N[C@H]45)[C@@H](O)[C@H]3O)c2n1
3381,C[C@]12CC[C@H]3[C@@H](CC[C@H]4CC(F)(F)CC[C@]34C)[C@@H]1CC[C@@]2(O)C#C
3382,CN1CCN(CC1)C1=Nc2cc(Cl)ccc2Nc2ccccc12
3383,CCCCCCCCCCCCCC(=O)OC[C@H](CO[P@@](O)(=O)OCC[N+](C)(C)C)OC(=O)CCCCCCCCCCCCC
3384,CCCCn1n(Cc2ccc(cc2)-c2ccccc2-c2nnn[nH]2)c(=O)c2cccnc12
3385,CC(C)C[C@H](NC(=O)[C@H](Cc1c[nH]c2ccccc12)NC(=O)[C@H](Cc1ccc(O)cc1)NC(=O)[C@H](CO)NC(=O)[C@H](Cc1c[nH]c2ccccc12)NC(=O)[C@H](Cc1ccc(F)cc1)NC(=O)[C@@H]1C=CCN1C(C)=O)C(=O)N[C@@H](CCCNC(N)=N)C(=O)N1CCC[C@H]1C(=O)NCC(O)=O
3386,Cc1nc2c(N)cc(nn2c1Nc1cccc(c1CN1CCC(CC1)S(C)(=O)=O)C(F)(F)F)N1CCOCC1
3387,O=C1C(Cc2ccccc2)C(=O)N(Cc2ccccc2)C(=O)N1Cc1ccccc1
3388,Clc1ccc(CCCOCCCN2CCCCC2)cc1
3389,CN1CCN(CC1)c1ccc(cc1NC(=O)c1cc(N)c(F)c(C)c1Cl)-c1ccc(NC(=O)C2CCNCC2)cc1
3390,CC(C)C[C@H](NC(=O)[C@@H](CCCNC(N)=O)NC(=O)[C@H](Cc1ccc(NC(=O)[C@H]2CC(=O)NC(=O)N2)cc1)NC(=O)[C@H](CO)NC(=O)[C@@H](Cc1cccnc1)NC(=O)[C@@H](Cc1ccc(Cl)cc1)NC(=O)[C@@H](Cc1ccc2ccccc2c1)NC(C)=O)C(=O)N[C@@H](CCCCNC(C)C)C(=O)N1CCC[C@H]1C(=O)N[C@H](C)C(N)=O
3391,O=NC1CCCc2cc(ccc12)-c1[nH]c(nc1-c1ccncc1)-c1ccccc1
3392,CCCc1nc2CCCCC(=O)c2n1Cc1ccc(cc1)-c1ccccc1-c1nnn[nH]1
3393,Cn1n(C2CCN(Cc3ccco3)CC2)c(=O)c2c(cccc12)C(N)=O
3394,CCNCCc1cnc(CCC(c2ccccc2)c2ccccc2)[nH]1
3395,COc1cccc(NC(=O)NCCNCC(O)COc2ccc(OCCOC3CCCC3)cc2)c1
3396,Cc1cc(C)c2cccc(OCc3c(Cl)ccc(c3Cl)S(=O)(=O)NC3(CCCC3)C(=O)N3CCN(CC3)C(=O)C[C@@H](N)CCCN=C(N)N)c2n1
3397,COc1cc(cc2c(Cl)c(Cc3ccc(cc3)-n3cccn3)c(OC)nc12)C(O)(c1cncn1C)c1ccc(nc1)C(F)(F)F
3398,Cc1cc(Nc2nc(Sc3ccc(NC(=O)CN4C[C@@H](O)[C@H](C4)Oc4ccc(F)cc4)cc3)nn3cccc23)n[nH]1
3399,Cc1ccc(NC(=O)c2[nH]c(nc2CCC23CC4CC(CC(C4)C2)C3)C2(C)CCCCC2)cc1C(O)=O
