drugid,smiles
0,COC1=C(C=C2C(=C1)CCN=C2C3=CC(=C(C=C3)Cl)Cl)Cl
1,COC1=C(C=C2C(=C1)CCN=C2C3=CC(=CC=C3)Cl)Cl
2,C1COCCN1C2=CC(=CC=C2)NC3=NC=CC(=N3)C4=C(N=C5N4C=CS5)C6=CC(=CC=C6)NC(=O)CC7=CC=CC=C7
3,C1=CC2=C(C=C1C3=NC(=NC=C3)N)NN=C2N
4,CNC1=NC(=CN=C1)C2=CNC(=O)C(=C2)NC(=O)C3=CC=C(C=C3)N4CCCC4CN5CCCC5
5,C1=CC=C2C(=C1)NC(=C(C#N)C3=NC(=NC=C3)NCCC4=CN=CC=C4)S2.C(=O)(C(F)(F)F)O.C(=O)(C(F)(F)F)O
6,CC(C)(C)C1=CC(=C(S1)NC(=O)NC2=C(C(=CC=C2)Cl)Cl)C(=O)N3CCC(=O)N(CC3)CCN(C)C
7,CC1CCC(CN1)N2CCC3(C2)CN(C4=CC=CC=C34)C(=O)C5=CC6=C(N5)C=C(C=C6)F
8,COC1=C(C=CC(=C1)C2=CC3=C(C=C2)C(=CC4=CC=CN4)C(=O)N3)O
9,CN1CCN(C(C1)C(=O)N)CC2=C(C=C3C(=C2)C(=NC=N3)NC4=C(C(=CC=C4)Cl)F)OC
10,COC1=C(C=C2C(=C1)N=CN=C2NC3=C(C(=CC=C3)Cl)F)CN4CCCCC4C(=O)N
11,COC1=C(C=C2C(=C1)N=CN=C2NC3=CC(=C(C=C3)F)Cl)CN4CCCC4C(=O)N
12,COC1=C(C=C2C(=C1)N=CN=C2NC3=C(C(=CC=C3)Cl)F)CN4CC(C4)C(=O)N
13,CN1CCC(CC1)(C(=O)N)N(C)CC2=C(C=C3C(=C2)C(=NC=N3)NC4=C(C(=CC=C4)Cl)F)OC
14,COC1CC(N(C1)CC2=C(C=C3C(=C2)C(=NC=N3)NC4=C(C(=CC=C4)Cl)F)OC)C(=O)N
15,COC1=C(C=C2C(=C1)N=CN=C2NC3=C(C(=CC=C3)Cl)F)CN4CCC4C(=O)N
16,CN(CC1=C(C=C2C(=C1)C(=NC=N2)NC3=C(C(=CC=C3)Cl)F)OC)C(CCOC)C(=O)N
17,COC1=C(C=C2C(=C1)N=CN=C2NC3=C(C(=CC=C3)Cl)F)CN4CCCC4C(=O)N
18,COC1=C(C=C2C(=C1)N=CN=C2NC3=C(C(=CC=C3)Cl)F)CN4CCOCC4C(=O)N
19,CC(C(=O)N)N(C)CC1=C(C=C2C(=C1)C(=NC=N2)NC3=C(C(=CC=C3)Cl)F)OC
20,CN1CC(C1)(C(=O)N)N(C)CC2=C(C=C3C(=C2)C(=NC=N3)NC4=C(C(=CC=C4)Cl)F)OC
21,CN(CC1=C(C=C2C(=C1)C(=NC=N2)NC3=C(C(=CC=C3)Cl)F)OC)C4(CN(C4)CCOC)C(=O)N
22,CC(C)N(CC1=C(C=C2C(=C1)C(=NC=N2)NC3=C(C(=CC=C3)Cl)F)OC)C(C)C(=O)N
23,CN(CC1=C(C=C2C(=C1)C(=NC=N2)NC3=C(C(=CC=C3)Cl)F)OC)C(CO)C(=O)N
24,CCOC1=C(C(=CC(=N1)NC(=O)C)N)C#N
25,CC(=O)NC1=NC(=C(C(=C1)N)C#N)C2=CC=CC=C2
26,CCOC1=C(C(=CC(=N1)NC(=O)CC2=C(C=CC(=C2)OC)OC)N)C#N
27,CCOC1=C(C(=CC(=N1)NC(=O)CC2=CC(=C(C=C2OC)S(=O)(=O)C)OC)N)Cl
28,CCOC1=C(C(=CC(=N1)NC(=O)CC2=CC(=C(C=C2OC)S(=O)(=O)C)OC)N)C#N
29,CC(C(=O)NC)N(C)CC1=C(C=C2C(=C1)C(=NC=N2)NC3=C(C(=CC=C3)Cl)F)OC
30,CC(C)(C)C1=NN=C2N1C=C(C=C2)C3=C(N=CO3)C4=C(C=C(C=C4)F)F
31,CC(C)(C)C1=NN=C2N1C=C(C=C2)C3=C(N=CO3)C4=CC(=C(C=C4F)F)F
32,CC(C)C1=NN=C2N1C=C(C=C2)C3=C(N=CO3)C4=CC(=C(C=C4F)F)F
33,CCNC1=NN=C2N1C=C(C=C2)C3=C(N=CO3)C4=CC=C(C=C4)F
34,CC(C)C1=NN=C2N1C=C(C=C2)C3=C(NN=C3)C4=C(C=CC(=C4)F)F
35,CC(C)C1=NN=C2N1C=C(C=C2)C3=C(N=CO3)C4=C(C=C(C=C4)F)Cl
36,CC1CC2CN1CCN3C(=O)C4=C(N3)C(=CC=C4)C5=NC6=C(C=CC=C6O2)NC5=O
37,CC(C)(C)NC1=C(C(=O)C1=O)NC2=NC(=NC=C2)NC3=CC=C(C=C3)C4=CC=NC=C4
38,C1CCOC2=C(C=C(C(=C2)CCCO)Cl)NC(=O)NC3=CN=C(C(=N3)OCC1)C#N
39,CS(=O)(=O)NC1=C(C=C2C(=C1)OCCCCCOC3=NC(=CN=C3C#N)NC(=O)N2)Cl
40,COC1=C(C=C(C=C1)CCNC2=NC=C(C(=N2)NC3CCCC3)C(=O)NCCCN4CCCC4=O)OC
41,COC1=CC=CC=C1CNC2=NC=C(C(=N2)NC3CCCC3)C(=O)NCCCN4CCCC4=O
42,C1CCC(C1)NC2=NC(=NC=C2C(=O)NCCCN3CCCC3=O)NCC4=C(C=CC(=C4)Cl)Cl
43,C1CCC(C1)NC2=NC(=NC=C2C(=O)NCCCN3CCOC3=O)NCC4=C(C=CC(=C4)Cl)Cl
44,CC1=C(C=CC2=C3C4=CC(=C(C=C4N=CC3=C(N=C12)N)OC)OC)N
45,C1C2=C(C=CC(=C2)C(=O)NCC3=CC=NC=C3)C4=C1C(=C5C=CC(=C6C=CC(=O)C=C6)C=C5)NN4
46,C1CCOC2=NC(=CN=C2C#N)NC(=O)NC3=CC(=C(C=C3OC1)NCC4=CN=CS4)Cl
47,CCN(CC)CC=CC1=C(C2=C(C3=C(C=C2)N=C(N3C)NC4=C(C=CC=C4Cl)Cl)C(=O)N1)C
48,C1CCOC2=CC(=C(C=C2NC(=O)NC3=CN=C(C(=N3)OCC1)C#N)Cl)OCCCO
49,CC(C(=O)N)N(CCN(C)C)CC1=C(C=C2C(=C1)C(=NC=N2)NC3=C(C(=CC=C3)Cl)F)OC
50,CCOC1=C(C(=CC(=N1)C(=O)NCC2=CC=C(C=C2)S(=O)(=O)C)N)Cl
51,COC1=C(C=C2C(=C1)N=CN=C2NC3=C(C(=CC=C3)Cl)F)CN4CCCC4CC(=O)N
52,CN(CC1=C(C=C2C(=C1)C(=NC=N2)NC3=C(C(=CC=C3)Cl)F)OC)C4CCNC4=O
53,CC(C)OC1=C(C(=CC(=N1)NC(=O)CC2=CC(=C(C=C2OC)S(=O)(=O)C)OC)N)C#N
54,CN(CC1=C(C=C2C(=C1)C(=NC=N2)NC3=C(C(=CC=C3)Cl)F)OC)CC(=O)N
55,CN(CC1=C(C=C2C(=C1)C(=NC=N2)NC3=C(C(=CC=C3)Cl)F)OC)C(COC)C(=O)N
56,CC(C)C1=NN=C2N1C=C(C=C2)C3=C(N=CO3)C4=CC=CC=C4
57,CC(C(=O)N(C)C)N(C)CC1=C(C=C2C(=C1)C(=NC=N2)NC3=C(C(=CC=C3)Cl)F)OC
58,CC(C(=O)N)NCC1=C(C=C2C(=C1)C(=NC=N2)NC3=C(C(=CC=C3)Cl)F)OC
59,COC1=C(C=C2C(=C1)N=CN=C2NC3=C(C(=CC=C3)Cl)F)CN4CCC(C4)C(=O)N
60,CN(C)CC(C(=O)N)N(C)CC1=C(C=C2C(=C1)C(=NC=N2)NC3=C(C(=CC=C3)Cl)F)OC
61,CN(C)C(=O)C1CCCN1CC2=C(C=C3C(=C2)C(=NC=N3)NC4=C(C(=CC=C4)Cl)F)OC
62,CC(C(=O)N)N(CCOC)CC1=C(C=C2C(=C1)C(=NC=N2)NC3=C(C(=CC=C3)Cl)F)OC
63,CC(C)N1CCC(CC1)(C(=O)N)N(C)CC2=C(C=C3C(=C2)C(=NC=N3)NC4=C(C(=CC=C4)Cl)F)OC
64,CNC(=O)C1CCCN1CC2=C(C=C3C(=C2)C(=NC=N3)NC4=C(C(=CC=C4)Cl)F)OC
65,CC(C)(C1=CC2=C(C=C1)NC3=C(C=CC(=C3)C4=CC(=C(C=C4)N)OC)C(=O)N2)C(=O)NC5=CC=C(C=C5)N6CCOCC6
66,COC1=C(C=CC(=C1)C2=CC3=C(C=C2)C(=O)NC4=C(N3)C=CC(=C4)CC(=O)NC5=CC=C(C=C5)N6CCOCC6)N
67,CC(C)NCC1=CC=C(C=C1)NC2=CC(=C3C=CC(=C4C=CC(=O)C=C4O)C=C3)NN2
68,CC(C)N1CC(C1)(C(=O)N)N(C)CC2=C(C=C3C(=C2)C(=NC=N3)NC4=C(C(=CC=C4)Cl)F)OC
69,COC1=C(C=C2C(=C1)N=CN=C2NC3=C(C(=CC=C3)Cl)F)CN4CCCC4
70,C1CC(CCC1NC(=O)C2=CC3=C(C=C2)C4=C(C3)C(=C5C=CC(=C6C=CC(=O)C=C6)C=C5)NN4)O
71,CC1=C(C=C(C=C1)C(=O)NC2CC2)C3=CC=C(C=C3)C(=O)NCC4CC4
72,CC1=C(C=C(C=C1)C(=O)NC2=CC=CC(=C2)N3CCOCC3)C4=CC5=C(C=C4)C(=NO5)C6CCNCC6
73,CC1=C(C=C(C=C1)NC(=O)C2=CC(=NC=C2)N3CCCC3)C4=CC5=C(C=C4)C(=NO5)C6CCNCC6
74,CC1=C(C=C(C=C1)NC(=O)C2=CC(=NC=C2)N3CCCC3)C4=C(C=C(C=C4)C5=NN=C(O5)C)C
75,CC1=C(C=C(C=C1)C(=O)NC2CC2)C3=CC4=C(C=C3)C(=NO4)C5CCNCC5
76,CC1=C(C=C(C=C1)C(=O)NC2CC2)C3=C(C=C(C=C3)C4=NN=C(O4)C)C
77,CC1=C(C=C(C=C1)C(=O)NC2=CC=CC(=C2)N3CCOCC3)C4=C(C=C(C=C4)C5=NN=C(O5)C)C
78,CC1=CN=C(N=C1C2=CNC(=C2)C(=O)NC(CO)C3=CC(=CC=C3)Cl)NC4=C(C=C(C=C4)F)Cl
79,C1=CC=C2C(=C1)C=C(S2)C3=C4C(=CC(=C3)C5=CN(C6=CN=C(N=C65)N)CCN)C=NN4
80,COC1=CC=C(C=C1)N2CC3=CN=C(N=C3N(C2=O)C4CCC(C4)O)NC5=CC=C(C=C5)F
81,CC1CNCCCN1S(=O)(=O)C2=CC=CC3=CN=CC(=C32)C
82,CN(C1=C(C=CC=N1)CNC2=NC(=NC=C2C(F)(F)F)NC3=CC4=C(C=C3)NC(=O)C4)S(=O)(=O)C
83,C1COCCN1C2=CC=C(C=C2)NC3=NC=CC(=N3)C4=C(N=C5N4C=CS5)C6=CC(=CC=C6)NC(=O)CC7=CC=CC=C7
84,CN1CCN(CC1)C2=CC(=C(C=C2)OC)NC3=NC=C4CCC5=C(C4=N3)N(N=C5C(=O)N)C
85,C1CC1C2=CC(=NN2)NC(=O)CC3=CC4=CC=CC=C4C=C3
86,C1=CC(=CC=C1OC2=CN=CC3=C2C=C(S3)C(=O)N)Br
87,CN1CCN(CC1)C2=NC=C(C=C2)C3=CC4=C(NCCN4CC5=C(C=CC(=C5Cl)F)F)N=C3
88,COC1=CC=CC(=C1)NC2=NC=NC3=CC=CC=C32
89,COC1=C(C=C(C=C1)C2=CC3=NC=CN3C(=N2)NC4=C(C=CC=N4)C(=O)N)OC
90,CN1C2=NC(=NC=C2C=C(C1=O)OC3=C(C=C(C=C3)F)F)NC4CCOCC4
91,CC(C)CC(=O)NC1=NNC2=C1CN(C2(C)C)C(=O)C3CCN(CC3)C
92,CC(C)(C)C(=O)OC1=CC2=C(C=C1)N(C(=N2)NC(=O)C3=CC(=CC=C3)[N+](=O)[O-])CCCO
93,COC1=CC(=CC(=C1OC)OC)NC2=NC=C(C(=N2)NC3=CC=CC=C3C(=O)N)[N+](=O)[O-]
94,CC1=CC(=CC=C1)NC(=O)NC2=CC3=C(C=C2)C4=C(CC3)SC5=NC=NC(=C45)N
95,C1CCN(C1)CC(C2=CC=CC=C2)NC(=O)C3=CC4=C(S3)C(=NN4)NC(=O)C5=CC=C(C=C5)N6CCOCC6
96,C1=CC=C(C=C1)C2=C(C=C(N2)C3=NC(=NC=C3)N)C(=O)N
97,CC1=CC=C(C=C1)CNC2=NN3C(=NN=C3C4=CC=CC=C4)C=C2
98,CC1=C(SC(=N1)COC2=CC=CC=C2Cl)C3=NC(=NC=C3)N
99,CN1C=C(C2=CC=CC=C21)C=C3C4=C(C=CC=N4)NC3=O
100,C1CN(CCC1C2=C(C(=NN2)C3=C(C=C(C=C3)Cl)F)C4=NC=NC=C4)C(=O)CO
101,C1C2C(C2N)CN1C3=C(C=C4C(=O)C(=CN(C4=N3)C5=C(C=C(C=C5)F)F)C(=O)O)F
102,C1=CC=C(C=C1)CC2=CN(N=N2)C3=CC4=C(C=C3)NN=C4
103,C1=CC=C(C=C1)CN2C=C(N=N2)C3=CC4=C(C=C3)NN=C4N
104,C1=CC=C(C=C1)CC2=NOC(=C2)C3=CC4=C(C=C3)NN=C4N
105,C1=CN2C=C(N=C2N=C1)C3=CC4=C(C=C3)NN=C4
106,C1=CC=C(C=C1)NC2=NC(=CS2)C3=CC4=C(C=C3)NN=C4
107,C1=CC=C(C=C1)CNC2=NC(=CS2)C3=CC4=C(C=C3)NN=C4
108,C1CCC(CC1)NC2=C(N=C3N2C=CC=N3)C4=CC5=C(C=C4)NN=C5
109,CC(C)NC1=C(N=C2N1C=CC=N2)C3=CC4=C(C=C3)NN=C4
110,CCCCNC1=C(N=C2N1C=CC=N2)C3=CC4=C(C=C3)NN=C4
111,C1COCCN1CCN2C=NC(=C2C3=CC4=C(C=C3)NN=C4)C5=CC=C(C=C5)F
112,CSC1=CC=C(C=C1)C2=NC(=C(N2)C3=CC=NC=C3)C4=CC=C(C=C4)F
113,CN1CCN(CC1)C2=CC(=C(C=C2)OC(F)(F)F)NC3=NC=C4CCC5=C(C4=N3)N(N=C5C(=O)N)CCO
114,CC(C1=C(C=CC(=C1Cl)F)Cl)OC2=C(N=CC(=C2)C3=CN(N=C3)C4CCNCC4)N
115,CC1=CC(=CC=C1)NC(=O)NC2=C(C=C(C=C2)C3=C4CNC(=O)C4=CC=C3)C
116,CC1=C(C=C(C=C1)NC(=O)NC2=CC=C(C=C2)C3=C4CNC(=O)C4=CC=C3)C
117,CC1=CC(=CC=C1)NC(=O)NC2=CC=C(C=C2)C3=C4CNC(=O)C4=CC=C3
118,CN1CCN(CC1)C2=CC(=C(C=C2)OC(F)(F)F)NC3=NC=CC(=N3)C4=CC(=CN4C)C(=O)N
119,CN1CCN(CC1)C2=CC(=C(C=C2)OC(F)(F)F)NC3=NC=CC(=N3)C4=CC5=C(N4C)CCNC5=O
120,C1CCC(CC1)NC2=NC(=O)C=C(N2)C3=CC=NC=C3
121,CC1=CC(=CC=C1)NC(=O)NC2=CC=C(C=C2)C3=CSC4=NC=NC(=C34)N
122,CC1=CC=CC(=C1C)C2=C(C=C(N2)C3=NC(=NC=C3)N)C(=O)N
123,C1=CC2=C(C=C1C3=CN(N=N3)CC4=C(C=C(C=C4)C(F)(F)F)C(F)(F)F)C=NN2
124,CC1=CC2=C(C=CN=C2C=C1)NC(=O)NC3=CC=CC(=N3)C(F)(F)F
125,C1=CC=C(C=C1)CNC(=O)NC2=NC=C(S2)[N+](=O)[O-]
126,CC1=CC(=CC(=C1)NC(=O)NC2=CC3=C(C=C2)C4=C(CC3)SC5=NC=NC(=C45)N)C
127,CN1C2=C(C(=CN=C2)C3=CC=C(C=C3)NC(=O)NC4=CC=CC(=C4)C(F)(F)F)C(=N1)N
128,C1=CC(=CC(=C1)F)OC2=CN=CC3=C2C=C(S3)C(=O)N
129,CS(=O)(=O)NCCOC1=CN=CC(=C1)C2=CC3=C(C=C2)C=NC=C3
130,C1CN(CC=C1C2=CNC3=C2C=CC=N3)C(=O)NC(CO)C4=CC=CC=C4
131,CC1=CC=C(C=C1)C(=O)NC2=C(SC3=C2C(=C(C=C3)Cl)Cl)C(=O)N
132,CC(C)CN1C2=C(C=CC(=C2)C3=C(N=C4N3C=CS4)C5=CC=C(C=C5)F)N=C1N
133,CC1=CC(=CC=C1)NC(=O)NC2=CC=C(C=C2)NC(=O)C3=CSC4=NC=NC(=C34)N
134,C1=CC=C(C(=C1)NC(=O)NC2=CC=C(C=C2)C3=CSC4=C3C(=NC=C4C5=COC=C5)N)F
135,CC1=NC=CN2C1=NC(=C2C3=NC(=NC=C3)NCC4(CC4)O)C5=C(C=C(C=C5)F)F
136,CN(C)CC(=O)NC1=NNC2=C1C=C(C=C2)C3=CN(N=N3)CC4=CC=CC=C4
137,C1=CC(=C(C=C1Cl)Cl)C2=C(C=C(N2)C3=NC(=NC=C3)N)C(=O)N
138,CN(C)C1CCCC(C1)NC2=NC(=CC(=N2)Cl)C3=CNC4=C3C=CC=N4
139,CC1=C2C=C(C=CC2=NN1)C3=CC(=CN=C3)OCC(CC4=CC(=CC=C4)OC(F)(F)F)N
140,CC(C1=CC(=CC=C1)OC)NC(=O)N2CCC(=CC2)C3=CNC4=C3C=CC=N4
141,CC1=CC(=CC=C1)NC(=O)NC2=CC=C(C=C2)C3=CSC4=C3C(=NC=C4C#CCN)N
142,C1=CC(=CC(=C1)C(F)(F)F)CNC2=NC=NC(=C2)C3=CNC4=C3C=CC=N4
143,C1=CC=C(C=C1)CN2C=C(N=N2)C3=CC4=C(C=C3)NN=C4NC(=O)C5=CC=C(C=C5)F
144,C1=CC=C2C(=C1)C(=NNC2=O)C3=CC=C(C=C3)NC(=O)C4=CC(=CC=C4)S(=O)(=O)NCCCN
145,CC(C)CC1=NOC(=C1)C2=CC3=C(C=C2)NN=C3N
146,C1=CC(=CC(=C1)F)NC(=O)NC2=CC=C(C=C2)C3=CSC4=C3C(=NC=C4C5=COC=C5)N
147,C1CC(CCC1N)NC2=NC=CC(=N2)C3=CNC4=C3C=CC=N4
148,CC1=C2C(C3=C(CC(CC3=O)(C)C)N=C2NN1)C4=CC=CC=C4F
149,C1=CC=C(C=C1)C(C2=CC=CC=C2)(C(=O)NNC(=S)NC3=CC=C(C=C3)Cl)O
150,C1CCC2=C(C1)C3=C4N=C(NN4C(=O)N=C3S2)C5=CC=NC=C5
151,C1=CC2=C(C=CN=C2C(=C1)F)NC(=O)NC3=CC=CC(=N3)C(F)(F)F
152,C1=CC=C(C=C1)C2=C3C=C(SC3=NN2)C(=O)NCC4=CC=C(C=C4)Cl
153,CC1=CC(=CC=C1)NC(=O)NC2=CC=C(C=C2)C3=CSC4=C3C(=NC=C4C5=CN(N=C5)C)N
154,C1C2=C(C=CC(=C2)C3=CC(=CN=C3)OCC(CC4=CNC5=CC=CC=C54)N)NC1=O
155,C1=CC=C(C=C1)NC(=O)NC2=CC=C(C=C2)C3=CSC4=NC=NC(=C34)N
156,CN(C)C1=CC=CC2=C1C=CC=C2S(=O)(=O)N(CCN)C3=CN=CC(=C3)C4=CC5=C(C=C4)C=NC=C5
157,CCN1C(=O)N(C2=CN=C(N=C2N1C3CCCC3)NC4=C(C=C(C=C4)C(=O)NC5CCN(CC5)C)OC)C
158,CCCC(=O)NC1=NNC2=NC3=CC=CC=C3C=C21
159,CC(C)(C(=O)N)N1C=C(C=N1)C2=CN=C(C3=C2SC=C3C4=CC=C(C=C4)NC(=O)NC5=CC(=CC=C5)F)N
160,CC1=C(C=CC(=C1)NC2=NC=C(C(=N2)NC3C4CC(C3C(=O)N)C=C4)F)N5CCN(CC5)C
161,CC1=C2C=C(C=CC2=NN1)C3=CC(=CN=C3)OCCN
162,CC(C)(CNC1=NC=CC(=N1)C2=C(N=C3N2C=CO3)C4=CC=C(C=C4)F)CN(C)C
163,C1=CN=CC=C1C2=NC3=C4C=CSC4=NC(=O)N3N2
164,CCC1C(=O)N(C2=CN=C(N=C2N1C3CCCC3)NC4=C(C=C(C=C4)C(=O)NC5CCN(CC5)C)OC)C
165,CCC1=CC(=CC=C1)NC(=O)NC2=CC3=C(C=C2)C4=C(CC3)SC5=NC=NC(=C45)N
166,CCCCNC1=NC=NC(=C1)C2=CNC3=C2C=CC=N3
167,CC1=NC2=C(S1)C=CC(=C2)C3=CSC4=C3C(=NC=C4C=CC(=O)NC)N
168,CCCC(=O)NC1=CC=CC(=C1)C2=NC3=C(C=C(C=C3)OCCN4CCCC4)C(=N2)NC5=CC6=C(C=C5)NN=C6
169,CC1=C(C2=C(N1C3CC(C3)CN4CCCC4)N=CN=C2N)C5=CC(=CC=C5)OCC6=CC=CC=C6
170,CC(C)(CN)CNC1=NC(=CC(=N1)Cl)C2=CNC3=C2C=CC=N3
171,C1=CC(=O)C=CC1=C2C(=C(NN2)NC3=CC=C(C=C3)O)C4=CC=C(C=C4)O
172,CC1=C(C=CC(=C1)C(=O)NC(C)C2=CC(=CC=C2)OC)C3=CC=NC=C3
173,CC(C)N1C2=C(C=CC(=C2)C3=C(N=C4N3C=CO4)C5=C(C=C(C=C5)F)F)N=N1
174,CN(C)C1CCC(CC1)NC2=NC(=CC(=N2)Cl)C3=CNC4=C3C=CC=N4
175,COC1=C2C(=C(C=C1)C3=CC=C(C=C3)NC(=O)NC4=CC(=CC(=C4)F)F)C(=NO2)N
176,CCCCN1C2=C(C=C(C=C2)N(C)C(=O)C3CCCCC3)N=C1NC(=O)C4=CC=CC(=C4)C#N
177,COCCNC1=NC=CC(=N1)C2=C(N=C3N2C=CN=C3)C4=CC=C(C=C4)F
178,C1C(C1C(=O)NC2=CC3=C4C(=C2)C(=O)NNC=C4C=N3)C5=CC=CC=C5
179,CC(C)(C)OC(=O)N1C2=C(C=C(C=C2)NC3=C(C(=O)C3=O)NCC4=CC=C(C=C4)S(=O)(=O)N)C=N1
180,CC1=CC(=CC=C1)NC2=NC=CC(=N2)NC3=C(C(=O)C3=O)NC(C)C(C)(C)C
181,C1CC2=C(C1)SC3=C2C4=NNC(=S)N4C5=NNC(=S)N35
182,CC(C)N(C)C(=O)C1=C(N=NN1CC2=CC=CC=C2)C3=CC4=C(C=C3)NN=C4
183,C1COCCN1CC2=CNC(=C3C4=C(C=CC(=C4)C#N)NC3=O)C=C2
184,CC(C)(CNC1=NC=CC(=N1)C2=C(N=C3N2C=CN=C3Cl)C4=CC=C(C=C4)F)CO
185,C1COCCC1CN2C=C(N=N2)C3=CC4=C(C=C3)NN=C4
186,CC1CCN(CC1N(C)C2=NC=NC3=C2C=CN3)C(=O)CO
187,CC1=C2C(=NN1)C=CC=C2C3=CC=C(C=C3)NC(=O)NC4=CC=CC(=C4)C(F)(F)F
188,CC(C)(C)C1=CC2=NC(=C3C4=CC=CC=C4NN3)N=C2C=C1
189,CC1=CC=C(C=C1)NC(=O)NC2=CC=C(C=C2)C3=CSC4=C3C(=NC=C4C5=CN(N=C5)C(C)C(=O)NC)N
190,CC1=C2C(C(=C(OC2=NN1)N)C#N)C3=CC=CC=C3Cl
191,CC1=CC(=CC(=C1)NC(=O)NC2=CC=C(C=C2)NC(=O)C3=CSC4=NC=NC(=C34)N)C
192,CC1=C(C=CN=C1)C2=CC=C(C=C2)C(=O)NC(C)C3=CC(=CC=C3)OC
193,C1=CC(=CC(=C1)N)C2=CC(=C3C(=C2)C=CC=N3)C(=O)N
194,C1=CC(=CC(=C1)O)C2=C3C(=CC=C2)ON=C3N
195,COC1=C(C=CC(=C1)C=C2C(=O)N=C(S2)NC3=CC=CC=C3)O
196,C1=CC(=CC=C1CNC(=O)NC2=CC3=C(C=C2)NN=C3)Br
197,CC1=C2C=C(C=CC2=NN1)C3=CC(=CN=C3)OCC(CC4=CNC5=CC=CC=C54)N
198,CCCC(=O)NC1=NN(C2=NC3=CC=CC=C3C=C12)C(=O)CC
199,C1=CC=C(C(=C1)C(=O)O)NC2=NC(=NC=C2)NCC3=CC(=CC=C3)O
200,CC1=CC(=CC(=C1)NC(=O)NC2=CC(=C(C=C2)C3=C4CNC(=O)C4=CC=C3)C(F)(F)F)C
201,CC(=O)N1CCN(CC1)C2=CC(=C(C=C2)OC)NC3=NC=C(C(=N3)NC4=CC=CC=C4S(=O)(=O)NC)Br
202,CC1=CC(=CC=C1)NC(=O)NC2=CC=C(C=C2)C3=CC(=CC=C3)C(=O)N
203,CC1=NC=CN2C1=NC(=C2C3=NC(=NC=C3)NCC(C)(C)C(=O)O)C4=C(C=C(C=C4)F)F
204,CC(C)(CNC1=NC(=CC(=C1)C2=CNC3=C2C=CC=N3)Cl)CNS(=O)(=O)C
205,C1CNCCC1NC2=NC=CC(=N2)C3=C(N=C4N3C=CO4)C5=CC=C(C=C5)F
206,CN1CCN(CC1)C2=CC(=CC=C2)NC3=NC=CC(=N3)C4=C(N=C5N4C=CC=C5)C(=O)N
207,CC1=CC(=C(C=C1)F)NC(=O)NC2=CC=C(C=C2)C3=C(C4=NC=CN=C4C=C3)N
208,CC1=CNC2=NC=CC(=C12)OC3=C(C=C(C=C3F)NC4=CC(=NC(=N4)N)Cl)F
209,C1COCCN1C2=NC(=CC=C2)NC(=O)NC3=C4C=CC=C(C4=NC=C3)C(F)(F)F
210,C1=CC=C(C=C1)C(=O)C2=C(C=CC(=C2)C3=CC(=CN=C3)OCC(CC4=CNC5=CC=CC=C54)N)N
211,C1=CC=C(C=C1)CNC(=O)C2=CC=CC(=C2)C3=CN=C4C(=C3)C=CN4
212,C1=CC=C(C=C1)CN2C(=C(N=N2)C3=CC4=C(C=C3)NN=C4N)C5=CC=CC=C5
213,CCCS(=O)(=O)NC1=CC=C(C=C1)C2=CC3=C(C=C2)NN=C3NC(=O)CC
214,C1=CC2=C(NC=C2C3=CC(=NC(=C3)Cl)NCCN)N=C1
215,CC1=C2C=C(C=CC2=NN1)C3=C(N(N=N3)CC4=CC=CC=C4)C5=CC=C(C=C5)F
216,CC1=CC=C(C=C1)NC(=O)NC2=CC=C(C=C2)NC(=O)C3=CSC4=NC=NC(=C34)N
217,CC(=O)N1CCN(CC1)C2CCC(CC2)N3C4=C(C(=N3)C5=CC=C(C=C5)NC(=O)C6=CC7=CC=CC=C7N6C)C(=NC=N4)N
218,CC1=C2CCCC(=C2C=CC1=O)NNC(=O)CC3=CC=CC4=CC=CC=C43
219,CC(C)(CO)C1=NN=C2N1N=C(C=C2)C3=C(N=C4N3C=CO4)C5=C(C=C(C=C5)F)F
220,COC1=CC=CC(=C1)C=C2C(=O)N=C(S2)NC3=CC=CC=C3
221,C1=CC2=C(NC=C2C3=CC(=NC=N3)Cl)N=C1
222,COC1=C(C=CC(=C1)C=C2C(=O)NC(=S)S2)O
223,CC(=O)NC1=C(SC2=C1C(=C(C=C2)Cl)Cl)C(=O)N
224,CC1=CC(=CC=C1)NC(=O)NC2=CC=C(C=C2)C3=CSC4=NC(=NC(=C34)N)N
225,CC1=CC(=CC=C1)NC(=O)NC2=CC=C(C=C2)C3=CSC4=C3C(=NC=C4C#CCN5CCCC5)N
226,C1=CC=C2C(=C1)C(=CN2)CC(COC3=CN=CC(=C3)C4=CC(=C(C=C4)N)C(=O)C5=CC(=CC=C5)Cl)N
227,C1CN(CCC1O)C2=NC=NC3=C2C(=CN3)C4=CC=CC=C4
228,C1=CC(=NC(=C1)NC(=O)NC2=C3C=CC(=CC3=NC=C2)C(F)(F)F)C(F)(F)F
229,C1=CC=NC(=C1)NS(=O)(=O)C2=CC=C(C=C2)NC=C3C4=C(C=CC5=C4SC=N5)NC3=O
230,C1CC(CCC1N)NC2=NC(=CC(=N2)Cl)C3=CNC4=C3C=CC=N4
231,C1=CC(=CC=C1C(=O)NC2=CC3=C(C=C2)NN=C3)Cl
232,C1=CC2=CN=C(C=C2C=C1C3=CSC=C3)NCCO
233,CCCS(=O)(=O)NC1=CC=C(C=C1)C2=CC3=C(C=C2)NN=C3NC(=O)C
234,CC1=C2C(=C(C=C1)C3=CC=C(C=C3)NC(=O)NC4=CC(=CC=C4)Br)C(=NN2)N
235,CN1CCN(CC1)C2=CC(=C(C=C2)C(=O)NC3=NNC4=C3C=C(C=C4)CC5=CC(=CC(=C5)F)F)OC
236,CCOC1=CC=C(C=C1)NC(=O)NC2=CC=C(C=C2)C3=CSC4=C3C(=NC=C4C5=CN(N=C5)C)N
237,C1=CC=C(C=C1)C(CO)NC(=O)C2=CC=C(C=C2)C3=CC=NC=C3
238,C1=CC(=CC=C1C2=CN=CC3=C2C=C(S3)C(=O)N)F
239,CC1=CC(=CC=C1)NC2=NC(=CN=C2C(=O)N)NC3CCCCC3N
240,C1=CC=C(C=C1)C2=CNC3=NC=C(C=C23)NC(=O)C4=C(C(=CC=C4)F)F
241,COC1=C(C=C(C=C1)C=NNC2=NC=NC3=C2NC4=CC=CC=C43)OC
242,CC1=NC2=C(C(=O)O1)SC3=C(C=CC(=C23)Cl)Br
243,CC1=C2C=C(C=CC2=NN1)C3=CC(=CN=C3)OCC(CC4=CC(=CC=C4)Cl)N
244,C1=CC=C2C(=C1)C(=CN2)CC(COC3=CN=CC(=C3)C=CC4=CC=NC=C4)N
245,CC(C1=CC(=CC=C1)OC)NC(=O)C2=CC=C(C=C2)C3=CC=NC=C3
246,C1=CC=C(C=C1)CN2C(=C(N=N2)C3=CC4=C(C=C3)NN=C4N)I
247,C1=CC=C(C=C1)C(C2=CC=CC=C2)(C(=O)NNC(=S)NC3=CC=C(C=C3)F)O
248,CC1=CC(=C(C=C1Cl)NC(=O)NC2=NC=C(N=C2)C#N)OC
249,C1=CSC(=C1)C=NNC(=O)C2=C(N(N=N2)C3=NON=C3N)C4=CC=CS4
250,C1C2=C(C=C(C=C2C3=CC=C(C=C3)NC4=NC5=CC=CC=C5O4)OCCCN)C(=O)N1
251,CC(=O)NCCNC(=O)C1=CC2=C(C=C1)NC3=C(C=CC(=C3)C4=CC(=C(C=C4)O)OC)C(=O)N2
252,C1=C(C2=C(N1CC(C(CN)O)O)N=CN=C2N)I
253,C1=CC2=C(C=CN=C2C(=C1)F)NC(=O)NC3=NC=CN=C3
254,C1=CC(=C(C=C1CNC2=C(C(=O)C2=O)NC3=CC=NC=C3)Cl)Cl
255,C1=NC2=C(C(=N1)N)SC3=NC=NC(=C23)N
256,CC(C)(CNC1=NC=CC(=N1)C2=C(N=C3N2C=CN=C3)C4=CC=C(C=C4)F)CN(C)C
257,C1=CC2=C(C=C1C3=CN=C4C(=C3)C=CN4)NN=C2
258,C1=CC(=CC(=C1)Br)NC(=O)NC2=CC=C(C=C2)C3=CSC4=C3C(=NC=C4)N
259,COC1=CC=CC(=C1)C(CN)NC(=O)C2=CC=C(C=C2)C3=CC=NC=C3
260,CCC1=C(NC2=NC=CN=C12)C3=CC=C(C=C3)C(C)(C)O
261,C1=CC2=NC=CC(=C2C=C1C(F)(F)F)NC(=O)NC3=NC=CN=C3
262,CC(C)(CC1=NN=C2N1N=C(C=C2)C3=C(N=C4N3C=CO4)C5=C(C=C(C=C5)F)F)O
263,C1CC(CC(C1)O)NC2=CC(=NC(=N2)C3=CNC4=C3C=CC=N4)Cl
264,C1=CC=C(C=C1)CN2C=C(N=N2)C3=CC4=C(C=C3)NN=C4NC(=O)C5=CC=CC(=C5)C#N
265,C1=CC=C(C=C1)CNC(=O)C2=CC=C(C=C2)C3=CC=NC=C3
266,COC1=CC=C(C=C1)NC(=O)NC2=CC=C(C=C2)C3=CSC4=C3C(=NC=C4C5=CN(N=C5)CCO)N
267,CCCC(=O)NC1=NNC2=C1C=C(C=C2)C3=CN(N=N3)CC4=CC=CC=C4
268,C1=CC=C2C(=C1)NC3=NN=C(C=C3C(=O)N2)I
269,CNC(=O)C1=CC2=C(NN=C2S1)C3=CC=CC=C3F
270,CN1CCC(CC1)C(=O)N2C3=C(C=C(C=C3)C4=CN(N=N4)CC5=CC=CC=C5)C(=N2)N
271,CC1=C(C=C(C=C1)NC2=NC=C(C(=N2)NC3=CC=C(C=C3)OCC(=O)NC)F)S(=O)(=O)N
272,CC1=NC=CN2C1=NC(=C2C3=NC(=NC=C3)NCCC(C)(C)O)C4=C(C=C(C=C4)F)F
273,CS(=O)(=O)N(CC1=CC2=C(C=C1)NC(=O)C3=CC=CN32)C4CC4
274,C1C2=C(C=CC=C2C(=O)N1)C3=CC=C(C=C3)NC4=NC5=CC=CC=C5N4
275,CC1=C(C=CC(=C1)NC(=O)NC2=CC=C(C=C2)C3=C4C(=C(C=C3)OC)ON=C4N)F
276,COC1=CC2=NC=CC(=C2C=C1)NC(=O)NC3=NC=CC(=C3)C(F)(F)F
277,C1=CC(=CC(=C1)C(F)(F)F)CNC2=C(C(=O)C2=O)NC3=CC=NC=C3
278,CN1C=C(C2=CC=CC=C21)C(CN)C3=CN=CC(=C3)C=CC4=CC=NC=C4
279,CCNC(=O)C1=CN=C(C2=C1SC=C2C3=CC=C(C=C3)NC(=O)NC4=CC(=CC=C4)F)N
280,C1=CC2=C(C=C1NC3=C(C(=O)C3=O)NCC4=C(C=C(C=C4)Cl)Cl)C=NN2
281,CC1=CC(=CC=C1)NC(=O)NC2=CC=C(C=C2)C3=CSC4=C3C(=NC=C4C#CC(C)(C)N)N
282,CC1=CC(=CC=C1)NC(=O)NC2=CC=C(C=C2)C3=CSC4=C3C(=NC=C4C#CCN(C)C)N
283,C1=CC=C(C(=C1)C(=O)O)NC2=NC=NC(=N2)NC3=CC(=CC=C3)F
284,CCCC(=O)NC1=NNC2=NN=C(C=C21)C3=C(C(=CC=C3)F)F
285,C1=CC2=C(C=CN=C2C(=C1)C(F)(F)F)NC(=O)NC3=CC=CC(=N3)C(F)(F)F
286,CC1=CC=CC=C1NC(=O)NC2=CC=C(C=C2)NC(=O)C3=CSC4=NC=NC(=C34)N
287,C1=CC=C(C=C1)COC2=CC=C(C=C2)NC3=NC=NC4=CC=CC=C43
288,CC(=O)NC1CCCC(C1)NC2=NC(=CC(=N2)Cl)C3=CNC4=C3C=CC=N4
289,C1COCCC1NC2=NC(=CC(=N2)Cl)C3=CNC4=C3C=CC=N4
290,C1=CC(=CC(=C1)F)NC(=O)NC2=CC=C(C=C2)C3=CSC4=C3C(=NC=C4C5=CN(N=C5)CCO)N
291,CC1=C2C(=NC3=CC(=C(C=C3C(=N2)C4=CC=CC=C4Cl)F)OC)NN1
292,COC1=CC=CC(=C1)C(=O)NC2=NNC3=C2C=C(C=C3)C4=CN(N=N4)CC5=CC=CC=C5
293,C1=CC(=CC=C1CNC2=C(C(=O)C2=O)NC3=CC=NC=C3)Cl
294,C1=CC2=C(C=CN=C2C(=C1)Cl)NC(=O)NC3=CC=CC(=N3)C(F)(F)F
295,CS(=O)(=O)NC1CCC(CC1)NC2=NC(=CC(=N2)Cl)C3=CNC4=C3C=CC=N4
296,CC1=C(SC2=NC(=O)N3C(=C12)N=C(N3)C4=CC=NC=C4)C
297,CC1=CC2=NN=C(N2C3=CC=CC=C13)SCC4=CN5C=CC=CC5=N4
298,C1=CC(=CC(=C1)Cl)CC(=O)NC2=CC=C(C=C2)C3=C(SC4=NC=NC(=C34)N)Br
299,CN1CCN(CC1)C2=CC=C(C=C2)C(=O)NC3=NNC4=C3CN(C4)C(=O)C(C5=CC=CC=C5)OC
300,C1=CC(=C(C=C1Cl)F)C2=C(C=C(N2)C3=NC(=NC=C3)N)C(=O)N
301,CNC1=NC=NC2=C1N=C(CCN2)C3=CC=C(C=C3)NC(=O)NC4=CC=CC(=C4)C(F)(F)F
302,CC1=NC=CC(=C1)C2=CC3=C(C=C2)C(=O)NC4=CC=CC=C4N3
303,C1=CC=C2C(=C1)C(=CC=N2)NC(=O)NC3=NC=CN=C3
304,CCN1CCN(CC1)C2=CC=C(C=C2)NC3=NC=CC(=N3)C4=C(N=C5N4C=CC=C5)C6=CC(=CC=C6)C(=O)NC7=CC=CC=C7F
305,C1=CC(=C(C=C1CNC(=O)NC2=CC3=C(C=C2)NN=C3)Cl)Cl
306,C1=CC=C(C=C1)C(CCO)NC2=NC3=C(S2)C=C(C=C3)C4=CC=NC=C4
307,CC1=CC=CC=C1NC(=O)NC2=CC3=C(C=C2)C4=C(CC3)SC5=NC=NC(=C45)N
308,CN(C)CC(=O)NC1CCC(CC1)NC2=NC(=CC(=N2)Cl)C3=CNC4=C3C=CC=N4
309,C1=CC=C(C(=C1)CNC2=C(C(=O)C2=O)NC3=CC=NC=C3)F
310,CC(C)(CNC1=NC=CC(=N1)C2=C(N=C3N2C=CN=C3CCN)C4=CC=C(C=C4)F)CO
311,C1=CC=C(C=C1)CN2C=C(N=N2)C3=CC4=C(C=C3)NN=C4C5=CC=CC=C5
312,CC1=CC(=CC=C1)NC(=O)NC2=CC=C(C=C2)C3=CSC4=C3C(=NC=C4C#CCN5CCOCC5)N
313,CC1=CC=C(C=C1)NC(=O)NC2=CC=C(C=C2)C3=CSC4=C3C(=NC=C4C5=CN(N=C5)C)N
314,COC1=C(C=C2C(=C1)C=NC3=C2C(=O)NC3=O)OC
315,CC1=NC=CN2C1=NC(=C2C3=NC(=NC=C3)NCC(C)(C)COC)C4=CC=C(C=C4)F
316,C1=CC(=CC(=C1)Cl)C2=CN3C(=C(C=NC3=O)I)N2
317,COC1=CC2=NC=CC(=C2C=C1)NC(=O)NC3=CC=CC(=N3)C(F)(F)F
318,C1=CC(=CC=C1C2=CNC3=NC=CC(=C23)Cl)C(=O)N
319,COCCN1C=C(C(=N1)C2=CC=C(C=C2)Cl)C3=NC=NC=C3
320,C1CC1CN2C3=C(C=CC(=C3)C4=C(N=C5N4C=CS5)C6=CC=C(C=C6)F)N=C2N
321,COC1=CC=CC(=C1)C(=O)NC2=CN=C3C(=C2)C(=CN3)C4=CC=CC=C4
322,C1=CC=C(C=C1)C2=CNC3=NC=C(C=C23)C4=CC(=CC=C4)C(=O)N
323,C1=CC(=CC(=C1)F)CNC2=C(C=CC(=C2)C3=CC=NC=C3)C(=O)N
324,CCC(CC)(C#CC1=CN=C(C2=C1SC=C2C3=CC=C(C=C3)NC(=O)NC4=CC=CC(=C4)C)N)N
325,CC(=O)NCC(=O)N1C2CCC1C3=C2C=CC(=C3)NC4=NC=C(C(=N4)NC5CCC5)C(F)(F)F
326,CCN(CC)C(=O)NC1=CC2=C(C=C1)N=C(C(=N2)C3=CC=CO3)C4=CC=CO4
327,CN1CCN(CC1)C2=CC(=C(C=C2)C(=O)NC3=NNC4=C3C=C(C=C4)CC5=CC(=CC(=C5)F)F)NC6CCOCC6
328,C1=CC=C(C=C1)CNC2=NC3=C(S2)C=C(C=C3)C4=CC=NC=C4
329,C1CC(CCC1N)NC2=CC(=NC(=N2)C3=CNC4=C3C=CC=N4)Cl
330,C1=CC=C(C=C1)CN2C=C(N=N2)C3=CC4=C(C=C3)NN=C4NC(=O)C5=CC(=CC=C5)Cl
331,CC1=CC(=NN1)NC2=NC(=NC(=C2)N3CCN(CC3)C)C=CC4=CC=CC=C4
332,COC1=CC2=NC=CC(=C2C=C1)NC(=O)NC3=NC(=CC=C3)Br
333,C1=CC=C2C(=C1)C(=CN2)CC(C(=O)NC3=CN=CC(=C3)C=CC4=CC=NC=C4)N
334,CC1=CC(=CC=C1)NC(=O)NC2=CC=C(C=C2)C3=COC4=NC=NC(=C34)N
335,COC1=CC(=CC(=C1OC)OC)C2=CC3=C(C=C2)NC4=C(C=CC(=C4)C5=CC=CC=C5NS(=O)(=O)C)C(=O)N3
336,CC1=CC(=C2C(=C1)N=C(O2)NC3=CC=C(C=C3)C4=NN(C5=C4C(=NC=N5)N)C6CCC(CC6)OCCOC)C
337,C1=CC(=C(C=C1C2=C(C=NN2)C3=NC=NC=C3)Cl)Cl
338,CC1=C(C=CC(=C1)NC(=O)CC2=CC=C(C=C2)C3=C4C(=CC=C3)NN=C4N)F
339,CN(C)C1=CC=C(C=C1)CNC(=O)C2=CC3=C(NN=C3S2)C4=CC=CC=C4
340,CN1C=C(C=N1)NC2=NC=C(C(=N2)NC3=CC=CC=C3C(=O)N)Cl
341,CC1=CC=CC=C1NC(=O)NC2=CC=C(C=C2)C3=COC4=NC=NC(=C34)N
342,CC(C1=CC(=CC=C1)OC)NC(=O)C2=CN=C(S2)C3=CC=NC=C3
343,CC(C)OC1=NC=CN2C1=NC(=C2C3=NC(=NC=C3)NCC(C)(C)O)C4=C(C=C(C=C4)F)F
344,COC1=CC(=CC(=C1OC)OC)NC2=NC=CC(=N2)NC3=CC(=NO3)C4CCCCC4
345,CSC1=CC2=C(C=C1)N=C3C(=C2Cl)CCNC3=O
346,C1=CC(=CC(=C1)Cl)NC2=C(C(=C3C=CC(=O)C=C3)NN2)C4=CC=C(C=C4)O
347,C1=CC=C2C(=C1)C=C(S2)C3=C4C(=CC(=C3)C5=CN(C6=CN=C(N=C65)N)CC(=O)N)C=NN4
348,C1CCC(C(C1)N)NC2=NC=CC(=N2)NC3=CC=CC=C3C(=O)O
349,CCCC(=O)NC1=NNC2=C1C=C(C=C2)C3=C(C(=CC=C3)F)F
350,CC(C)(CN)CNC1=NC(=CC(=C1)C2=CNC3=C2C=CC=N3)Cl
351,C1=CC=C(C=C1)NC2=C3C(=CSC3=NC=N2)Cl
352,CC(C(C)(C)C)NC1=C(C(=O)C1=O)NC2=CC=NC=C2
353,CCN1C(=C(SC1=O)C2=NC(=NC=C2)NC3=CC(=CC=C3)OC)C
354,CN(C)C(=O)NC1=CC2=C(C=C1)N=C(C(=N2)C3=CC=CO3)C4=CC=CO4
355,C1=CC=C(C=C1)CN2C(=C(N=N2)C3=CC4=C(C=C3)NN=C4N)C5=CC=C(C=C5)F
356,C1CCC2=C(C1)C(=NNC2=O)CC3=CC(=C(C=C3)F)C(=O)N4CCN(CC4)C5=NC=CC=N5
357,C1COCCN1S(=O)(=O)C2=CC=CC(=C2)C(=O)NC3=CC=C(C=C3)C4=NC5=C(C=CC=C5N4)C(=O)N
358,CC(=O)N1CCC(CC1)NC2=NC=CC(=N2)C3=C(N=C4N3C=CO4)C5=CC=C(C=C5)F
359,COC1=CC=C(C=C1)CNC2=NC(=CC(=C2)C3=CNC4=C3C=CC=N4)F
360,CC1=CSC(=N1)NC(=O)C2=C(C3=C(S2)N=C(C=C3)C4=CC=NC=C4)N
361,C1CC(CCC1NC2=NC(=CC(=N2)Cl)C3=CNC4=C3C=CC=N4)O
362,CN(CCOC)C(=O)C1=C(N=NN1CC2=CC=CC=C2)C3=CC4=C(C=C3)NN=C4
363,CN1CCC(CC1)NC(=O)C2=CC3=C(NN=C3S2)C4=CC=CC=C4
364,COC1=CC=CC(=C1)CNC(=O)C2=CC3=C(NN=C3S2)C4=CC=CC=C4
365,C1=CC(=CC(=C1)S(=O)(=O)N)NC2=NC=C(C(=N2)NC3=CC=C(C=C3)OCC#N)Br
366,C1=CC=C(C=C1)CN2C=C(N=N2)C3=CC4=C(C=C3)NN=C4NC(=O)C5=CC=C(C=C5)Cl
367,CC(C)(CN)CNC1=NC(=CC(=C1)C2=CNC3=C2C=CC=N3)F
368,CCCCNC1=C2C=CC=C3C2=C(C=C1)C(=O)N(C3=O)CCNCCO
369,C1=CC2=C(NC=C2C3=CC(=NC(=C3)Cl)N)N=C1
370,C1=CC=C2C(=C1)C(=CN2)CC(COC3=CN=CC(=C3)C4=CC5=C(C=C4)NC(=O)O5)N
371,C1=CC=C2C(=C1)NC3=C(C=CC(=C3)C4=C(C=NC=C4)Cl)C(=O)N2
372,CC1=CC=CC=C1C2=C(N(C3=CC=CC=C32)CCCOC4=CC=CC5=CC=CC=C54)C(=O)O
373,C1=CC=C(C(=C1)C(F)(F)F)NC(=O)NC2=CC=C(C=C2)C3=CSC4=C3C(=NC=C4)N
374,CS(=O)(=O)NC1CCCC(C1)NC2=NC(=CC(=N2)Cl)C3=CNC4=C3C=CC=N4
375,CC1=NC=C(C=C1)C2=CN=C(C3=C2SC=C3C4=CC=C(C=C4)NC(=O)NC5=CC(=CC=C5)F)N
376,CC1=NN=C(O1)C2=CC3=C(S2)C=NC=C3OC4=CC=C(C=C4)C(F)(F)F
377,C1=CC=C(C=C1)N2C=CC3=CN=C(N=C32)NC4=CC(=CC=C4)S(=O)(=O)N
378,CC1=C(C=CC(=C1)Cl)NC(=S)NNC(=O)C(C2=CC=CC=C2)(C3=CC=CC=C3)O
379,C1=CC=C2C(=C1)NC(=N2)C=CC3=CN=C(C4=C3SC=C4C5=CC=C(C=C5)N)N
380,CN1C=C(C=N1)C2=CN=C(C3=C2SC=C3C4=CC=C(C=C4)NC(=O)NC5=CC=C(C=C5)OC(F)F)N
381,CNC(=O)C1=CC=CC=C1SC2=CC3=C(C=C2)C(=NN3)C=CC4=CC=CC=N4
382,COC1=CC=C(C=C1)C(=O)N2C3=CC=CC=C3SC4=C(C=NC=C42)Cl
383,C1=CC=C(C=C1)NC(=O)NC2=CC=C(C=C2)NC(=O)C3=CSC4=NC=NC(=C34)N
384,CC(=O)NC1=CC=CC(=C1)CNC2=C(C(=O)C2=O)NC3=CC4=C(C=C3)NN=C4
385,CN1C=C(C=N1)C2=C3N=CC(=C(N3N=C2)N)C4=CC=C(C=C4)NC(=O)NC5=CC=CC(=C5)C(F)(F)F
386,CC1=CN=C(N=C1NC2=CC=C(C=C2)OCC(=O)N)NC3=CC(=CC=C3)S(=O)(=O)N
387,CC(C)OC1=C(C(=O)NN1)C=C2C=NC3=CC=CC=C32
388,CC1=C(N=NN1CC2=CC=CC=C2)C3=CC4=C(C=C3)NN=C4N
389,CC1=CC(=CC=C1)NC(=O)NC2=CC=C(C=C2)C3=CSC4=C3C(=NC=C4C5=CN(N=C5)CC(C)O)N
390,C1=COC(=C1)C=C2C(=O)N3C(=C(C(C(=C3S2)C(=O)N)C4=CC=CO4)C#N)N
391,C1=CC=C(C=C1)CN2C=C(N=N2)C3=CC4=C(C=C3)NN=C4NC(=O)C5=CC=C(C=C5)C#N
392,C1=CC=C(C=C1)C(CN)NC(=O)C2=CC=C(C=C2)C3=CC=NC=C3
393,CC(C1=CC=CC=C1)NC2=NC=CC(=N2)C3=C(N=C4N3C=CO4)C5=CC=C(C=C5)F
394,C1=CC(=C2C(=C1)NC(=N2)C3=CC=NC=C3)C(=O)N
395,CN1C(=O)C(=C(N=C1NCC(CC2=CC=CC=C2)N)C3=CC=NC=C3)C4=CC5=CC=CC=C5C=C4
396,CC1=CC=CC=C1C2=CC=CC3=C2NC(=C3CCCOC4=CC(=CC(=C4C)C)C)C(=O)O
397,CC1=CC(=C2C(=C1)N=C(O2)NC3=C(C=C(C=C3)C4=C(C(=CC=C4)C(=O)N)N)F)C
398,CCN(CC)CCNC(=O)C1=C(NC(=C1C)C=C2C3=C(C=CC(=C3)F)NC2=O)C
399,C1CC1CNC2=NC=CC(=N2)C3=C(N=C4N3C=CN=C4)C5=CC=C(C=C5)F
400,C1=CC(=CN=C1)C2=CC3=CC(=NC=C3C=C2)NCCO
401,CC1=C2C=C(C=CC2=NN1)C3=CC(=CN=C3)OCC(CC4=CC(=C(C=C4)Cl)Cl)N
402,COC1=C(C=C(C=C1)C(=O)NC2=NNC3=C2C=C(C=C3)C4=CN(N=N4)CC5=CC=CC=C5)OC
403,C1CCN(C1)CC2CC(C2)C3=NC(=C4N3C=CN=C4N)C5=CC(=CC=C5)OCC6=CC=CC=C6
404,CC(C1=CC(=CC=C1)OC)NC(=O)C2=C(C=C(C=C2)C3=C(C=NC=C3)F)OC
405,CC1=CC(=C(C=C1Cl)NC(=O)NC2=NC=C(N=C2)C#N)OCC3CCC(C3)C(=O)O
406,CC(C)(CNC1=NC=CC(=N1)C2=C(N=C3N2C=CN=C3)C4=CC=C(C=C4)F)CO
407,C1=CC(=C(C(=C1)F)C(=O)NC2=NC(=CC(=C2)C3=CNC4=C3C=CC=N4)Cl)F
408,C1CC(=O)N(C1)C2=CC(=CC=C2)NC3=NC=CC(=N3)C4=C(N=C5N4C=CS5)C6=CC(=CC=C6)NC(=O)CC7=CC=CC=C7
409,C1CC(CCC1NC2=CC(=NC(=N2)C3=CNC4=C3C=CC=N4)Cl)O
410,CC1=NC=CN2C1=NC(=C2C3=NC(=NC=C3)NCC(C)(C)CO)C4=C(C=C(C=C4)F)F
411,CN(C)CC(=O)NC(CC1=CNC2=CC=CC=C21)COC3=CN=CC(=C3)C4=CC5=C(C=C4)C=NC=C5
412,CC(C)(CNC1=NC=CC(=N1)C2=C(N=C3N2C=CN=C3CC4CC4)C5=CC=C(C=C5)F)CO
413,CCNC(=O)NC1CCC(CC1)NC2=NC(=CC(=N2)Cl)C3=CNC4=C3C=CC=N4
414,C1=CC=C(C(=C1)C(=O)O)NC2=NC=NC(=N2)NC3=CC=C(C=C3)F
415,CC1=CC(=CC(=C1)NC(=O)NC2=CC=C(C=C2)C3=C4C=NSC4=CC=C3)C
416,CNC(=O)C1=NC=CC(=C1)OC2=CC=C(C=C2)NC(=O)NC3=CC=CC(=C3)C(F)(F)F
417,C1=CC2=C(C=C1Cl)C3=C(O2)C(=O)N=CN3
418,CCCS(=O)(=O)NC1=CC=C(C=C1)C2=CC3=C(C=C2)NN=C3N
419,CN(C)C1=CC=C(C=C1)C(=O)NC2=NNC3=C2C=C(C=C3)C4=CN(N=N4)CC5=CC=CC=C5
420,COC1=CC=C(C=C1)CNC2=C(C(=O)C2=O)NC3=CC4=C(C=C3)NN=C4
421,C1=CC=C(C=C1)C2=CNC3=NC=C(C=C23)Br
422,CCN1CCN(CC1)CCCC(=O)NC2=NNC3=NN=C(C=C32)C4=C(C(=CC=C4)F)F
423,C1=CC=C(C=C1)C2=CNC3=C2C(=NC=N3)NC(CO)CO
424,CC1=CN=C(C=C1)NC2=NC3=C(N2)C=C(C=C3)[N+](=O)[O-]
425,CNC(=O)C=CC1=CN=C(C2=C1SC=C2C3=CC4=C(C=C3)OCO4)N
426,C1=CC=C(C=C1)C(=O)NC2=NC(=CC(=C2)C3=CNC4=C3C=CC=N4)Cl
427,C1=CC=C(C=C1)CN2C=CC3=CN=C(N=C32)NC4=CC(=CC=C4)S(=O)(=O)N
428,CC(COC1=CN=C(C(=C1)C=CC2=CC=NC=C2)Cl)N
429,C1=CC=C2C(=C1)C(=CN2)CC(COC3=CN=CC(=C3)C=CC4=CC=NC=C4)O
430,CNS(=O)(=O)C1=CC=CC=C1NC2=NC(=NC=C2Cl)NC3=CC(=C(C(=C3)OC)OC)OC
431,C1=CC(=C2C(=C1)NN=C2N)C3=CC=C(C=C3)NC(=O)NC4=C(C=CC(=C4)C(=O)O)F
432,C1=CC=C(C=C1)COCC(COC2=CN=CC(=C2)C=CC3=CC=NC=C3)N
433,CCCN1C=C(C=N1)C2=CN=C(C3=C2SC=C3C4=CC=C(C=C4)NC(=O)NC5=CC(=CC=C5)F)N
434,CC(C)(CNC1=NC=CC(=N1)C2=C(N=C3N2C=CN=C3CC4CC4)C5=C(C=C(C=C5)F)F)O
435,C1=CC=C(C=C1)C2=NNC3=C2C=C(C=C3)Br
436,COC1=CC(=CC(=C2NC3=CC=CC=C3N2)C#N)C(=CC1=O)Br
437,CC1=CC(=CC=C1)NC(=O)NC2=CC=C(C=C2)C3=CSC4=C3C(=NC=C4C#CCNS(=O)(=O)C)N
438,C1CCC(C(C1)N)NC2=NC(=CC(=N2)Cl)C3=CNC4=C3C=CC=N4
439,CC(C1CCC(CC1)C(=O)NC2=CC=NC=C2)N
440,C1=CC2=C(C=CN=C2C(=C1)C(F)(F)F)NC(=O)NC3=NC=CN=C3
441,CN1C=C(C=N1)NC2=NC=C(C(=N2)NC3=CC=CC=C3C(=O)N)Br
442,C1CC2=C(C3=C1C=C(C=C3)NC(=O)NC4=CC=CC=C4)C5=C(N=CN=C5S2)N
443,C1=CC(=CC=C1OC2=CN=CC3=C2C=C(S3)C4=NN=C(O4)N)Cl
444,C1=CC(=CC=C1C2=CSC3=C2C(=NC=C3C=CC(=O)NCCCN4C=CN=C4)N)Br
445,CN(C)CC(=O)NC1CCCC(C1)NC2=NC(=CC(=N2)Cl)C3=CNC4=C3C=CC=N4
446,COC1=C(C=CC(=C1)C2=CC3=C(C=C2)C(=O)NC4=C(N3)C=CC(=C4)[N+](=O)[O-])O
447,C1=CC=C(C=C1)CN2C=C(N=N2)C3=CC4=C(C=C3)NN=C4NC(=O)C5=C(C=CC(=C5)F)F
448,C1CCC(C(C1)N)NC2=NC=CC(=N2)C3=CNC4=C3C=CC=N4
449,CC(C)(CNC1=NC=CC(=N1)C2=C(N=C3N2C=CN=C3OC)C4=C(C=C(C=C4)F)F)CO
450,CC1=CC=C(C=C1)C2=CC3=C(C=CC(=C3N2)C(=O)N)NCCN
451,C1=CC=C(C=C1)C2=CSC(=N2)N3C4=C(C=CC(=C4)C#N)N=C3N
452,CN(C)C(=O)C1=C(N=NN1CC2=CC=CC=C2)C3=CC4=C(C=C3)NN=C4
453,CC1(CC(C1)C2=NC(=C3N2C=CN=C3N)C4=CC5=C(C=C4)C=CC(=N5)C6=CC=CC=C6)O
454,CC1=NC=CN2C1=NC(=C2C3=NC(=NC=C3)NCC(C)(C)O)C4=C(C=C(C=C4)F)F
455,CC(C)(CO)C1=NN=C2N1N=C(C=C2)C3=C(N=C4N3CCC4)C5=C(C=C(C=C5)F)F
456,CCN(CC)CCCNC(=O)C1=CN=C(C2=C1SC=C2C3=CC=C(C=C3)NC(=O)NC4=CC(=CC=C4)F)N
457,C1CC(CCC1N2C3=C(C(=NC=N3)N)C(=N2)I)O
458,CCCCOC1=NC=NC2=C1C(=CN2)C3=CC=CC=C3
459,C1CCC(=C2CCC3=C(C4=CC=CC=C4N=C23)C(=O)O)C1
460,C1=CC(=CC=C1CC(CO)NC(=O)C2=CC=C(C=C2)C3=CC=NC=C3)Cl
461,C1=CC=C(C=C1)C2=CNC3=NC=C(C=C23)NC(=O)C4=C(C=CC=C4F)F
462,CNCC(=O)NC1CCC(CC1)NC2=NC(=CC(=N2)Cl)C3=CNC4=C3C=CC=N4
463,CN(C)C1=C(C=C2C=NSC2=C1)NC(=O)C(=O)O
464,C1CNC(=O)C2=C1NC(=C2)C3=CC(=NC=C3)C=CC4=CC=CC=C4
465,C1CC(CN(C1)C(=O)C2=NOC(=C2)C3=CC4=C(C=C3)NN=C4)O
466,CC1=C(SC(=C1)C(=O)NC(C)C2=CC(=CC=C2)OC)C3=CC4=C(NN=C4C=C3)C
467,CCS(=O)(=O)NC1=CC=C(C=C1)C2=CC3=C(C=C2)NN=C3N
468,CN1CCN(CC1)C2CCC(CC2)N3C=C(C4=C3N=CN=C4N)C5=CC=C(C=C5)OC6=CC=CC=C6
469,COC1=CC=C(C=C1)C(=O)NC2=CN=C3C(=C2)C(=CN3)C4=CC=CC=C4
470,CC1=CC2=C(N1)C=CC(=C2)C3=CSC4=C3C(=NC=C4C5=CC(=CC=C5)S(=O)(=O)C)N
471,C1CCC(CC1)NC2=CC(=NC(=N2)C3=CNC4=C3C=CC=N4)Cl
472,COC1=C(C=C(C=C1)C2=CC3=NC=CN3C(=N2)NC4=CC=CC=C4C(=O)N)OC
473,C1=CC(=C(C=C1C(CCN)C(=O)NC2=CC3=C(C=C2)NN=C3)Cl)Cl
474,CC1=C2C=C(N=CC2=NN1)C3=CC(=CN=C3)OCC(CC4=CC(=CC=C4)C(F)(F)F)N
475,C1=CC(=CN=C1)NC(=O)NCCCCCCNC(=O)NC2=CN=CC=C2
476,C1CC(CC(C1)NC2=NC(=CC(=N2)Cl)C3=CNC4=C3C=CC=N4)N
477,CCCC(=O)NC1=NC(=CC(=C1)C2=CNC3=C2C=CC=N3)Cl
478,C1=CC=C(C=C1)CC(CO)NC(=O)C2=CC=C(C=C2)C3=CC=NC=C3
479,C1=CC(=CC=C1C2=CSC3=NC=NC(=C23)N)NC(=O)NC4=C(C=CC(=C4)C(F)(F)F)F
480,C1=CC(=C2C(=C1Cl)C(=C(S2)C(=O)N)N)Br
481,C1CCN(CC1)C2=NC=NC3=C2C(=CN3)C4=CC=CC=C4
482,CCOC(=O)C1=C2N(C(=C(C1C3=CC=CO3)C#N)N)C(=O)C(=CC4=CC=CO4)S2
483,C1=CC=C(C=C1)OC2=CC=C(C=C2)CCNC3=C(C(=O)C3=O)NC4=CC=NC=C4
484,CCN(CC)CCCNC(=O)C1=CN=C(C2=C1SC=C2C3=CC=C(C=C3)NC(=O)NC4=CC=CC(=C4)C)N
485,CC(C1=CC=CC=C1)NC(=O)C2=CC=C(C=C2)C3=CC=NC=C3
486,CC1=NN(C(=C1)C2=CC=CC=C2)C3=CC(=NC=N3)NN=CC4=CC=CO4
487,CC1=CC2=C(C=C1)NC3=CC=CC=C3C(=O)N2
488,C1=CC2=C(C=CN=C2C=C1C(F)(F)F)NC(=O)NC3=NC=C(C=C3)C#N
489,C1=CC2=NSN=C2C(=C1)NC(=O)NNC=C3C=CC(=O)C=C3O
490,C1=CC=C(C=C1)CN2C=C(N=N2)C3=CC4=C(C=C3)NN=C4NC(=O)C5=CC=CC=C5
491,CC1=CC=CC=C1C2=C(N=NN2CC3=CC=CC=C3)C4=CC5=C(C=C4)NN=C5N
492,C1=CC=C(C=C1)C2=CNC3=C2C(=NC=N3)NCCCO
493,CSC1=CNC2=C1C(=NC=N2)NCCCO
494,CC1=C(C=C(C=C1)NC(=O)NC2=CC=C(C=C2)C3=CSC4=NC=NC(=C34)N)C
495,CC1=CC2=C(C=C1)NC(=C(C=C3C=C(C(=O)C=C3Br)OC)C#N)N2
496,COC1=C(C=C(C=C1)C=C2C(=O)N=C(S2)NC3=CC=CC=C3)O
497,C1COC2=C(C1N3C4=NC(=NC=C4NC3=O)N5C=NC6=C5C=C(C=C6)F)C=CC=C2F
498,CC1=CN2C(=C(N=C2C(=N1)C)C3=C(C=C(C=C3)F)F)C4=NC(=NC=C4)NCC(C)(C)CO
499,CC(C)OC1=NC=CN2C1=NC(=C2C3=NC(=NC=C3)NCC(C)(C)CO)C4=C(C=C(C=C4)F)F
500,C1=CC=C2C(=C1)C(=NNC2=O)C3=CC=C(C=C3)NC(=O)C4=CC(=CC=C4)S(=O)(=O)NCCN
501,C1=CC(=CC=C1C2=C(N3C=CSC3=N2)C4=CC=NC=C4)F
502,CC(=O)C1=CC=CC(=C1)C2=CN=C3C(=C2)C=CN3
503,C1=CC(=C2C=NSC2=C1)C3=CC=C(C=C3)NC(=O)NC4=CC(=C(C=C4)F)C(F)(F)F
504,COC1=C(C=CC(=C1)C2=CC3=C(C=C2)C(=O)NC4=C(N3)C=CC(=C4)C(=O)NCC5=CC(=CC=C5)F)O
505,CC1=C(C=CC(=C1)O)N2C=C(C(=O)C3=C2C=C(C=C3)C4=CC=NC=C4)C(=O)NN
506,CC1=CC(=C(C=C1Cl)NC(=O)NC2=NC=C(N=C2)C#N)OC3CCCC3
507,C1=CC(=CC=C1C2=CC(=CC(=C2O)CNC(=O)C(F)(F)F)NC3=NC=NC(=N3)N)Cl
508,CCN(CC)CC#CC1=CN=C(C2=C1SC=C2C3=CC=C(C=C3)NC(=O)NC4=CC=CC(=C4)C)N
509,C1=NC2=C(C(=N1)N)C(=NN2C3C(C(C(O3)CO)O)O)I
510,C1=CC=C(C=C1)CNC2=C(C=CC(=C2)C3=CC=NC=C3)C(=O)N
511,CC1=CC=C(C=C1)NC(=O)NC2=CC=C(C=C2)C3=CSC4=C3C(=NC=C4C5=CN(N=C5)C(C)C(=O)N(C)C)N
512,CCC1=NC=CN2C1=NC(=C2C3=NC(=NC=C3)NCC(C)(C)O)C4=C(C=C(C=C4)F)F
513,C1=CC=C2C(=C1)C(=CN2)CC(COC3=CN=CC(=C3)C4=CC5=C(C=C4)NC(=O)C5=CC6=CC=CO6)N
514,C1=CC2=C(C=C1Br)C(=C3C(=O)NC(=S)S3)C(=O)N2
515,CC(C)(CNC1=NC=CC(=N1)C2=C(N=C3N2C=CN=C3OCC(F)(F)F)C4=CC=C(C=C4)F)CO
516,CC(CN1C=C(C=N1)C2=CN=C(C3=C2SC=C3C4=CC=C(C=C4)NC(=O)NC5=CC(=CC=C5)F)N)O
517,C1=CC=C(C=C1)CNC2=NC=NC(=C2)C3=CNC4=C3C=CC=N4
518,CN1CCN(CC1)CC2=CC3=C(C=C2)C4=C(C3)C(=NN4)C5=CSC(=C5)C#CCOCC6CC6
519,C1C2=C(C=C(C=C2C3=CC=C(C=C3)NC4=NC5=C(O4)C=C(C=C5)Cl)OCCCN)C(=O)N1
520,COC1=CC(=CC(=C1)C(=O)NC2=NNC3=C2C=C(C=C3)C4=CN(N=N4)CC5=CC=CC=C5)OC
521,COC1=CC2=C(C=C1)NC(=O)C2=CC3=CN=CN3
522,CC1=CC(=C(N1)C=C2C3=CC=CC=C3NC2=O)C
523,CC1=C2C=C(C=CC2=NN1)C3=CC(=CN=C3)OCC(CC4=CC=CC=C4)N
524,CC(C1CCC(CC1)C(=O)NC2=C3C=CNC3=NC=C2)N
525,CN(C)C1=CC(=CC2=C1C(=NN2)N)C3=CC=NC=C3
526,C1=CC(=CC=C1C(=O)NC2=C(SC3=C2C(=C(C=C3)Cl)Cl)C(=O)N)Cl
527,COC1=C(C=CC(=C1)C=C2C(=O)NC(=O)S2)O
528,C1=CC(=CC=C1C2=CC=NC=C2)C(=O)NC(CO)C3=CC(=CC(=C3)Cl)Cl
529,C1=CC(=CN=C1)CNC(=O)NCCCCCCNC(=O)NCC2=CN=CC=C2
530,C1=CC=C(C=C1)C2=CC3=C(NC(=O)N3)N=C2
531,C1CC2=C(C1)NN=C2NC(=O)CC3=CC=C(C=C3)Cl
532,C1=CC=C(C=C1)CN2C=C(N=N2)C3=CC4=C(C=C3)NN=C4NC(=O)C5=CC(=CC=C5)F
533,C1=CN=CC=C1C2=CC(=O)N=C(N2)NCC3=CC(=CC(=C3)F)F
534,C1=CC2=C(C=CN=C2C=C1C(F)(F)F)NC(=O)NC3=NC=CN=C3
535,CC(C)(CN1C=C(C=N1)C2=CN=C(C3=C2SC=C3C4=CC=C(C=C4)NC(=O)NC5=CC=C(C=C5)OC)N)O
536,CC1=CC(=CC(=C1)NC(=O)NC2=CC(=C(C=C2)C3=C4CNC(=O)C4=CC=C3)C)C
537,CCOC(=O)C1=C(N2C(=C(C1C3=CC=CS3)C(=O)N)SC(=CC4=CC=CS4)C2=O)N
538,CC(C)CN1C2=C(C(=CC(=C2)C3=C(N=C4N3C=CS4)C5=CC=C(C=C5)F)F)N=C1N
539,CC(C)(C)C1=C2C(C(=C(OC2=NN1)N)C#N)C3=CC=CC=C3F
540,C1OC2=C(O1)C=C(C=C2)CNC3=C4C(=C(C=C3)S(=O)(=O)O)C=CC=C4O
541,C1CC1C2=C(N=NN2CC3=CC=CC=C3)C4=CC5=C(C=C4)NN=C5N
542,CCN(CC)CCNC(=O)C=CC1=CN=C(C2=C1SC=C2C3=CC=C(C=C3)NC(=O)NC4=CC=CC(=C4)C)N
543,C1C2=C(C=CC=C2C(=O)N1)C3=CC=C(C=C3)NC4=NC5=CC=CC=C5O4
544,C1=CC(=CC=C1C2=C(N(C=N2)CCCO)C3=CC=NC=C3)F
545,CC(C1=CC(=CC=C1)OC)NC(=O)C2=CC=C(C=C2)C3=NC=NC=C3
546,CS(=O)(=O)NC1=CC=C(C=C1)C2=CC3=C(C=C2)NN=C3N
547,CC(C1=CC(=CC=C1)OC)NC(=O)C2=CC(=C(C=C2)C3=CC=NC=C3)F
548,CC(C)NC(=O)COC1=CC=CC(=C1)C2=NC3=CC=CC=C3C(=N2)NC4=CC5=C(C=C4)NN=C5
549,CS(=O)(=O)NC1CCC(CC1)NC2=CC(=NC(=N2)C3=CNC4=C3C=CC=N4)Cl
550,CCC1C(=O)N(C2=CN=C(N=C2N1C3CCCC3)NC4=C(C=C(C=C4)C(=O)NC5CCCCC5)OC)C
551,C1CCC(CC1)CNC(=O)C2=CC3=C(NN=C3S2)C4=CC=CC=C4
552,CNC(=O)NC1CCC(CC1)NC2=NC(=CC(=N2)Cl)C3=CNC4=C3C=CC=N4
553,CCOC(=O)C1=CC2=C(C=C1)NC3=C2CCNC3=O
554,CC1=CC(=C(C=C1)F)NC(=O)NC2=CC=C(C=C2)C3=CSC4=C3C(=NC=C4C(=O)NC)N
555,CS(=O)(=O)NCCNC1=NC(=CC(=C1)C2=CNC3=C2C=CC=N3)Cl
556,CC1=CC=C(C=C1)NC(=O)NC2=CC=C(C=C2)C3=COC4=NC=NC(=C34)N
557,CC1=CC(=CC2=C1NC(=C3C(=CC=NC3=O)NCC(C4=CC(=CC=C4)Cl)O)N2)N5CCOCC5
558,CC(C(C)(C)C)NC1=C(C(=O)C1=O)N(C2=CC=NC=C2)C(=O)C
559,CCCC(=O)NC1=NNC2=C1C=C(C=C2)C3=C(N(N=N3)CC4=CC=CC=C4)C5=CC=CC=C5
560,CC(C)N(C(C)C)C(=O)NC1=CC2=C(C=C1)N=C(C(=N2)C3=CC=CO3)C4=CC=CO4
561,CC(C1=CC(=CC=C1)OC)NC(=O)C2=C(C=C(C=C2)C3=CC=NC=C3)NCCCN
562,CN1CCN(CC1)CCCNC2=CC=CC(=N2)C3=NC4=C(C=CC=C4N3)C(=O)N
563,CC1=NC2=C(C=C(C=C2)NS(=O)(=O)C3=CC=C(C=C3)N)N=C1C
564,C1CCC(CC1)NC2=NC(=CC(=N2)Cl)C3=CNC4=C3C=CC=N4
565,CCCCC(=O)NC1=NC(=CC(=C1)C2=CNC3=C2C=CC=N3)Cl
566,CC(C)CNC1CCC(CC1)NC2=NC(=CC(=N2)Cl)C3=CNC4=C3C=CC=N4
567,C1CC(=O)N(C1)C2=CC(=CC=C2)NC3=NC=CC(=N3)C4=C(N=C5N4C=CS5)C6=CC(=CC=C6)NC(=O)C7=C(C=CC=C7F)F
568,CC1=CC2=CC(=CC(=C2N1)F)C3=CSC4=C3C(=NC=C4C=CC(=O)NC)N
569,CC1=CC=C(C=C1)C(=O)NC2=C(SC3=C2C(=C(C=C3)Cl)Cl)C#N
570,COC1=C(C=CC(=C1)C2=CC3=C(C=C2)NN=C3C(=O)NC4=CC=CC=C4)O
571,CCN(CC)CC#CC1=CC2=C(CC3=C2NN=C3C4=CN=C(C=C4)C#N)C=C1
572,CC1=C(NC(=C1CCC(=O)O)C)C=C2C3=CC=CC=C3NC2=O
573,CCCOC1=CC=CC(=C1)C(C)NC(=O)C2=CC=C(C=C2)C3=CC=NC=C3
574,C1=CC2=C(NC=C2C3=CC(=NC(=N3)N)Cl)N=C1
575,C1CCC2=C(C1)C3=C4N=C(NN4C(=O)N=C3S2)C5=CC=CC=C5
576,CN1C2=C(C(=O)C3=C(N2O)C=CC(=C3)Cl)C(=N1)C(F)(F)F
577,C1=CC=C2C(=C1)N=C(N2CCCO)NC(=O)C3=CC(=CC=C3)[N+](=O)[O-]
578,CC1=CC(=CC=C1)NC(=O)NC2=CC=C(C=C2)C3=NOC4=NC=NC(=C34)N
579,C1CCC(CC1)CNC2=NC=CC(=N2)C3=CNC4=C3C=CC=N4
580,C1=CC(=CC(=C1)NC(=O)NC2=CC=C(C=C2)C3=NOC4=NC=NC(=C34)N)C(F)(F)F
581,CNC(=O)C1=NC(=CN=C1N)C2=CC(=C(C=C2)Cl)S(=O)(=O)NC3=C(C(=CC=C3)F)F
582,CC1=C(C=CC=C1F)NS(=O)(=O)C2=C(C=CC(=C2)C3=CN=C(C(=N3)C(=O)NC)N)Cl
583,CC1=CC(=CC=C1)NC(=O)NC2=CC=C(C=C2)C3=C4C(=CC=C3)NN=C4N
584,CCN1C2=CC(=NC=C2N=C1C3=NON=C3N)OC4=CC=CC(=C4)NC(=O)C5=CC=C(C=C5)OCCN6CCOCC6
585,C1CNC(=O)C2=C1NC(=C2)C3=CC=NC=C3
586,C1CNC(=O)C2=C1NC(=C2)C3=CC(=NC=C3)C4=CC5=CC=CC=C5N=C4
587,C1CNC(=O)C2=C1NC(=C2)C3=CC(=NC=C3)C4=CC=CC=C4F
588,C1=CC(=CC(=C1)F)NC(=O)NC2=CC=C(C=C2)C3=CSC4=C3C(=NC=C4)N
589,CC1CCN(CC1N(C)C2=NC=NC3=C2C=CN3)C(=O)CC#N
590,C1CC(CCC1CN)CNC2=NC(=NC=C2[N+](=O)[O-])NCC3=CC=CC=C3Cl
591,C1COCCN1CCOC2=CC3=C(CC4=C3NN=C4C5=CN=C(C=C5)C#N)C=C2
592,C1CCN(C1)CCCCNC(=O)NC2=C(C(=NS2)OCC3=C(C=C(C=C3F)Br)F)C(=O)N
593,COC1=NC=CC(=N1)C2=C(N=CN2C3CCC(CC3)O)C4=CC=C(C=C4)F
594,CC1=C(C=C(C=C1)C(=O)NC2=NOC=C2)NC3=NC=NC4=C3C=NN4C5=CC=CC=C5
595,C1=CC=C(C=C1)C2=C(N=NC3=NNC(=C23)N)C4=CC=CC=C4
596,CC1=CC(=C(C=C1)F)NC(=O)NC2=CC=C(C=C2)C3=NSC4=NC=NC(=C34)N
597,COC1=C2C(=C(C=C1)C3=CC=C(C=C3)NC(=O)NC4=CC(=CC=C4)Br)C(=NO2)N
598,COC1=C(C=C(C=C1)NC(=O)NC2=CC=C(C=C2)C3=C4C(=CC=C3)ON=C4N)Cl
599,C1CNCCC1N2C=NC(=C2C3=NC(=NC=C3)N)C4=CC=C(C=C4)F
600,C1C2=C(C3=CC=CC=C3NC1=O)NC4=C2C=C(C=C4)Br
601,CC1=CC=C(C=C1)C2=NN(C3=C2C(=NC=N3)N)C(C)(C)C
602,C1=CC(=CC=C1C2=C(NC(=N2)C3=CC=C(C=C3)F)C4=CC=NC=C4)F
603,C1=CC2=C(C=C1C3=CC=NC=C3)N(C=C(C2=O)C(=O)N)C4=C(C=C(C=C4)O)Cl
604,CC1=C(C=CC(=C1)O)N2C=C(C(=O)C3=C2C=C(C=C3)C4=CC=NC=C4)C(=O)N
605,CCC1=NC(=C(S1)C2=CC(=NC=C2)NC(=O)C3=CC=CC=C3)C4=CC(=CC=C4)C
606,CC1=CC(=CC(=C1)NC(=O)NC2=CC=C(C=C2)C3=C(SC4=NC=NC(=C34)N)C)C
607,CCOC1=C(C(=CC(=N1)C(=O)NCC2=CC=CC=C2S(=O)(=O)N)N)C#N
608,C1CCC(CC1)NC2=NC=CC(=N2)C3=CNC4=C3C=CC=N4
609,CN1CCN(CC1)CC2=CC3=C(C=C2)C4=C(C3=O)C(=NN4)C5=CSC(=C5)C#CCOCCOC
610,CSC1=CC=CC=C1CNC2=NC=C(C(=N2)NCC3CCC(CC3)CN)[N+](=O)[O-]
611,CC1=CC(=CC=C1)NC(=O)NC2=CC=C(C=C2)C3=CSC4=C3C(=NC=C4)N
612,C1=CC(=CC(=C1)Cl)NC(=O)NC2=CC=C(C=C2)C3=CSC4=C3C(=NC=C4)N
613,C1COCCN1CCCCOC2=CC3=C(CC4=C3NN=C4C5=CN=C(C=C5)C#N)C=C2
614,CC1=CC(=C(C=C1)F)NC(=O)NC2=CC=C(C=C2)C3=CN=CC4=C3C(=NN4C)N
615,CC1=CC(=CC=C1)NC(=O)NC2=CC=C(C=C2)C3=CN=CC4=C3C(=NN4C)N
616,C1CNC2=C(C(=NC=N2)N)N=C1C3=CC=C(C=C3)NC(=O)NC4=C(C=CC(=C4)C(F)(F)F)F
617,CC1=CN=C(N1)C2=CN=C(N=C2C3=C(C=C(C=C3)Cl)Cl)NCCNC4=NC=C(C=C4)C#N
618,CN(C)CCCC(=O)NC1=NNC2=NN=C(C=C21)C3=C(C(=CC=C3)F)F
619,CN1CCC(C(C1)O)C2=C(C=C(C3=C2OC(=CC3=O)C4=CC=CC=C4Cl)O)O
620,CCOC1=C(C(=CC(=N1)C(=O)NCC2=CC=C(C=C2)S(=O)(=O)C)N)C#N
621,CNC(=O)C1=CC=CC=C1NC2=NC(=NC=C2Cl)NC3=C(C=C(C=C3)N4CCOCC4)OC
622,CN(C)CC(=O)N1CCC2=CC(=C(C=C21)NC3=NC4=C(C=CN4)C(=N3)NC5=C(C(=CC=C5)F)C(=O)N)OC
623,CCN1C2=CC(=C(C=C2C(=O)C3=C1NOC3=O)F)Cl
624,COC1=C(C=C2C(=C1)N=CN2C3=CC(=C(S3)C(=O)O)OCC4=CC=CC=C4C(F)(F)F)OC
625,C1=CC=C(C(=C1)COC2=C(SC(=C2)N3C=NC4=CC=CC=C43)C(=O)N)C(F)(F)F
626,C1=CC(=CC(=C1)Cl)NC(=O)NC2=NC=C(S2)CCNC3=NC=NC4=C3SC=C4
627,CC1=C(SC(=N1)N)C2=NC(=NC=C2)NC3=CC=C(C=C3)N4CCOCC4
628,COC1=C(C(=CC=C1)F)C2=NCC3=CN=C(N=C3C4=C2C=C(C=C4)Cl)NC5=CC(=C(C=C5)C(=O)O)OC
629,CCCCN1C2=C(C=C(C=C2)N(C)C(=O)C3CCCCC3)N=C1NC(=O)C4=CC=C(C=C4)C#N
630,C1=CC=C(C=C1)NC2=NC(=NC=C2F)NC3=CC=CC=C3
631,C1=CC(=CC=C1OC2=CN=CC3=C2C=C(S3)C4=NC(=O)ON4)I
632,CC1=CC(=NC2=C1C3=C(S2)C(=NC=N3)N)C
633,CC1=CC(=CC=C1)NC(=O)NC2=CC=C(C=C2)C3=C(N4C(=C(C=N4)C5=CN(N=C5)C)N=C3)N
634,C1C2=C(C3=CC=CC=C3NC1=O)NC4=C2C=C(C=C4)[N+](=O)[O-]
635,COC1=C(C=C2C(=C1)N=CN2C3=CC(=C(S3)C(=O)N)OCC4=CC=CC=C4C(F)(F)F)OC
636,CN1C2=C(C=C(C=C2)N(C)C(=O)C3CCCCC3)N=C1NC(=O)C4=CC=C(C=C4)C#N
637,C1C(C2=C(C=C(N2)C3=NC(=NC=C3)N)C(=O)N1)CCF
638,C1=CC=C(C=C1)C2=CC(=NC(=O)N2)C3=CC4=C(C=C3)NN=C4
639,C1CC(=O)N(C1)CC2=CC3=C(C=C2)N4C=CC=C4C(=O)N3
640,C1=CC2=C(C=CC(=C2)NC(=O)NC3=NC=C(N=C3)C#N)C=C1C(=O)O
641,CC1(CC2=CN=C(N=C2C3=C1C(=NN3C)C(=O)NC)NC4=CC=C(C=C4)N5CCN(CC5)C)C
642,CN1CCN(CC1)C2=NC3=CC=CC=C3C(=N2)C4=C(C(=O)NC4=O)C5=CNC6=CC=CC=C65
643,C1=CC(=C2C(=C1Cl)C3=C(S2)C(=O)N=CN3)Cl
644,C1=CC=C2C(=C1)C=C(S2)C3=C4C(=CC(=C3)C5=CN(C6=CN=C(N=C65)N)CCCN)C=NN4
645,CC1(C2=C(CN1C(=O)C(C)(C)C)C(=NN2)NC(=O)C3=CC(=CC(=C3)F)F)C
646,C1=CC=C2C(=C1)C3=NNC4=CC=CC(=C43)C2=O
647,COC1=NC=CC(=N1)C2=C(N=CN2C3CCNCC3)C4=CC=C(C=C4)F
648,C1CCC(C1)N2C3=C(C(=N2)C4=CN=C5C(=C4)C=CN5)C(=NC=N3)N
649,CC(C)N1C2=C(C(=N1)C3=CC(=CC=C3)O)C(=NC=N2)N
650,COC1=C(C=C(C=C1)C2=NN(C3=C2C(=NC=N3)N)C4CCC4)OC
651,CC(C)N1C2=C(C(=N1)C3=CC4=C(C=C3)N=CC=C4)C(=NC=N2)N
652,CN1C2=C(C(=N1)C3=CC4=CC=CC=C4C=C3)C(=NC=N2)N
653,CC(CN)N1C2=C(C(=N1)C3=CC(=C(C=C3)Cl)O)C(=NC=N2)N
654,CC(C)N1C2=C(C(=N1)C3=CC=C(C=C3)CC#N)C(=NC=N2)N
655,COC1=C(C=C(C=C1)C2=NN(C3=C2C(=NC=N3)N)C4CCCC4)OC
656,CCOC1=C(C=C(C=C1)C2=NN(C3=C2C(=NC=N3)N)C4CCCC4)OC
657,CN1C2=C(C(=N1)C3=CN=C4C(=C3)C=CN4)C(=NC=N2)N
658,CN1C2=C(C(=N1)C3=CC4=C(C=C3)C=CN4)C(=NC=N2)N
659,CC(C)N1C2=C(C(=C3C=CC(=O)C=C3)N1)C(=NC=N2)N
660,CC1=C(C=C(C=C1)C2=C3C(=NC=NC3=NN2)N)O
661,CC1=C(C=C(C=C1)C2=NN(C3=C2C(=NC=N3)N)C)O
662,CN1C2=C(C(=N1)C3=CC(=C(C=C3)Br)O)C(=NC=N2)N
663,COC1=C(C=C(C=C1)C2=C3C(=NC=NC3=NN2)N)O
664,CN1C2=C(C(=N1)C3=CC(=C(C=C3)OC)O)C(=NC=N2)N
665,CC(C)N1C2=C(C(=N1)C3=CC(=CO3)C=O)C(=NC=N2)N
666,CC(C)N1C2=C(C(=N1)C3=CC(=C(C=C3)NC(=O)OC(C)(C)C)OC)C(=NC=N2)N
667,C1=CC=C(C=C1)C2=C(OC=N2)CN3C4=C(C(=N3)C5=CC(=C(C=C5)F)O)C(=NC=N4)N
668,CC(C)N1C2=C(C(=N1)C3=CC(=C(C=C3)F)OC)C(=NC=N2)N
669,CC(C)N1C2=C(C(=N1)C3=CC(=C(C=C3)Cl)O)C(=NC=N2)N
670,CC(C)N1C2=C(C(=N1)C3=CC(=C(C=C3)N)OC)C(=NC=N2)N
671,CC(C)N1C2=C(C(=N1)C3=CC(=C(C=C3)NC(C)CO)OC)C(=NC=N2)N
672,C1CCC(C1)N2C3=C(C(=N2)C4=CC(=C(C=C4)N)O)C(=NC=N3)N
673,CC(C)N1C2=C(C(=N1)C3=CC4=C(C=C3)OC=C4)C(=NC=N2)N
674,C1CCC(C1)N2C3=C(C(=N2)C4=CC5=C(C=C4)OC=C5)C(=NC=N3)N
675,CC(C)N1C2=C(C(=N1)C3=CC4=NON=C4C=C3)C(=NC=N2)N
676,CC(C)N1C2=C(C(=N1)C3=CC(=C(C=C3)Br)O)C(=NC=N2)N
677,C1CC(C1)N2C3=C(C(=N2)C4=CC(=C(C=C4)Cl)O)C(=NC=N3)N
678,COC1=C(C=CC(=C1)C2=NN(C3=C2C(=NC=N3)N)C4CCCC4)N
679,CC(C)N1C2=C(C(=N1)C3=CC(=CC=C3)CO)C(=NC=N2)N
680,CC(C)N1C2=C(C(=N1)C3=CC(=CC=C3)CC#N)C(=NC=N2)N
681,CC(C)N1C2=C(C(=N1)C3=CC4=C(C=C3)NC(=O)N4)C(=NC=N2)N
682,CC(C)N1C2=C(C(=N1)C3=CC4=C(C=C3)OCC4)C(=NC=N2)N
683,CC(C)N1C2=C(C(=N1)C3=CC4=C(C=C3)OCCO4)C(=NC=N2)N
684,C1CCC(C1)N2C3=C(C(=N2)C4=CC(=C(C=C4)Cl)O)C(=NC=N3)N
685,C1CNCC1N2C3=C(C(=N2)C4=CC(=C(C=C4)Cl)O)C(=NC=N3)N
686,C1COCC1N2C3=C(C(=N2)C4=CC(=C(C=C4)Cl)O)C(=NC=N3)N
687,CC(C)N1C2=C(C(=N1)C3=CC=CC(=C3)C#N)C(=NC=N2)N
688,C1CCC(C1)N2C3=C(C(=N2)C4=CC5=C(C=C4)N=CC=C5)C(=NC=N3)N
689,CC1=NC2=C(C=C1)C=C(C=C2)C3=NN(C4=C3C(=NC=N4)N)C(C)C
690,CC(C)N1C2=C(C(=N1)C3=CC4=C(C=C3)N=C(C=C4)Cl)C(=NC=N2)N
691,CC1=C2C(=CC=C1)N=C(N(C2=O)C3=CC=CC=C3C)CN4C5=C(C(=N4)C6=CC(=CC=C6)O)C(=NC=N5)N
692,C1CC(NC1)CN2C3=C(C(=N2)C4=CC(=C(C=C4)Cl)O)C(=NC=N3)N
693,C1CNCC1CN2C3=C(C(=N2)C4=CC(=C(C=C4)Cl)O)C(=NC=N3)N
694,CC(C)N1C2=C(C(=N1)C3=CC=C(C=C3)C(=O)C)C(=NC=N2)N
695,CC(C)N1C2=C(C(=N1)C3=CC4=NC=CN=C4C=C3)C(=NC=N2)N
696,CC(C)N1C2=C(C(=N1)C3=CC4=NC=CN=C4N=C3)C(=NC=N2)N
697,CC(C)N1C2=C(C(=N1)C3=CC4=C(C=C3)NC=NC4=O)C(=NC=N2)N
698,C1CC(CNC1)CN2C3=C(C(=N2)C4=CC(=C(C=C4)Cl)O)C(=NC=N3)N
699,C1CNCCC1CN2C3=C(C(=N2)C4=CC(=C(C=C4)Cl)O)C(=NC=N3)N
700,CC(C)N1C2=C(C(=N1)C3=CC(=C(C=C3)C=O)F)C(=NC=N2)N
701,CC(C)N1C2=C(C(=N1)C3=CC(=C(C(=C3)F)C=O)F)C(=NC=N2)N
702,CC(C)N1C2=C(C(=N1)C3=CC(=C(C=C3)C(=O)N)Cl)C(=NC=N2)N
703,C1CC(CNC1)CCN2C3=C(C(=N2)C4=CC(=C(C=C4)Cl)O)C(=NC=N3)N
704,CC(C)N1C2=C(C(=N1)C3=CC(=C(C=C3)C#N)O)C(=NC=N2)N
705,CC(C)N1C2=C(C(=C3C=CC(=O)C(=C3)F)N1)C(=NC=N2)N
706,CC(C)N1C2=C(C(=N1)C3=CC(=CC=C3)C(=O)C)C(=NC=N2)N
707,CC1=C(SC(=C1)C2=NN(C3=C2C(=NC=N3)N)C(C)C)C=O
708,CC(C)N1C2=C(C(=N1)C3=CC(=CC=C3)NS(=O)(=O)C)C(=NC=N2)N
709,CC(C)N1C2=C(C(=N1)C3=CC4=C(C=C3)N=C(C=C4)N)C(=NC=N2)N
710,CC(C)N1C2=C(C(=N1)C3=CC4=C(C=C3)N=C(C=C4)NN)C(=NC=N2)N
711,CC1=CC(=O)C=CC1=C2C3=C(N=CN=C3N)N(N2)C(C)C
712,CC1=C(C=C(C=C1)C2=NN(C3=C2C(=NC=N3)N)C(C)C)O
713,CC(C)N1C2=C(C(=C3C=C(C(=O)C=C3F)F)N1)C(=NC=N2)N
714,CC(C)N1C2=C(C(=N1)C3=CC(=CC=C3)OC)C(=NC=N2)N
715,CC(C)N1C2=C(C(=N1)C3=CC(=CC=C3)S(=O)(=O)N)C(=NC=N2)N
716,CC(C)N1C2=C(C(=N1)C3=CC=C(C=C3)S(=O)(=O)N)C(=NC=N2)N
717,CCC(C)N1C2=C(C(=N1)C3=CC(=C(C=C3)C)O)C(=NC=N2)N
718,CC(C)N1C2=C(C(=N1)C3=C(C(=CC=C3)O)F)C(=NC=N2)N
719,C1CCC(C1)N2C3=C(C(=N2)C4=C(C(=CC=C4)O)F)C(=NC=N3)N
720,CC(C)N1C2=C(C(=C3C=CC(=O)C(=C3)OC)N1)C(=NC=N2)N
721,CCN1C2=C(C(=N1)C3=CC(=C(C=C3)OC)O)C(=NC=N2)N
722,CC(C)N1C2=C(C(=N1)C3=CC(=C(C=C3)OC)O)C(=NC=N2)N
723,CC(C)N1C2=C(C(=N1)C3=CC(=CC=C3)C(=O)NC4=NCCS4)C(=NC=N2)N
724,C1CCC(C1)N2C3=C(C(=N2)C4=CC5=C(C=C4)OC=CC5=O)C(=NC=N3)N
725,CC(C)N1C2=C(C(=N1)C3=CC(=CC(=C3)F)O)C(=NC=N2)N
726,C1CCC(C1)N2C3=C(C(=N2)C4=CC(=CC(=C4)F)O)C(=NC=N3)N
727,CC(C)N1C2=C(C(=N1)C3=CC(=CC(=C3)Br)OC)C(=NC=N2)N
728,COC1=C(C=C(C=C1)C2=NN(C3=C2C(=NC=N3)N)C4CCCC4)O
729,CC1CCC(C1)N2C3=C(C(=N2)C4=CC(=C(C=C4)OC)O)C(=NC=N3)N
730,COC1=C(C=C(C=C1)C2=NN(C3=C2C(=NC=N3)N)C4CNC4)O
731,CC(C)N1C2=C(C(=N1)C3=CC4=C(C=C3)C=NC=C4)C(=NC=N2)N
732,CC(C)N1C2=C(C(=N1)C3=CC4=C(C=C3)C=CN=C4)C(=NC=N2)N
733,CC1=NC2=C(C=C1)C=CC(=C2)C3=NN(C4=C3C(=NC=N4)N)C(C)C
734,CC(C)N1C2=C(C(=N1)C3=CC(=CC(=C3)Br)O)C(=NC=N2)N
735,CC(C)N1C2=C(C(=N1)C3=CC(=C(C=C3)Br)OCOC)C(=NC=N2)N
736,C1CC(C1)N2C3=C(C(=N2)C4=CC(=C(C=C4)Br)O)C(=NC=N3)N
737,COC1=C(C=C(C=C1)C2=NN(C3=C2C(=NC=N3)N)C4CCNC4)O
738,CCOC1=C(C=C(C=C1)C2=NN(C3=C2C(=NC=N3)N)C4CCCC4)O
739,CC(C)N1C2=C(C(=N1)C3=CC(=C(C=C3)OC)OC)C(=NC=N2)N
740,CC(C)N1C2=C(C(=N1)C3=CN=C4C(=C3)C=CN4)C(=NC=N2)N
741,CC(C)N1C2=C(C(=N1)C3=CC4=C(C=C3)NC=C4)C(=NC=N2)N
742,C1CCC(C1)N2C3=C(C(=N2)C4=CC5=C(C=C4)NC=C5)C(=NC=N3)N
743,C1CCC(C1)N2C3=C(C(=N2)C4=CC(=C(C=C4)Br)O)C(=NC=N3)N
744,CC(C)N1C2=C(C(=N1)C3=CC(=C(C=C3)F)O)C(=NC=N2)N
745,CC(CN)N1C2=C(C(=N1)C3=CC(=C(C=C3)F)O)C(=NC=N2)N
746,CC(C)(C)N1C2=C(C(=N1)C3=CC(=C(C=C3)OC)OC)C(=NC=N2)N
747,CC(CN1C2=C(C(=N1)C3=CC(=C(C=C3)OC)OC)C(=NC=N2)N)CO
748,CC(C)N1C2=C(C(=N1)C3=CC4=C(C=C3)N(C=C4)C)C(=NC=N2)N
749,CN1C=CC2=C1C=CC(=C2)C3=NN(C4=C3C(=NC=N4)N)C5CCCC5
750,CC(C)N1C2=C(C(=N1)C3=CC4=C(C=C3)NN=C4)C(=NC=N2)N
751,C1=CC(=C(C=C1C2=NN(C3=C2C(=NC=N3)N)CCCC#N)O)F
752,C1=CC(=C(C=C1C2=NN(C3=C2C(=NC=N3)N)CCCCC#N)O)F
753,CCOC1=C(C=C(C=C1)C2=C3C(=NC=NC3=NN2)N)OC
754,CCOC1=C(C=C(C=C1)C2=NN(C3=C2C(=NC=N3)N)C(C)C)OC
755,C1CCC(C1)N2C3=C(C(=N2)C4=CC5=C(C=C4)NN=C5)C(=NC=N3)N
756,CC(C)N1C2=C(C(=N1)C3=CC4=C(C=C3)C(=NN4)N)C(=NC=N2)N
757,CC(C)N1C2=C(C(=N1)C3=CC4=C(C=C3)C=NN4)C(=NC=N2)N
758,C1CC(C1)N2C3=C(C(=N2)C4=CC(=C(C=C4)F)O)C(=NC=N3)N
759,C1C(CN1)N2C3=C(C(=N2)C4=CC(=C(C=C4)F)O)C(=NC=N3)N
760,C1CCC(C1)N2C3=C(C(=N2)C4=CC(=C(C=C4)F)O)C(=NC=N3)N
761,CCOC1=C(C=C(C=C1)C2=NN(C3=C2C(=NC=N3)N)CC=C)OC
762,C1CCC(C1)N2C3=C(C(=N2)C4=CC5=C(C=C4)C=NN5)C(=NC=N3)N
763,CC(C)N1C2=C(C(=N1)C3=CC4=C(C=NN4)C(=C3)F)C(=NC=N2)N
764,CC(C)N1C2=C(C(=N1)C3=CC4=C(C=C3)C=CN4)C(=NC=N2)N
765,CC1CCC(C1)N2C3=C(C(=N2)C4=CC(=C(C=C4)F)O)C(=NC=N3)N
766,C1CNCC1N2C3=C(C(=N2)C4=CC(=C(C=C4)F)O)C(=NC=N3)N
767,CCOC1=C(C=C(C=C1)C2=NN(C3=C2C(=NC=N3)N)C4CCCCC4)OC
768,CC(C)N1C2=C(C(=N1)C3=CC(=C(C(=C3)OC)OC)OC)C(=NC=N2)N
769,CCOC1=CC2=C(C=C1)C=C(C=C2)C3=NN(C4=C3C(=NC=N4)N)C
770,CC(C)N1C2=C(C(=C3C=CC4=CC(=O)C=CC4=C3)N1)C(=NC=N2)N
771,C1CCC(C1)N2C3=C(C(=N2)C4=CC5=C(C=C4)C=CN5)C(=NC=N3)N
772,CC(C)N1C2=C(C(=N1)C3=CC4=C(C=C3)C(=CN4)C=O)C(=NC=N2)N
773,C1COCC1N2C3=C(C(=N2)C4=CC(=C(C=C4)F)O)C(=NC=N3)N
774,C1CCCC(CC1)N2C3=C(C(=N2)C4=CC(=C(C=C4)F)O)C(=NC=N3)N
775,CC(C)N1C2=C(C(=N1)C3=C(C(=CC=C3)OC)OC)C(=NC=N2)N
776,CCOC1=C(C=CC(=C1)C2=NN(C3=C2C(=NC=N3)N)C(C)C)OC
777,CC(C)N1C2=C(C(=N1)C3=CC4=CC=CC=C4N=C3)C(=NC=N2)N
778,C1CCC(C1)N2C3=C(C(=N2)C4=CC5=CC=CC=C5N=C4)C(=NC=N3)N
779,CN1C2=C(C(=N1)C3=CC4=C(C=C3)N=CC=C4)C(=NC=N2)N
780,CC(C)N1C2=C(C(=N1)C3=C4C=CNC4=CC=C3)C(=NC=N2)N
781,C1CCC(C1)N2C3=C(C(=N2)C4=C5C=CNC5=CC=C4)C(=NC=N3)N
782,C1CNCCC1CN2C3=C(C(=N2)C4=CC(=C(C=C4)F)O)C(=NC=N3)N
783,CC1=NN(N=C1CN2C3=C(C(=N2)C4=CC(=C(C=C4)F)O)C(=NC=N3)N)C5=CC=CC=C5
784,CC(C)N1C2=C(C(=N1)C3=CN=C(N=C3OC)OC)C(=NC=N2)N
785,CC(C)N1C2=C(C(=N1)C3=CC=C(C=C3)OC)C(=NC=N2)N
786,CC(C)N1C2=C(C(=N1)C3=CC(=C(C=C3)N)O)C(=NC=N2)N
787,CC(C)N1C2=C(C(=N1)C3=CC4=C(C=C3)N(C=C4)C(=O)OC(C)(C)C)C(=NC=N2)N
788,CC(C)(C)OC(=O)N1C=CC2=C1C=CC(=C2)C3=NN(C4=C3C(=NC=N4)N)C5CCCC5
789,CCN1CCN(CC1)C2=CC=C(C=C2)NC3=CC(=NC=N3)N(C)C(=O)NC4=C(C(=CC(=C4Cl)OC)OC)Cl
790,CC(C)(C#N)C1=CC=C(C=C1)N2C3=C4C=C(C=CC4=NC=C3N(C2=O)C)C5=CC6=CC=CC=C6N=C5
791,CN1C2=C(C=CC(=C2Cl)Cl)C3=C1C(=O)NC4(C3C#N)CCNCC4
792,CC1=CC(=NO1)NC(=O)CCNC(=O)NC2=NC(=C(S2)C3=CC=C(C=C3)N4C=CC=N4)C
793,CC(C)(C)NS(=O)(=O)C1=CN=CC(=C1)C2=CC3=NC(=NN3C=C2)N
794,CC(=O)OC1CC2(C(CCC2O)C3=C1C4(C(OC(=O)C(=CN(C)CCCN(C)C)C4=C(C3=O)O)COC)C)C
795,C1COCCN1C2=CC(=O)C3=C(O2)C(=CC=C3)C4=CC=CC=C4
796,C1=CC(=CC(=C1)F)C(=O)NC2=CC3=C(C=C2)NN=C3
797,C1=CC=C2C(=C1)C(=O)NC3=CC=CC=C3N2
798,CC(C1=CC=CC=C1)NC2=C(C(=O)C2=O)NC3=CC=NC=C3
799,C1CNCC1OC2=CN=CC(=C2)C=CC3=CC=NC=C3
800,C1=CC=C(C=C1)CSC2=NNC(=N2)C3=CC=NC=C3
801,C1=CC=C(C=C1)CC(CO)NC(=O)C2=C(C=C(C=C2)C3=CC=NC=C3)F
802,CCCOC1=C(C(=CC(=N1)NC(=O)C)N)C#N
803,C1CCC2=C(C1)C3=C4N=C(NN4C(=O)N=C3S2)C5=CN=CC=C5
804,CC1=CC=CC(=C1)C2=C(N=C(N(C2=O)C)NCC(CC3=CC=CC=C3)N)C4=CC=NC=C4
805,CCCCNC1=NS(=O)N=C1NC2=CC=C(C=C2)F
806,C1=CN=CC=C1C=CC2=CC(=CN=C2)OCCCN
807,CCN(CC)CCCNC1=CC=CC(=N1)C2=NC3=C(C=CC=C3N2)C(=O)N
808,C1=CC(=CC=C1C(=O)NC2=CC3=C(C=C2)C=NN3)Cl
809,C1=CC=C(C=C1)CNC(=O)C(=CC2=CC(=C(C=C2)O)O)C#N
810,C1=CC(=C(C=C1Cl)C2=C(C(=O)NC3=CC(=CC(=C32)Cl)Cl)O)O
811,CC(C)C1=NN=C2N1N=C(C=C2)C3=C(N=C4N3CCC4)C5=C(C=C(C=C5)F)F
812,CC1=C2C(C(=C(OC2=NN1)N)C#N)C3=CC=CC=C3I
813,CC12C(C(CC(O1)N3C4=CC=CC=C4C5=C6C(=C7C8=CC=CC=C8N2C7=C53)CNC6=O)NC)OC
814,C1=CC(=CC(=C1)O)NC2=C3C(=CSC3=NC=N2)Cl
815,CC1=C(C=C(C=C1)CNC2=C(C(=O)C2=O)NC3=CC=NC=C3)C
816,CC1=C(C(=NN1C)C)C2=CC=CC3=C2NC(=C3CCCOC4=CC=CC5=CC=CC=C54)C(=O)O
817,C1=CC=C(C(=C1)CC(=O)NC2=CC3=C(C=C2)C=NN3)Cl
818,CC(C)C1=NN=C2N1N=C(C=C2)C3=C(N=C4N3C=CO4)C5=C(C=C(C=C5)F)F
819,CC1CSC2=C(C(=O)C3=CC(=C(C=C3N12)N4CCC(C4)N)F)C(=O)O
820,CN1C=C(C(=N1)C2=CC=C(C=C2)F)C3=NC=NC=C3
821,C1=CN=CC=C1C=CC2=CC(=CN=C2)OCCN
822,C1=CC=C2C(=C1)C=C3C(=N2)NN=C3NC(=O)C4=CC=NC=C4
823,COC1=CC=CC(=C1)C2=CN3C4=CC=CC=C4NC(=O)C3=C2
824,COC1=C(C=C(C=C1)C=C2C(=NOC2=O)C3=CC=C(C=C3)Br)OC
825,C1=CC=C2C(=C1)NC(=N2)SC3=CC=C(O3)C=NNC(=O)C4=CC(=CC=C4)[N+](=O)[O-]
826,CC1=CC=C(C=C1)CNC2=C(C(=O)C2=O)NC3=CC=NC=C3
827,C1C2=C(C=C(C=C2)Br)C3=C1C=NN3
828,CCOC(=O)C1=C2C(=CC=C1)NC(=N2)C3=CC=C(C=C3)N4CCC(C4)N
829,C1=C(C(=CC2=NNN=C21)Cl)Cl
830,C1CC(CNC1)C2=CC(=C(C=C2)C3=NC4=C(C=CC=C4N3)C(=O)N)F
831,CC1=C(C2=NC3=CC=CC=C3N2C(=O)C1=CC4=C(NN(C4=O)C5=CC(=C(C=C5)Cl)Cl)C)C#N
832,C1COCCN1C(=O)C2=CC=CC(=C2)C3=CN=C4C(=C3)C=CN4
833,CC1=C2C=C(SC2=NN1)C(=O)NCCC3=CC=C(C=C3)Cl
834,C1=CC=C(C=C1)C2=CNC3=NC=C(C=C23)NC(=O)C4=CC=C(C=C4)Cl
835,CC1=CC=CC(=C1)C2(CC2C(=O)NC3=CC=NC=C3)C4=CC(=CC=C4)C
836,C1=CC=C(C=C1)C2=C(N(C=N2)CCCO)C3=CC=NC=C3
837,CSC1=NN(C(=C1C(=O)N)N)C2=CC=CC=N2
838,C1=CC=C(C=C1)C2=C(N=NN2C3=NON=C3N)C(=O)NN=CC4=CC=CS4
839,CC1=C(C2=NC3=CC=CC=C3N2C(=O)C1=CC4=C(NN(C4=O)C5=CC(=CC=C5)Br)C)C#N
840,COC1=CC=CC2=C1NC3=C(C=CC(=C3)NC4=CC=NC=C4)C(=O)N2
841,C1CC2=C(C(=O)C1)C(=O)C3=C(O2)C=C(C=C3)C(F)(F)F
842,C1=CC(=CC=C1NC2=C3C(=CSC3=NC=N2)Cl)O
843,CC1=C(C2=NC3=CC=CC=C3N2C(=O)C1=CC4=C(NN(C4=O)C5=CC=C(C=C5)C(=O)O)C)C#N
844,CC(C)(CNC1=NC=CC(=N1)C2=C(N=C3N2C=CN=C3NC)C4=CC=C(C=C4)F)CO
845,CC1=NN(C2=C1C(=O)C3=C(N2O)C=CC(=C3)Cl)C4=CC=CC=C4
846,COC1=CC=C(C=C1)C2=CN3C(=C(C=N3)Br)N=C2
847,C1=CC=C(C=C1)C2=C(C(=O)NC3=C2C=C(C=C3)Cl)N
848,CCC(CO)NC1=NC2=C(C(=N1)NCC3=CC=CC=C3)N=CN2C(C)C
849,C1=CC=C2C(=C1)C(=CNNC3=NC4=CC=CC=C4N3)C=N2
850,CNC(=O)C1=NN(C2=C1CCC3=CN=C(N=C32)NC4CCN(CC4)C(=O)C5CCN(CC5)S(=O)(=O)C)C
851,CC(=O)N1CCC(CC1)NC2=NC=C3CCC4=C(C3=N2)N(N=C4C(=O)N)C
852,CN1C2=C(CCC3=CN=C(N=C32)NC4CCN(CC4)C(=O)C5=CC=CC=C5)C(=N1)C(=O)N
853,CN1C=C(C2=C1C=CC(=C2)F)C3=C(C(=O)NC3=O)C4=CC(=CC=C4)NCC(CO)O
854,CN1C=NC=C1C(C2=CC=C(C=C2)C#N)OCC3=C(C=C(C(=O)N3C)C#N)C4=CC=C(C=C4)OC(F)(F)F
855,COC1=CC2=NC(=C3C4=C(C=CC=N4)NN3)C=C2C=C1
856,C1=CC=C(C=C1)C2=NN=C3N2N=C(C=C3)NCC4=CC=C(C=C4)Cl
857,C1=CC=C(C=C1)C2=C(N=NN2C3=NON=C3N)C(=O)NN=CC4=CC=NC=C4
858,CCCCCCCCCCCCCCCCN1C=C[N+](=C1C)CC2=CC=CC=C2
859,C1=CC=C(C=C1)CN2C=C(N=N2)C3=CC4=C(C=C3)NN=C4
860,C1=CC=C(C=C1)CC2=NOC(=C2)C3=CC4=C(C=C3)NN=C4
861,CC1=CC(=CC=C1)NC(=O)CC2=CC=C(C=C2)C3=C4C(=CC=C3)NN=C4N
862,CC(C(C)(C)C)NC1=C(C(=O)C1=O)NC2=NC(=NC=C2)NC3=CC(=C(C=C3)OC)OC
863,CC1=C2C(=C(C=NC2=NN1)C#N)C3=CC=CC=C3
864,C1CCN(C1)C2CCC(CC2)N3C=C(C4=C3N=CN=C4N)C5=CC(=CC=C5)OCC6=CC=CC=C6
865,CN(C)CCCOC1=CC2=C(CNC2=O)C(=C1)C3=CC=C(C=C3)NC4=NC5=CC=CC=C5O4
866,C1=CC=C2C(=C1)C(=CN2)CC(COC3=CN=CC(=C3)C4=CC5=C(S4)C=NC=C5)N
867,C1=CC(=C2C(=C1)NC(=O)C3=CC(=NN=C3N2)Cl)C(=O)N
868,C1=CC=C2C(=C1)C(=CN2)CC(COC3=C(N=CC(=C3)C=CC4=CC=NC=C4)Cl)N
869,C1=CC=C2C(=C1)NC3=NN=C(C=C3C(=O)N2)Cl
870,CC1=CC(=CC=C1)NC(=O)NC2=CC=C(C=C2)C3=CSC4=C3C(=NC=C4C5=CNN=C5)N
871,CC(C)(C)NC(=O)C1=CC2=C(C=C1)N=C3C(=N2)C4=CC=CC=C4N3
872,C1=CC=C(C=C1)CNC2=NC(=CC(=C2)C3=CNC4=C3C=CC=N4)Cl
873,C1=CC(=CC=C1C2=CSC3=C2C(=NC=C3C4=CC=NC=C4)N)NC(=O)NC5=C(C=CC(=C5)C(F)(F)F)F
874,CN1C=C(C=N1)C2=CN=C(C3=C2SC=C3C4=CC=C(C=C4)NC(=O)NC5=CC(=CC=C5)F)N
875,C1CC(CN(C1)C(=O)C2=NOC(=C2)C3=CC4=C(C=C3)NN=C4)C(=O)N
876,CC(=O)N1CCN(CC1)C2CCC(CC2)N3C4=C(C(=N3)C5=CC(=C(C=C5)NC(=O)C6=CC7=CC=CC=C7N6C)OC)C(=NC=N4)N
877,C1=CC(=CC(=C1)F)C2=CN=CC3=C2C=C(S3)C(=O)N
878,C1=CC=C2C(=C1)NC3=C(C=CN=N3)C(=O)N2
879,CC1=CC(=CC=C1)NC(=O)NC2=CC=C(C=C2)C3=CSC4=C3C(=NC=C4C#CC5=CN=CC=C5)N
880,C1C2=C(CS1)N=C3C=C(NN3C2=O)C4=CC=CO4
881,CN1CCCC1COC2=CN=CC(=C2)CCC3=CC=CC=C3
882,COC1=CC2=C(CC3=C2NN=C3C4=CN=C(C=C4)C#N)C=C1C#C
883,C1=CC=C(C=C1)C2=CN3C=NC(=CC3=N2)N
884,COC1=CN=CC(=C1)C=CC2=CC=NC=C2
885,C1=CC=C2C(=C1)C(=O)N(C2=O)C3=CC(=C(C=C3)C(=O)O)O
886,C1=CC=C2C(=C1)C(=CN2)CC(COC3=CN=CC(=C3)C4=CC5=C(S4)C=CN=C5)N
887,C1=CC2=C(C=C1Cl)C3=C(C(=O)NC(=O)C3=C(O2)N)C#N
888,C1=CC(=CC(=C1)F)C2=CN=CC3=C2C=C(S3)C(=O)O
889,CC1=C2C(=O)C(=CNC2=NC(=C1F)N3CCC(C3)NC(=O)C)C(=O)O
890,C1=CC(=C(C=C1F)F)C2=CN=CC3=C2C=C(S3)C(=O)N
891,CC1=CC(=CC(=C1)NC(=O)NC2=CC=C(C=C2)C3=C4C(=CC=C3)SN=C4N)C
892,CC(=O)NC1=NN2C=CC=CC2=C1
893,CC1=C(C(=C2N1N=CN=C2N)C3=CC=C(C=C3)NC(=O)NC4=CC=CC=C4)C(=O)OC
894,CC1=NN(C2=C1C(=O)C3=C(N2OCC(C)C)C=CC(=C3)Cl)C
895,CC1=C(N(C2=C1C=C(C=C2)C(=O)NC3=NC=NN3)CC4=CC=CC=C4)C
896,CC(C)(C)C1=NN(C(=C1)NC(=O)NC2=CC=CC3=CC=CC=C32)C4=CC=CC(=C4)C(=O)NCC#N
897,CCCCCCCCCCCCOC1=C(C=C(C=C1)N=C(N)N)N=C(N)N
898,C1C(C(COC2=NC(=CN=C2C#N)NC(=O)NC3=C(O1)C=CC(=C3)Cl)O)O
899,COC1=C(C=CC(=C1)C2=CC3=C(C=C2)C(=O)NC4=C(N3)C=CC(=C4)CCOC5=CC=C(C=C5)N6CCOCC6)OCC(CO)O
900,COC1=CC(=C(C=C1)OC)NC(=O)C2=C3N=CC=C(N3N=C2)C4=CC=CC=C4
901,CNC(=O)C1=CN=C(C2=C1SC=C2C3=CC=C(C=C3)NC(=O)NC4=CC(=CC=C4)Cl)N
902,COC1=C(C=C(C(=C1)C(=O)O)Cl)NC(=O)NC2=NC=C(N=C2)C#N
903,CCOC1=C(C(=CC(=N1)C(=O)NCC2=CC=NC=C2)N)C#N
904,CC1=CC(=C(C=C1)CN2C=C(N=N2)C3=CC4=C(C=C3)NN=C4)C
905,C1CC(CNC1)C2=CC(=C(C=C2)C3=NC4=C(N3)C=C(C=C4C(=O)N)Cl)F
906,C1=CC(=C2C(=C1)NN=C2N)C3=CC=C(C=C3)NC(=O)NC4=C(C=CC(=C4)CO)F
907,COC1=C(C=CC(=C1)C2=CC3=C(C=C2)C(=O)NC4=C(N3)C=CC(=C4)CCOC5=CC=C(C=C5)N6CCOCC6)CC#N
908,C1=CC=C2C(=C1)C=CC=C2CC(C(=O)NC3=CN=CC(=C3)C=CC4=CC=NC=C4)N
909,CC1=CC2=C(C(=C1)Cl)OC(=N2)NC3=CC=C(C=C3)C4=NN(C5=C4C(=NC=N5)N)C6CCC(CC6)OCCOC
910,C1=CC2=C(C=CN=C2)C(=C1)S(=O)(=O)NCCNCC=CC3=CC=C(C=C3)Br
911,C1CCN(C1)CC2CC(C2)N3C=C(C4=C3N=CN=C4N)C5=CC(=CC=C5)OCC6=CC=CC=C6
912,CC1=C(C(=O)N2C3=CC=CC=C3NC2=C1C#N)C=O
913,C1=CC(=C2C(=C1)NN=C2N)C3=CC=C(C=C3)Br
914,C1=CC(=CC(=C1)F)NC(=O)NC2=CC=C(C=C2)NC(=O)C3=C4C(=NC=NN4C=C3)N
915,CC1=CC=C(C=C1)N2C3=C(C(=N2)C)C(=O)C4=C(N3O)C=CC(=C4)Cl
916,CC(=C1C=CC(=O)C=C1O)NNC(=O)C2=C(N=NN2C3=NON=C3N)COC
917,CC(C1CCCCC1)NC2=C(C(=O)C2=O)NC3=CC=NC=C3
918,C1CC1N2C3=C(C(=C(C=C3C(=O)C4=C2SNC4=O)F)NCC5=CC=CC=C5)F
919,CC(=NN=C(N)N)C1=CC(=CC(=C1)NC(=O)NCCCCCCNC(=O)NC2=CC(=CC(=C2)C(=NN=C(N)N)C)C(=NN=C(N)N)C)C(=NN=C(N)N)C
920,C1=CC=C(C=C1)CC(COC2=CN=CC(=C2)C=CC3=CC=NC=C3)N
921,C1=CC(=CC=C1C2=CC=C(C=C2)F)C(=O)NS(=O)(=O)C3=CC(=C(C=C3)NCCSC4=CC=C(C=C4)O)[N+](=O)[O-]
922,CCOC1=CC=CC=C1C=NNC(=O)C2=C(N(N=N2)C3=NON=C3N)N4CCCC4
923,C1C(NNC1=C2C(=C3C=C(C=CC3=NC2=O)Cl)C4=CC=CC=C4)C5=CC=CC=C5
924,CC(=NN=C(N)N)C1=CC(=CC(=C1)NC(=O)NCCCN(C)CCCNC(=O)NC2=CC(=CC(=C2)C(=NN=C(N)N)C)C(=NN=C(N)N)C)C(=NN=C(N)N)C
925,CC1=C(C=CC(=C1)O)N2C3=C(C=CC(=C3)Cl)C(=O)C4=C2N=C(N=C4N)N
926,CN1CCC1COC2=CN=CC(=C2)CCC3=CC=NC=C3
927,C1COCCN1C2=CC(=NC(=N2)OCCC3=CC=CC=N3)NN
928,C1=CC=C(C=C1)C2=CN=CC3=C2C=C(S3)C(=O)O
929,C1=CC=C2C(=C1)C(=CN2)CC(COC3=CN=CC(=C3)C4=CC=C(C=C4)F)N
930,CCOC(=O)C1=CN(C2=C(C1=O)C=CC(=C2)C3=CC=NC=C3)C4=C(C=C(C=C4)O)C
931,CC1=NN(C2=C1C(=C(S2)C(=O)N)N)C
932,CC(C)OC1=C(C=C(C=C1)C2=NOC(=N2)C3=CC=C(C=C3)NC4CCC(C4)C(=O)O)Cl
933,C1=CC(=CC(=C1)NC(=O)NC2=CC=C(C=C2)C3=CC4=C(C=C3)C(=NN4)N)C(F)(F)F
934,COC1=CC=CC(=C1)NC(=O)C2=C3N=CC=C(N3N=C2)C4=CC=CC=C4
935,C1=CC=C(C=C1)C2=CN=CC3=C2C=C(S3)C(=O)N
936,COC1=C(C=CC(=C1)NC2=NC=NC3=C2C=C(C=C3)C4=CC=C(C=C4)CN5CC6C(C5)C6CO)OC7=CC=CC=C7
937,CC1=C2C(=O)C(=CNC2=NC(=C1Cl)N3CCC(C3)CN)C(=O)O
938,C1=CC(=C(C(=C1C2=CN=CC3=C2C=C(S3)C(=O)N)F)F)Br
939,CCS(=O)(=O)C1=CC=C(C=C1)C2=CN=CC3=C2C=C(S3)C(=O)N
940,CC1=C2C=C(C=CC2=NN1)C3=CC(=CN=C3)OCC(CC4=CC=CC=C4)CN
941,CC(=NN=C(N)N)C1=CC(=CC(=C1)NC(=O)C2=CC(=CC=C2)C(=O)NC3=CC(=CC(=C3)C(=NN=C(N)N)C)C(=NN=C(N)N)C)C(=NN=C(N)N)C
942,C1CC2=C(C=CS2)C3=C1C=NN3
943,C1COCCN1C2=CC=C(C=C2)OCCC3=CC4=C(C=C3)NC5=C(C=CC(=C5)C6=CN(C7=C6C=CN=C7)CC8=CC(=C(C(=C8)F)F)F)C(=O)N4
944,CNC(=O)N1CCN(CC1)CCCOC2=CC3=C(CC4=C3NN=C4C5=CN=C(C=C5)C#N)C=C2
945,C1=C(C=C(C=C1C(F)(F)F)C(F)(F)F)C2=CN=CC3=C2C=C(S3)C(=O)N
946,CC1=CC(=C(C=C1)F)C2=CN3C(=NN=C3N)C=C2
947,COC1=CC(=CC(=C2C(=C(NN2)N)C#N)C#N)C=CC1=O
948,CCC1=NC2=C(C3=CC(=C(C=C31)OC)OC)C(=O)NC2=O
949,CC(C)S(=O)(=O)N1C2=C(C=CC(=C2)C3=C(N=C4N3C=CS4)C5=CC=C(C=C5)F)N=C1N
950,CCOC1=C(C(=CC(=N1)C(=O)NCC2=CC=C(C=C2)S(=O)(=O)N)N)C#N
951,C1=CC(=CC(=C1)NC(=O)NC2=CC=C(C=C2)C3=C(C4=NC=CN=C4C=C3)N)C(F)(F)F
952,C1=CC(=NC(=C1)NC(=O)NC2=C3C=CC(=C(C3=NC=C2)Cl)Cl)C(F)(F)F
953,CC(=O)NC1=NC(=C(C(=C1)N)C#N)C2=CSC=C2
954,CCOC1=C(C(=CC(=N1)C(=O)NCC2=CC=CC=C2S(=O)(=O)N)N)Cl
955,CSC1=CNC2=C(C1=O)C=CC3=C2C=CN=C3
956,CC1=C(C2=C(N1C3CCC(CC3)N4CCCC4)N=CN=C2N)C5=CC(=CC=C5)OCC6=CC=CC=C6
957,COC1=CC(=CC(=C1OC)OC)C2=C(C(=O)NC2=O)C3=CNC4=CC=CC=C43
958,COC1=C(C=C(C(=C1)C=O)Cl)NC(=O)NC2=NC=C(N=C2)C#N
959,CCOC1=C(C(=CC(=N1)C(=O)NCC2=CN=CC=C2)N)C#N
960,C1=CC=C(C=C1)NC(=O)NC2=CC=C(C=C2)C3=C4C(=CC=C3)NN=C4N
961,C1CCOC2=CC(=C(C=C2NC(=O)NC3=CN=C(C(=N3)OCC1)C#N)Cl)OCC(CO)O
962,C1=CC=C(C(=C1)C(=O)O)NC2=NC(=NC=C2)NC3=CC(=CC=C3)O
963,C1=CC=C(C(=C1)C(=O)O)NC2=NC(=NC=C2)NC3=CC4=C(C=C3)C=NN4
964,COC1=CC=C(C=C1)CNC(=O)NC2=NC=C(S2)[N+](=O)[O-]
965,C1CNC2=C(C(=NC=N2)N)N=C1C3=CC=C(C=C3)NC(=O)NC4=CC=CC(=C4)C(F)(F)F
966,C1=CC=C(C=C1)NC2=NC=NC3=CC=CC=C32
967,CN1C2=CC=CC=C2C3=C4C(=C5C6=CC=CC=C6N(C5=C31)CCC#N)CNC4=O
968,C1C(CC(=O)C2=C1NC3=C(C2=O)C=CC(=C3)Cl)C4=C(C=C(C=C4)Cl)Cl
969,C1C2=C(C3=C(C=CC=N3)NC1=O)NC4=C2C=C(C=C4)Br
970,CC1=CC(=CC=C1)NC(=O)NC2=CC=C(C=C2)C3=C4C=NNC4=CC=C3
971,C1CNCCN(C1)S(=O)(=O)C2=CC=CC3=C2C=CN=C3
972,C1=CC=C(C(=C1)C(=O)O)NC2=NC(=NC=C2)NC3=CC4=C(C=C3)NN=C4
973,CC1=CC(=O)C(C12C3=CC(=CC(=C3C(=O)O2)O)OC)O
974,C1CCOC2=CC(=C(C=C2NC(=O)NC3=CN=C(C(=N3)OCC1)C#N)Cl)OCCO
975,CCCN1C(=NC(=C1C2=NC(=NC=C2)NC3CCCCC3)C4=CC(=C(C=C4)Cl)Cl)C5CCNCC5
976,CC1=C(C=C2C(=C1)C(=O)C3=CC(=CC(=C3C2=O)O)OC)O
977,CC1=CC(=CC2=C1C3=CC(=CC(=C3C(=O)O2)O)OS(=O)(=O)O)O
978,CC1=CC(=CC2=C1C3=CC(=CC(=C3C(=O)O2)O)OC)O
979,CC1=CC(=C(C=C1C2=CC(=CC(=C2C(=O)O)O)OC)O)O
980,CC1=CC(=C(C=C1C2=CC(=CC(=C2C(=O)O)O)O)O)O
981,CN(C1=CC2=C(C=C1)N(C(=N2)NC(=O)C3=CC=C(C=C3)C#N)CCC(=O)N)C(=O)C4CCCCC4
982,C1=CC(=C(C=C1CCNC(=O)C(=NO)CC2=CC(=C(C(=C2)C3=CC(=CC(=C3O)Br)CC(=NO)C(=O)NCCC4=CC(=C(C=C4)O)Br)O)Br)Br)O
983,COC1=CC(=C2C(=C1)C3=CC(=C(C=C3COC2=O)O)O)O
984,CC1=CC(=CC=C1)NC(=O)NC2=CC=C(C=C2)C3=C(C4=NC=CN=C4C=C3)N
985,CC1(C(C(C2=C(C1O)C(=O)C3=CC(=CC(=C3C2=O)O)OC)O)O)O
986,CC1=C(N2C=CC=CC2=N1)C3=CSC(=N3)NC4=CC=C(C=C4)O
987,CC1=C(C(=O)C(C1)O)C2=CC(=CC(=C2C(=O)O)O)OC
988,CC1=CC(=CC2=C1C3=CC(=CC(=C3C(=O)O2)O)O)O
989,CC1=CC(=C(C2=C1C3=CC(=CC(=C3C(=O)O2)O)OC)O)O
990,C1CC2(C3C(CC(=O)C4=C(C=CC(=C34)C5=C2C(=C(C=C5)O)C1=O)O)O)O
991,COC1=CC(=CC(=C1OC)OC)C2=C(CNC2=O)C3=CNC4=CC=CC=C43
992,CC1=C(C=C2C(=C1)C(=O)C3=CC(=C(C(=C3C2=O)O)C4=C5C(=C(C=C4OC)O)C(=O)C6=C(C5=O)C(C(C(C6O)O)(C)O)O)OC)O
993,CC1=C(C(=C2C(=C1)C(=O)C3=CC(=CC(=C3C2=O)O)OC)O)O
994,C1=C2C3=C(C(=C1O)O)OC(=O)C4=CC(=C(C(=C43)OC2=O)O)O
995,CN(C)CC(COC1=CC=C(C=C1)NC2=NC=CC(=N2)NC3=C(C=CC(=C3)Cl)Cl)O
996,CC1=C(C=CC2=C1C=CN2)NC3=C(C=NC=C3C#N)C=CC4=CC(=CC=C4)S(=O)(=O)N5CCN(CC5)C
997,CC1=C(C=CC2=C1C=CN2)NC3=C(C(=NC=C3C#N)C)C=CC4=CC(=CC=C4)S(=O)(=O)N5CCN(CC5)C
998,CN1CC2CC1CN2C3=CC=C(C=C3)C4=CC=NC5=C(C(=NN45)C6=CC=NC=C6)C7=CC(=CC=C7)O
999,C1=CC(=CC(=C1)NC(=O)C2=CC(=CC=C2)C(F)(F)F)C3=CC=NC4=CC(=NN34)C5=CC=NC=C5
1000,CC(C)N1CCN(CC1)C(=O)C2=CC=C(C=C2)NC(=O)NC3=CC=C(C=C3)C4=NC(=NC(=N4)N5C6CCC5COC6)C7CCOCC7
1001,COC(=O)N1CCC(CC1)N2C3=C(C=N2)C(=NC(=N3)C4=CC=C(C=C4)N)N5CCOCC5
1002,CC(C)(C)OC(=O)N1CCC(CC1)N2C3=C(C=N2)C(=NC(=N3)C4=CC=C(C=C4)N)N5CCOCC5
1003,CN1CCN(CC1)C2=NC=C(C=C2)C3=CC4=C(NCCN4CC5=C(C=CC(=C5)Cl)C(F)(F)F)N=C3
1004,CNCC1=CC=C(C=C1)C2=C3CCNC(=O)C4=CC(=CC(=C34)N2)F
1005,CC1CN(CC(O1)C)C(C)C2=NSC(=C2)NC3=NC(=CN4C3=NC=C4C5=CNN=C5)C
1006,CC1=NSC(=C1)NC2=NC(=CN3C2=NC=C3C4=CNN=C4)SC
1007,C1=CC=C2C(=C1)N=C(S2)NC(=O)CC3=CC=CS3
1008,CC(C)OCC1=CC2=C(C=C1)N(C3=C4CC5=CC=CC=C5C4=C6C(=C23)CNC6=O)CCCO
1009,CCN(CC1=NSC(=C1)NC2=NC(=CN3C2=NC=C3C4=CNN=C4)C)C(C)(C)CO.Cl
1010,CC1=CN2C(=CN=C2C(=N1)NC3=CC(=NS3)CN4CCC(C4)(F)F)C5=CNN=C5
1011,CC1=CN2C(=CN=C2C(=N1)NC3=CC(=NS3)CN4CCC(C4)(F)F)C5=CNN=C5.Cl
1012,CCCC1=NOC(=C1)C2=CC3=C(C=C2)NN=C3
1013,C1CCN(CC1)CC2=NOC(=C2)C3=CC4=C(C=C3)NN=C4
1014,C1CN2C=C(C3=C2C(=CC=C3)CN1C(=O)N4CCOCC4)C5=C(C(=O)NC5=O)C6=CN=C7N6C=CC=C7
1015,CC(=NNC(=O)C1=C(N(N=N1)C2=NON=C2N)C3=CC=CC=C3)C4=CC=CO4
1016,CC1=C(C(=O)N(C2=NC(=NC=C12)NC3=NC=C(C=C3)N4CCNCC4)C5CCCC5)C(=O)C
1017,C1=CC(=C(C(=C1)Cl)C2=[N+](C=CC3=C(C=CN=C32)C4=C(C=C(C=C4)F)Cl)[O-])Cl
1018,CC(C)(C1=CC(=C(C(=C1)I)O)Br)C2=CC(=C(C(=C2)I)O)Br
1019,CC1=CC(=CC=C1)NC(=O)NC2=CC=C(C=C2)C3=CSC4=C3C(=NC=C4C#CCNC)N
1020,CC(C)(C)C1=NN(C(=C1)NC(=O)C(=O)C2=CC=CC3=CC=CC=C32)C4=CC(=CC=C4)OCC(=O)O
1021,CC1=CC(=O)NN=C1C2=CC=C(C=C2)NC(=O)NC3=C(C=CC(=C3)C(F)(F)F)F
1022,CC1=CC=C(C=C1)C2=CC3=NC(=CN=C3N2)Br
1023,COC1=CC=C(C=C1)NC(=O)NC2=CC=C(C=C2)C3=CSC4=C3C(=NC=C4C5=CN(N=C5)CC(CO)O)N
1024,CC1=CC=CC(=C1)C=NNC2=NC(=NC(=C2)N3CCOCC3)OCCC4=CC=CC=N4
1025,C1=CN(C=C1)CCCOC2=C3C(=C(C=C2)C4=CC=C(C=C4)NC(=O)NC5=CC(=CC=C5)Cl)C(=NN3)N
1026,C1=CC=C2C(=C1)N=NN2CC3=CN(N=N3)C4=CC5=C(C=C4)NN=C5
1027,CC1=C2C=C(C=CC2=NN1)C3=CN=CC=C3
1028,C1=CC=C(C=C1)CNC2=C(C=CC(=C2)C3=CC=NC=C3)C#N
1029,C1=C(N2C(=NN=C2N)C=N1)Cl
1030,C1=CC(=CC(=C1)F)NC(=O)NC2=CC=C(C=C2)C3=CC4=C(C=C3)C=NN4
1031,CN(C1=CC=CC=C1CNC2=NC(=NC3=C2C=CN3)N)S(=O)(=O)C
1032,CCOC(=O)C1=C(N(C2=C1C=C(C3=CC=CC=C32)O)C4=CC=C(C=C4)I)C
1033,C1=CC(=CC=C1C2=CC=C(C=C2)S(=O)(=O)CC(C3=CC=C(C=C3)O)N(C=O)O)C(F)(F)F
1034,CCOC1=CC(=C(C=C1)C=C2C(=O)N=C(S2)N)O
1035,C1=CN=CC2=C1C=C(S2)C(=O)N
1036,C1=CC(=CC=C1C2=CSC3=C2C(=NC=C3C4=CN(N=C4)CCO)N)NC(=O)NC5=CC=C(C=C5)OC(F)F
1037,CC1=CC(=O)C2=C(C(=C3NC4=CC=CC=C4N3)C(=O)C=C2O1)OC
1038,CS(=O)(=O)C1=CC=C(C=C1)C2=CN=CC3=C2C=C(S3)C(=O)N
1039,CC(=O)N1C2=C(C=C(C=C2)N)C=N1
1040,CCCCC#CC1=CC=C(C=C1)CN2CC(C2)C(=O)O
1041,CC1=CN=C(S1)NC2=NC(=NC=C2Br)NC(C)C
1042,CS(=O)(=O)C1=CC=CC(=C1)C(=O)NC2=NC3=CC=CC=C3N2CCCO
1043,CC1=C(C=CC=C1NC(=O)C2=CC=C(C=C2)C(C)(C)C)C3=CN(C(=O)C(=C3)NC4=NC=C(C=C4)C(=O)N5CCOCC5)C
1044,C1=CC2=NC(=CN2C=C1C(=O)N)C3=CC=C(O3)[N+](=O)[O-]
1045,C1=CC=C2C(=C1)C3=C(C2=NO)C=C(C=C3)NS(=O)(=O)C4=CC(=CC=C4)Br
1046,C1=CC2=NC=C(C=C2C=C1C3=CC=NC=C3)O
1047,C1=CC=C(C=C1)N2C(=C3C=CC(=CC3=N2)N)C(=O)O
1048,C1=CC2=C(C=C1C3=CC(=NO3)CO)C=NN2
1049,CC(C)(C)OC(=O)N1C=C(C2=CC=CC=C21)C3=CN=CN3C4CCCCC4
1050,C1CC1C2=C(N=NN2CC3=CC=CC=C3)C4=CC5=C(C=C4)NN=C5
1051,COC1=CC=CC=C1C2=NC(=NC=C2)NC3=CC(=CC=C3)S(=O)(=O)C
1052,CC(CCC(=O)O)(C1=CC(=C(C=C1)O)N)C2=CC(=C(C=C2)O)N
1053,CC(C)(C1=NC(=CC=C1)N2C3=NC(=NC=C3C(=O)N2CC=C)NC4=CC=C(C=C4)N5CCN(CC5)C)O
1054,C1=CC2=C(C(=C1)Br)C(=O)N3C4=C(C=C(C=C4)[N+](=O)[O-])C(=O)C3=N2
1055,C1CN(CC2=C1NC3=C(C=C(C=C23)Cl)Cl)C(=O)NC4=CC=C(C=C4)[N+](=O)[O-]
1056,C1COCC1N2C=C(C3=C2N=CN=C3N)C4=CC=C(C=C4)OC5=CC=C(C=C5)CO
1057,C1OC2=C(O1)C=C(C=C2)C3=C4N=CC(=C(N4N=C3)N)C5=CC=C(C=C5)NC(=O)NC6=CC=CC(=C6)C(F)(F)F
1058,CC(C1=CC=CC=C1F)NC2=NC(=CN=C2)N3C=NC4=C3C=C(C=C4)C#N
1059,CC(C)(C)C1=NN(C(=C1)NC(=O)C(=O)C2=CC=CC3=CC=CC=C32)C4=CC=C(C=C4)OCC(=O)N
1060,C1=CC2=C(C=NN2)C(=C1)NC(=O)NCC3=CC=C(C=C3)Cl
1061,C=CCC1=CC=CC2=C1OC(=CC2=NO)C3=CC=CC=C3
1062,CC1=CC(=CC=C1)NC(=O)NC2=CC=C(C=C2)C3=CSC4=C3C(=NC=C4C#CCCCCCCCCN)N
1063,CN1C=C(C2=CC=CC=C21)C3=CC4=NC(=CN=C4N3)Br
1064,C1=CC(=CC=C1C2=CN=CC3=C2C=C(S3)C(=O)N)Br
1065,C1C(C(C(=O)C(=C1C2=CC=CC=C2)C#N)C(=O)C3=CC=CC=C3)C4=CC=C(C=C4)Cl
1066,CN1C=C(C2=C1C=CC(=C2)C#N)C3=CC4=NC(=CN=C4N3)Br
1067,CC1=C(SC(=N1)C2=CC=NC=C2)C(=O)NC(C)C3=CC(=CC=C3)OC
1068,CC1=C(C=CC=C1O)NC(=O)C2=C3N=CC=C(N3N=C2)C4=CC=CC=C4
1069,CN1CCN(CC1)C2=CC=C(C=C2)NC3=NC=C(C(=N3)NC4=CC5=C(C=C4)NN=C5)Cl
1070,CN(C)C1=CC=C(C=C1)C2=CC(=NC(=N2)NS(=O)(=O)C3=CC=C(C=C3)N)C4=CC=C(C=C4)[N+](=O)[O-]
1071,C1=CC=C(C=C1)C2=NC(=NC=N2)NC3=CC(=C(C=C3)O)CN
1072,C1=CNC(=C1)C=C2C3=C(C=C(C=C3)C4=CC=C(C=C4)O)NC2=O
1073,C1=CC=C(C=C1)CC(COC2=CN=CC(=C2)C3=CC4=C(C=C3)NC(=O)C4=CC5=CC=CN5)N
1074,CC(C)CC1=C2C=CNC2=NC(=N1)NC3=CC(=C(C=C3)N4CCOCC4)Cl
1075,C1=CC(=NC(=C1)NC(=O)NC2=C3C=CC(=CC3=NC=C2)OC(F)F)C(F)(F)F
1076,CCOC(=O)CC1=NC2=C(N1)C=CC=C2N
1077,CN(CC1=CC(=C(C2=C1C=CC=N2)O)Cl)C3CCCCC3
1078,CC(C)OC1=C(C(=CC(=N1)C(=O)NCC2=C(C=CC(=C2)OC)OC)N)C#N
1079,CCCCNC(=O)C1=CN(C(=O)C2=CC(=C(C=C21)OC)OC)C(CC)CC
1080,COC1=CC(=C(C=C1)OC)NC2=NN3C(=NN=C3C4=CC=CC=C4)C=C2
1081,CC(=C(C)C1=CC=CC2=C1NC(=C2CCCOC3=C(C(=CC=C3)Cl)Cl)C(=O)O)C
1082,COC1=CC(=C(C=C1)C(=O)NC2=NC3=C(S2)C=C(C=C3)Cl)OC
1083,CCCCN(CCC#N)C(=O)C1=CC2=NC(=C3C4=CC=CC=C4NN3)N=C2C=C1
1084,C1=CC(=CC(=C1)NC(=O)NC2=CC(=CC=C2)F)C3=CC4=C(C=C3)C=NN4
1085,C1=CC=C(C=C1)NC(=O)NNC=C2C=C(C(=O)C(=C2)Br)Br
1086,CC1=CC(=C(C=C1)F)NC(=O)NC2=CC=C(C=C2)C3=COC4=C3C(=NC=C4C#CCN5CCOCC5)N
1087,CCNC1=NC(=C(S1)C2=NC(=NC=C2)NC3=CC=C(C=C3)N4CCN(CC4)C(=O)C)C
1088,C1CN(CC2=C(C=CC=C21)C(=O)NC3=NC4=CC=CC=C4S3)C5=NC(=C(S5)C6=CC=C(C=C6)CO)C(=O)O
1089,CCN(CC)CCOC1=CC=C(C=C1)C2=NC3=C(C=CC=C3N2)C(=O)N
1090,CN(C)C1=CC=C(C=C1)NC2=NNC(=C2)C3=CSC(=C3)Br
1091,C1=CC=C(C=C1)C2=C(C(=O)N(N2)C3=CC=CC=C3)NNC4=CC=CC5=C4C(=O)N=NC5=O
1092,CC1=CC(=C(C=C1)C)NC(=O)C2=CC(=NC3=CC=CC=C32)C4=CC=CO4
1093,C1=CC2=CN=C(C=C2C=C1Br)NC3=NC=NC=C3
1094,CCCNC(=O)C1=CC=C(C=C1)NC2=NC(=C3C=CNC3=N2)CCC(F)(F)F
1095,CC(C)COC1=NC=CN2C1=NC(=C2C3=NC(=NC=C3)NCC(C)(C)CO)C4=CC=C(C=C4)F
1096,COCC#CC1=C2CC3=C(NN=C3C2=CC=C1)C4=CC=CS4
1097,CC1=CC(=NC=C1)NC2=NC(=NC(=C2)C)C3=CC=CC=C3
1098,C1CC(C2=C(C1)N=C(C=C2)C3C4=C(C=CC(=C4)C#N)NC3=O)O
1099,C1=CC=C(C=C1)C(CCO)NC(=O)C2=CC=C(C=C2)C3=CC=NC=C3
1100,C1=CC(=CC(=C1)Cl)NC(=O)NC2=NC(=CS2)CCNC3=NC=NC4=C3SC=C4
1101,C1C(CN1CC2=C(C=C(C=C2)OCC3=CC(=CC=C3)C(F)(F)F)Cl)C(=O)O
1102,C1=CC2=C(C=C1Cl)N=NC3=NN=NN23
1103,C1=CC=C2C(=C1)C(=CN2)C=C3C4=CC=CC=C4NC3=O
1104,CC1=CC=C(C=C1)NCC2=CN=C(C=C2)C3=CC=C(C=C3)F
1105,CCCC1=CC2=C(C=CN=C2C=C1)NC(=O)NC3=CC=CC(=N3)C(F)(F)F
1106,C1CN(CC=C1C2=CNC3=C2C=CC=N3)C(=O)NCCC4=CC=CS4
1107,CC1=NC=CN2C1=NC(=C2C3=NC(=NC=C3)NCC(C)(C)CO)C4=CC=C(C=C4)F
1108,C1CNCC=C1C2=CNC3=C2C=C(C=C3)C4=CC=C(C=C4)OC(F)(F)F
1109,C1C(CN1CC2=C(C=C(C=C2)OCC3=CC=CC=C3)Cl)C(=O)O
1110,CCC(=O)NC1=CC(=C(C=C1)C(=O)N2CCNCC2)O
1111,CC1=CC(=O)N2C=CC(=C(C2=N1)O)CN(C)C
1112,CC(C)NC1=C(C(=O)NN1)C=C2C=C3C=CC=CC3=N2
1113,C1=CC2=C(C=C1C#N)N(C(=N2)N)C3=NC=CS3
1114,CS(=O)(=O)NC1=CC=C(C=C1)NC2=CC3=C(C=C2)NN=C3N
1115,CN1CCN(CC1)C2=CC=C(C=C2)NC3=NC(=C(S3)C(=O)C4=C(C=CC=C4Cl)Cl)N
1116,CN1C2=CC=CC=C2C=C1C(=O)NC3=C(C=C(C=C3)C4=CSC5=C4C(=NC=C5C=CC(=O)NCCN(C)C)N)OC
1117,CC1=C2C(=O)C3=C(C=C(C=C3)C(C)C)NC2=NC=C1
1118,C1=CC=C(C=C1)C2=CC3=CC(=NC=C3C=C2)NCCO
1119,COC1=CC(=C(C=C1NC2=NN3C(=NN=C3C4=CC=CC=C4)C=C2)Cl)OC
1120,CC1=C(C=CC(=C1)OCC2=CC(=C(C=C2)Cl)Cl)CN3CC(C3)C(=O)O
1121,CN1C2=C(C=C(C=C2)N)C(C3=C1C=CC(=C3)N)C4=CC=CC=C4
1122,CCN1C2=C(C=CC(=C2)N)C3=C(C1(C4=CC=CC=C4)O)C=C(C=C3)N
1123,C1C=CC2C1C(NC3=C2C4=CC=CC=C4C=C3)C5=CC(=CC=C5)NC(=O)C6=CC=C(C=C6)F
1124,C1=CC(=NC(=O)NC2=CNC=CN2)C3=CC=CC(=O)C3=C1
1125,C1=CC(=CN=C1)C2=CC=C(C=C2)CC(=O)NC3=CC=C(C=C3)SC(F)F
1126,C1=CC=C(C=C1)C2=C(C=NN2)C3=CC=NC=C3
1127,CN1C=C(C2=C1C=CC(=C2)F)C3=CC4=NC(=CN=C4N3)Br
1128,CC(C)C(C)NC1=NC=C(C(=N1)NC2=NC=CS2)Cl
1129,C#CC1=CN(C2=C1C(=NC=N2)N)C3CCCC3
1130,C1=CC=C2C(=C1)N=C(O2)NC3=CC=C(C=C3)C4=CN=C(C5=C4C=C(S5)C(=O)N)N
1131,C1=CC=C2C(=C1)C(=CNNC(=O)CCC(=O)NC3=C(C=CC(=C3)C(F)(F)F)Cl)C=N2
1132,C1=CC=C2C(=C1)C(=CN2)CC(COC3=CN=CC(=C3)C4=CC(=C(C=C4)N)C(=O)C5=CC=CC=C5F)N
1133,CCC1=C(NC2=NC=CN=C12)C3=CC=C(C=C3)C(=O)C
1134,CC(C1=CC(=CC=C1)OC)NC(=O)C2=CC=C(S2)C3=CC=NC=C3
1135,CC(C)NC1=NNC2=C1C=C(C=C2)N
1136,C1=CC(=CC(=C1)OCCN)NC2=NC(=NC=C2)N
1137,C1=CC=NC(=C1)N2C(=CC(=O)N2)N
1138,CCNC1=NC2=CC(=C(C=C2N=C1NCC)Cl)OC
1139,C1=CC=C2C(=C1)C(=CC3=CC=CN3)C(=O)N2
1140,C1CCC2=C(C1)N=C(S2)N3C4=C(C=CC(=C4)C#N)N=C3N
1141,C1CNC2(CCN(CC2)C(=O)CC3=CC=C(C=C3)OC(F)(F)F)C4=C1C5=CC=CC=C5N4
1142,COC1=C(C(=CC=C1)OC)CNC2=NC(=NC3=C2C=C(C=C3)Cl)NC4CCCCC4
1143,CN(C)CCCNC(=O)C1=CC2=C(C=C1)NC3=C(C=CC(=C3)C4=CC(=C(C=C4)O)OC)C(=O)N2
1144,C1CCC(CC1)NC2=C(C=C(C=C2)S(=O)(=O)NC(=O)C3=CC=C(C=C3)C4=CC=C(C=C4)F)N
1145,CCCNC(=O)C1=CC=C(C=C1)NC2=NC(=C3C=CNC3=N2)CC
1146,CC1=CC=C(S1)C2=C(C(=O)NC(=C2)C3=C(C=CC(=C3)Br)O)C#N
1147,COC1=CC=CC=C1CN=C(N)NC2=NC=CC(=N2)C3=CC=CS3
1148,COC1=C2C=CC=C3C2=C(C=C1)C(=NN3)C4=CC(=C(C=C4)OC)OC
1149,CCOC(=O)C1=C(N2C3=CC(=C(C=C3NC(=O)C2=N1)[N+](=O)[O-])NC(=O)C)C
1150,CC1=CC(=O)NN=C1C2=CC(=C(C=C2)NC(=O)NC3=C(C=CC(=C3)C(F)(F)F)F)Cl
1151,CN(C)C1=CC=C(C2=CC=CC=C21)N
1152,C1=CC2=CN=C(C=C2C=C1C3=CC=NC=C3)NCCO
1153,CC(C)(C1=NN=C2N1N=C(C=C2)C3=C(N=C4N3CCC4)C5=C(C=C(C=C5)F)F)O
1154,CC(C)(C)C1=NN(C(=C1)NC(=O)C(=O)C2=CC=CC3=CC=CC=C32)C4=CC(=CC=C4)OCC(=O)NCCO
1155,CC1=C(C2=NC3=CC=CC=C3N2C(=O)C1=CC4=C(NN(C4=O)C5=CC=CC=C5)C)C#N
1156,CC1=C(SC(=N1)NC)C2=NC(=NC=C2)NC3=CC=C(C=C3)N4CCNCC4
1157,CCNNC1=CC(=C(C2=NC3=CC=CC=C3N12)C#N)C
1158,C1=CC2=C(C=CC(=C2)CN3C4=NC(=CN=C4N=N3)C5=CN(N=C5)CCO)N=C1
1159,C1=CC(=CC=C1C2=NC3=C(N2)C=C(C=C3)O)SC4=CC=C(C=C4)C5=NC6=C(N5)C=C(C=C6)O
1160,CC(C)(C)C1=CC=C(C=C1)C(=O)NC2=CC=CC(=C2CO)C3=CN(C(=O)C(=C3)NC4=NC=C(C=C4)C(=O)N5CCOCC5)C
1161,CC(C)(C1=CN(N=N1)C2=CC3=C(C=C2)NN=C3)O
1162,C1=CC=C(C=C1)C2=CN3C(=C(C=NC3=O)I)N2
1163,CC(=O)NC1=NC(=C(C(=C1)N)C#N)C2=CC3=CC=CC=C3C=C2
1164,CC1=C2C(=O)C(=CN=C2SN1)C(=O)O
1165,C1CC1NC2=NC(=NC3=C2SC=C3)NC4=CC(=C(C=C4)N5CCOCC5)Cl
1166,CC1=C(C(=CC=C1)Cl)C2=CC=CC3=C2NC(=C3CCCOC4=CC=CC5=CC=CC=C54)C(=O)NCCOCCOCCN
1167,C1=CC=C(C=C1)C2=CC=CC=C2NC(=O)NC3=NC4=C(C=CC=C4S3)O
1168,CC(=O)NC1=CC=C(C=C1)N2N=C3C=CC(=NC3=N2)N
1169,CC(C1=CC(=CC=C1)OC)NC(=O)C2=CN=C(N=C2)C3=CC=NC=C3
1170,CC(C)(C)C1=NN(C(=C1)NC(=O)C(=O)C2=CC=CC3=CC=CC=C32)C4=CC=C(C=C4)OCCC(=O)O
1171,COC1=CC(=C(C=C1)CNC2=C(C(=O)C2=O)NC3=CC=NC=C3)OC
1172,COCOC1=C(C(=CC=C1)OCOC)C2=C(C=C(C=C2)NS(=O)(=O)C)C(=O)OC
1173,C1=CC2=C(C(=O)NN2C=C1)Br
1174,COC(=O)C1=CC2=C(S1)C=NC=C2C3=CC(=CC=C3)F
1175,CCC1=C2C=CNC2=NC(=N1)NC3=CC(=C(C=C3)N4CCOCC4)Cl
1176,COC1=CC=CC(=C1)CNC(=O)C2=CN=C(N=C2)C3=CC=NC=C3
1177,COC(=O)C1=CC=CC=C1C2=CC3=C(C=C2)C(=O)NC4=CC=CC=C4N3
1178,C1OC2=C(O1)C=C(C=C2)C3=C4C=CNC4=NC=N3
1179,CC1=C2C(=O)C(=CNC2=NC(=C1Br)N3CCC(C3)NC)C(=O)O
1180,CC1=CC(=NN1)NC2=NC(=CC(=N2)Cl)NCC3=CC=CC=C3
1181,CN1C=C(C2=C1C=CC(=C2)OC)C3=CC4=NC(=CN=C4N3)Br
1182,CC(C)(C)OC(=O)N1C2=C(C=C(C=C2)NC3=C(C(=O)C3=O)NCC4=C(C=C(C=C4)Cl)Cl)C=N1
1183,CC(C)(C)C1=NN(C(=C1)NC(=O)C(=O)C2=CC=CC3=CC=CC=C32)C4=CC=C(C=C4)OCC(=O)O
1184,CC(C)(CNC1=NC=CC(=N1)C2=C(N=C3N2C=CN=C3OC)C4=CC=C(C=C4)F)CO
1185,COC1=CC=CC(=C1)CNC(=O)C2=CC=C(C=C2)C3=CC=NC=C3
1186,C1CCN(CC1)C(=O)C2=NOC(=C2)C3=CC4=C(C=C3)NN=C4
1187,CN(C)S(=O)(=O)C1=CC=CC=C1C2=CC3=C(C=C2)C(=O)NC4=CC=CC=C4N3
1188,CCC1=C2N=C(C=C(N2N=C1)NCC3=C[N+](=CC=C3)[O-])N4CCCCC4CCO
1189,CCCNC(=O)C1=CC=C(C=C1)NC2=NC3=C(C=CN3)C(=N2)NCC(F)(F)F
1190,C1=CC(=CC(=C1)NC(=O)NC2=CC=C(C=C2)C3=NNC(=O)C=C3)C(F)(F)F
1191,CC1=CC(=C(C=C1)F)NC(=O)NC2=CC=C(C=C2)C3=C4C(=C(C=C3)OCCCN5C=CC=C5)NN=C4N
1192,CCCCNC1=NC(=C(S1)C(=O)C2=CC=CC=C2)N
1193,CCCNC(=O)C1=CC=C(C=C1)NC2=NC3=C(C(=N2)NCC(F)(F)F)SC=C3
1194,COC1=C(C=C(C(=C1)CN2CCCCC2)Cl)NC(=O)NC3=NC=C(N=C3)C#N
1195,COC1=C(C=C2C(=C1)C(=NC=N2)NC3=CC=C(C=C3)NC(=O)C4=CC=CC=C4)OCCCN5CCOCC5
1196,CCCON1C2=C(C=C(C=C2)Cl)C(=O)C3=C1N(N=C3C)C
1197,CC(C)(C)C1=NC2=C(N1)C3=C(C=C(C=C3)F)C4=C2C=CNC4=O
1198,C1=CC=C(C=C1)C2=CC3=C(C4=C(N3)C=CC(=C4)O)C5=C2C(=O)NC5=O
1199,CC(C)(C#N)OC1=CC=CC(=C1Cl)C(=O)NC2=C(C=CC(=C2)N(C)C3=NC4=C(C=C3)N=C(S4)NC(=O)C5CC5)F
1200,CN1CCC(CC1)NC(=O)C2=CN=C(N=C2NC3CCCC3)NCC4=CC=CC=C4OC
1201,CN1CCC(CC1)NC(=O)C2=CN=C(N=C2NC3CCCC3)NCC4=C(C=CC(=C4)Cl)Cl
1202,CN1CCC(CC1)NC(=O)C2=CN=C(N=C2NC3CCC(CC3)N(C)C)NC4=CC(=CC(=C4)Cl)Cl
1203,CN1CCC(CC1)NC(=O)C2=CN=C(N=C2NC3COCC3O)NC4=CC(=CC(=C4)Cl)Cl
1204,CC1=NOC(=C1)C2=CN=C(N=C2NC3CCC(CC3)N(C)C)NC4=CC(=CC(=C4)Cl)Cl
1205,C1=CC(=CC=C1NC(=O)NC2=CC(=C(C=C2)Cl)C(F)(F)F)OC3=NC=NC4=C3C=NN4
1206,C1=CC=C(C(=C1)C(=O)N)NC2=NC(=NC=C2)NC3=CC(=CC=C3)O
1207,C1=CC=C(C(=C1)C(=O)O)NC2=NC(=NC=C2)NC3=CC=C(C=C3)[N+](=O)[O-]
1208,C1CNC2=C(C(=NC=N2)N)N=C1C3=CC=CC=C3
1209,CN(C)CC1CCN2C=C(C3=CC=CC=C32)C4=C(C5=CN(CCO1)C6=CC=CC=C65)C(=O)NC4=O
1210,C1CNC(=O)C2=C(C1=C3C(=O)N=C(N3)N)C=C(N2)Br
1211,C1CCN(CC1)C(=O)N2CCN3C=C(C4=CC(=CC(=C43)C2)F)C5=C(C(=O)NC5=O)C6=CN=C7N6C=CC=C7
1212,C1=CC=C(C(=C1)C2=CC3=C(C4=C(N3)C=CC(=C4)O)C5=C2C(=O)NC5=O)Cl
1213,C1=CC=C2C(=C1)C(=CN2)CC(COC3=CN=CC(=C3)C4=CC5=C(C=C4)C=NC=C5)N
1214,CC(C)(C)N1C2=C(C(=N1)C3=CC=C(C=C3)Cl)C(=NC=N2)N
1215,CCN(CCCOC1=CC2=C(C=C1)C(=NC=N2)NC3=NNC(=C3)CC(=O)NC4=CC(=CC=C4)F)CCOP(=O)(O)O
1216,CS(=O)(=O)C1=CC=CC(=C1)NC2=NC=CC(=N2)NC3=C(C=CC4=C3OCO4)Cl
1217,C1CC1NC2=NN3C(=NN=C3C4=CC=C(C=C4)C(F)(F)F)C=C2
1218,COC1=CC2=C(C=C1)C3=C4C(=C5C6=CC=CC=C6N(C5=C3CC2)CCO)CNC4=O
1219,CC(C)OC1=CC2=C(C=C1)C3=C4C(=C5C6=CC=CC=C6N(C5=C3CC2)CCO)CNC4=O
1220,C1=CC(=CC(=C1)C(F)(F)F)C(=O)NC2=CC(=C(C=C2)Cl)C(=O)NC3=CC(=C(N=C3)N)Cl
1221,CC1=C(C=CC2=C1C=CN2)NC3=C4C=C(SC4=NC=C3C#N)C=CC(=O)N5CCCC5
1222,CCN1C2=CC(=C(C=C2C(=O)C3=C1NOC3=O)O)Cl
1223,C1=CC(=C(C=C1Cl)C(=O)NC2=CC(=CC(=C2)C(F)(F)F)C(F)(F)F)O
1224,C1=CC=C2C(=C1)NC(=C(C3=NC4=CC=CC=C4N3)N=O)N2
1225,COC1=C(C=CC(=C1)C2=CC3=C(C=C2)C(=O)NC4=C(N3)C(=CC=C4)O)O
1226,CC1=CC=C(O1)C2=CC3=C(C=C2)OC=C3C4=CC=C(C=C4)S(=O)C
1227,CCS(=O)C1=CC=C(C=C1)C2=COC3=C2C=C(C=C3)C4=CC=C(O4)C
1228,CC12C(C(CC(O1)N3C4=CC=CC=C4C5=C6C(=C7C8=CC=CC=C8N2C7=C53)C(NC6=O)O)NC)OC
1229,CCN(CC)CCNC1=CC=C(C2=CC=CC=C21)O
1230,C1=CC=C(C=C1)NC2=NC(=NC=C2)NC3=CC=CC=C3
1231,CC1=C(C=CC2=C1C=CN2)NC3=C(C=NC=C3C#N)C=CCCN4CCCC(C4)N
1232,CN(C)CC1=CC=C(C=C1)C2=C3N=CC=C(N3N=C2)C4=CC(=CC=C4)NC(=O)C5=CC(=CC=C5)C(F)(F)F
1233,C1=CC(=CC(=C1)NC(=O)C2=CC(=CC=C2)C(F)(F)F)C3=C4C=C(SC4=NC=N3)C5=CC=NC=C5
1234,CC(CNC1=NC=CC(=C1)C2=C(C3=C(N2)C=CC=N3)C4=CC=C(C=C4)F)O
1235,CC(C)(CC(=O)NCCN1C=CC2=C1C(=NC=N2)NC3=CC(=C(C=C3)OC4=CC=CC(=C4)C(F)(F)F)Cl)O
1236,CC1=C(C=C(C=C1)C(=O)NCCO)N2C=NC(=C(C2=O)Cl)OCC3=C(C=C(C=C3)F)F
1237,CC1=C(C=C(C=C1)C(=O)NC2CC2)NC3=NC=NN4C3=C(C(=C4)C(=O)C5=CC=CC=C5)C
1238,CC1CN(CCN1)C2=NC3=C(C=C2)N=C(C4=CN=CN43)NC5=C(C=CC=C5Cl)C
1239,CCN1C2=C(C=NC=C2C(=O)N3CCC(C3)N)N=C1C4=NON=C4N
1240,COC1=CC=C(C=C1)C2=C(N=CO2)C(=O)NCC3=CC=NC=C3
1241,CC(C)(C(=O)NCCN1C=CC2=C1C(=NC=N2)NC3=CC(=C(C=C3)OC4=C5C=NSC5=CC=C4)Cl)N
1242,CC1=C(C=C(C(=C1)OC)C(=O)N2CCN(CC2)C(=O)C)SC3=CN=C(S3)NC(=O)C4=CC=C(C=C4)CNC(C)C(C)(C)C
1243,CC1=CC=C(C=C1)S(=O)(=O)O.CC(C)(C(=O)NCCN1C=CC2=C1C(=NC=N2)NC3=CC(=C(C=C3)OC4=CC(=CC=C4)Cl)Cl)S(=O)(=O)C
1244,C1CC(NC1)C(=O)NC2=CC=C(C=C2)C3=NC(=NC=C3)NC4=CC=C(C=C4)N5CCOCC5
1245,CC1=C(C=C(C=C1)C(=O)NOC)NC2=NC(=NC(=N2)N3CCCN(CC3)C)N(C)CC(C)(C)C
1246,CC1=C(SC(=N1)NC)C2=NC(=NC=C2C#N)NC3=CC=CC(=C3)N4CCCNCC4
1247,C1CNC2=C(C=C1C(=O)NCCO)C(=NC=N2)NC3=CC(=C(C=C3)OC4=C5C=CSC5=CC=C4)Cl
1248,CN1CCN(CC1)CC2=CN=C(C=C2)C3=CC4=NC=C(C(=C4S3)NC5=CC(=C(C=C5Cl)Cl)OC)C#N
1249,C1C(=CC2=CC=CC=C2F)C(=O)C(=CC3=CC=CC=C3F)CN1
1250,CC1=C(C=C(C=C1)C(=O)NC2=NOC=C2)NC3=C(C(=NC=N3)NC4CCCC4)C#N
1251,C1CN(C1)CC2CC(C2)C3=NC(=C4N3C=CN=C4N)C5=CC6=C(C=C5)C=CC(=N6)C7=CC=CC=C7
1252,C1=CC(=C(C=C1NC2=C(C=NC3=C(C=C(C=C32)NCC4=CN=CN4)Cl)C#N)Cl)F
1253,C1=CC=C(C=C1)C2=C3C=CNC3=NC=C2
1254,C1CNCCC1OC2=C(C=C3C=CN=CC3=C2)C4=CC=C(C=C4)CN
1255,C1CNCCC1OC2=C(C=C3C=CN=CC3=C2)C4=CC=CC=C4
1256,CCN1CCN(CC1)CCC=CC2=CC3=NC=C(C(=C3C=C2)NC4=CC(=C(C=C4)SC5=NC=CN5C)Cl)C#N
1257,C1=CC(=C(C=C1CNC=C2C3=C(C=CC(=C3)I)C(=O)NC2=O)O)C4=COC=C4
1258,C1CCC(C1)NC2=NC=CC(=N2)C3=C(NN=C3)C4CCC(CC4)O
1259,COC1=CC=C(C=C1)N2C=NC3=C2C=C(C=C3)C4=NN=C(O4)SCC5=CC=CC(=C5)C#N
1260,C1CNCCC1OC2=C(C=C3C=CN=CC3=C2)C4=CC=C(C=C4)S(=O)(=O)N
1261,CCCC1=CC(=NC2=C1C(=C(S2)C(=O)N)N)N3CCNCC3
1262,C1C(=CC2=CC=CC=N2)C(=O)C(=CC3=CC=CC=N3)CN1
1263,CCCC1=CC(=NC2=C1C(=C(S2)C(=O)N)N)N3CCC(CC3)O
1264,CCCC1=CC(=NC2=C1C(=C(S2)C(=O)N)N)N3CCCC(C3)O
1265,CCCC1=CC(=NC2=C1C(=C(S2)C(=O)N)N)N3CCC(CC3)N
1266,C1=CC(=CN=C1)C(=O)NC2=C3C(=CC(=C2)Cl)C4=C(N3)C=NC=C4
1267,C1=C(C=C2C(=C1[N+](=O)[O-])SC(=[N+]2[O-])C(=O)N)SC(F)(F)F
1268,CN1C=C(C2=C1C=CC(=C2)OC)C3=CC4=NC=CN=C4N3
1269,CN1C=CC2=C1C(=NC=N2)OC3=CC(=C(C=C3)NC(=O)NC4=CC=CC(=C4)C(F)(F)F)F
1270,COC1=CC=C(C=C1)CNC2=C3C4=CC=CC=C4OC3=NC=C2
1271,CC1CC=CC(=O)CC(CCCC2=CC(=CC(=C2C(=O)O1)O)OC)O
1272,CC1=C(C=C(C=C1)NC(=O)NC2=CC(=C(C=C2)Cl)C(F)(F)F)C(=O)NC3=C(N(N=C3)CC4=CC=C(C=C4)OC)N
1273,CC1CCC(CN1C2=NC(=NC(=C2)C3=CC4=C(C=C3)C(=NN4)N)NC)C(=O)NC5CCCCC5
1274,CC1(C2=C(C=CC(=C2)C3CCN(CC3)C4COC4)C(=O)C5=C1NC6=C5C=CC(=C6)C#N)C
1275,CC1=C(C=C(C=C1)C(=O)NC2=CC(=C(C=C2)CN3CCN(CC3)CCO)C(F)(F)F)C#CC4=CN=C(N4C)C(=O)NC
1276,CN1C=C(C=N1)C2=CN=C3C=CC4=C(C=C(C=C4)NS(=O)(=O)N(C)CC5COCCO5)C(=O)C3=C2
1277,CCC1=C(C=C2C(=C1)C(=O)C3=C(C2(C)C)NC4=C3C=CC(=C4)C#N)N5CCN(CC5)C6COC6
1278,CN1CCC(CC1)COC2=CC3=C(C=C2)C(=NC=N3)NC4=CC=C(C=C4)NC(=O)NC5=CC(=CC=C5)F
1279,C1=CC2=C(C(=C1)Cl)NC=NC2=O
1280,CC(C)(C)C1=NN(C(=C1)NC(=O)NC2=CC=CC3=CC=CC=C32)C4=CC=CC(=C4)C(=O)N(C)CCCN(C)C
1281,CC1CCN(CC1C2=NC=C3N2C4=C(NC=C4)N=C3)C(=O)CC#N
1282,C1=CC(=NC=C1C2=NN3C=CN=C3C=C2)F
1283,C1=CN=C2C(=CC(=CC2=C1NC(=O)NC3=NC=CN=C3)F)F
1284,C1=CC(=NC(=C1)NC(=O)NC2=C3C=C(C=CC3=NC=C2)Cl)C(F)(F)F
1285,CCN1CCN(CC1)C2=CC=C(C=C2)NC3=NC=C(C(=N3)NC4=CC5=C(C=C4)NN=C5)Cl
1286,C1=CC(=NC(=C1)NC(=O)NC2=C3C=CC(=CC3=NC=C2)C(F)(F)F)C#N
1287,CCN(CC)CCNC(=O)C1=CC(=CC=C1)N2C(=CC(=N2)C(C)(C)C)NC(=O)NC3=CC=CC4=CC=CC=C43
1288,C1=CC(=C2C(=C1)NN=C2N)C3=CC=C(C=C3)F
1289,CCCOC1=CC=CC(=C1)C(C)NC(=O)C2=CC=C(C=C2)C3=C(C=NC=C3)F
1290,CCN1CCN(CC1)C2=CC=C(C=C2)NC3=NC=C(C(=N3)NC4=CC5=C(C=C4)NN=C5)C#N
1291,C1=CC=C(C=C1)C2=CSC3=NC=NC(=C23)N
1292,C1=C2C(=NC=C1Br)NC(=O)N2
1293,COC1=CC=C(C=C1)N2C=CC3=CN=C(N=C32)NC4=CC(=C(C(=C4)OC)OC)OC
1294,CC(C)(C)C1=NN(C(=C1)NC(=O)NC2=CC=CC3=CC=CC=C32)C4=CC=CC(=C4)C(=O)NCCOCCO
1295,CC(C)(C)C1=NN(C(=C1)NC(=O)NC2=CC=CC3=CC=CC=C32)C4=CC=CC(=C4)C(=O)N(C)CCN
1296,C1=CC=C2C(=C1)NC3=C(C(=NC=N3)N)C(=O)N2
1297,C1=CC(=NC(=C1)NC(=O)NC2=C3C=CC(=CC3=NC=C2)Cl)C(F)(F)F
1298,C1=CC(=NC(=C1)NC(=O)NC2=C3C=C(C(=CC3=NC=C2)F)F)C(F)(F)F
1299,CCOC1=CC=CC=C1C2=CC(=CC=C2)C3=C4C(=CC(=O)N=C4NN3)C
1300,CC(=O)OCCN1C2=NC(=O)C=C(C2=C(N1)C3=CC(=CC=C3)Br)C(F)(F)F
1301,CC1=NC2=CC(=NN2C(=C1)C(=O)N)C(C)(C)C
1302,CCC1=CC2=NC=CC(=C2C=C1)NC(=O)NC3=CC=CC(=N3)C(F)(F)F
1303,CC1=CC(=CC=C1)NC(=O)NC2=C(C=C(C=C2)C3=CSC4=C3C(=NC=C4C5=CN(N=C5)CCO)N)F
1304,CC1=CC(=O)N=C2C1=C(NN2)C3=CC=CC(=C3)C4=CC=C(C=C4)Cl
1305,CCC1CC(CC1C2=NC=C3N2C4=C(NC=C4)N=C3)NS(=O)(=O)C5CC5
1306,CC1=CC2=C(C=C1)N(CCC2)C3=NC(=NC=N3)NC4=CC(=C(C(=C4)OC)OC)OC
1307,CC(C)(C)C1=NN(C(=C1)NC(=O)NC2=CC=CC3=CC=CC=C32)C4=CC=CC(=C4)C(=O)NCCCCO
1308,CC(C)(C)NC1=NC=NC2=C1C(=CN2)C3=CC=CC=C3
1309,C1CN(CCN1)C2=NC3=CC=CC=C3C(=N2)C4=C(C(=O)NC4=O)C5=CNC6=CC=CC=C65
1310,CC1=C(C=CC(=C1)C2=C3C=CNC3=NC=N2)F
1311,CC1=CC(=O)N=C2C1=C(NN2)C3=CC=CC(=C3)C4=CC=C(C=C4)C#N
1312,C1=CC(=NC(=C1)NC(=O)NC2=CC=NC3=C(C=CC(=C23)F)F)C(F)(F)F
1313,C1CCC(C1)C(CC#N)N2C=C(C=N2)C3=C4C=CNC4=NC=N3
1314,C1C2COCC2CN1C3=CC4=C(C=CN=C4C=C3)NC(=O)NC5=NC=CN=C5
1315,CCN(CCN)C(=O)C1=CC(=CC=C1)N2C(=CC(=N2)C(C)(C)C)NC(=O)NC3=CC=CC4=CC=CC=C43
1316,CCN(C1=CC=C(C=C1)NC2=NC3=C(C(=N2)NC4CC4)NC=N3)C(=O)C
1317,CC#CC1=CC2=C(C=CN=C2C=C1)NC(=O)NC3=CC=CC(=N3)C(F)(F)F
1318,CC(C)OC1=NNC(=C1)NC2=NC(=NC=C2Cl)NC(C)C3=NC=C(C=C3)F
1319,CC(C)CN1C2=C(C=C(C=C2)NC3=NC=CC=N3)C4=C5CNC(=O)C5=C6C(=C41)CCC7=NN(C=C76)C
1320,COC1=C(C=C2C(=C1)C(=NC=N2)NC3=NC=C(S3)CC(=O)NC4=CC(=CC=C4)F)OCCCN5CCC(CC5)CO
1321,CC(C)(C1=CC(=NO1)NC(=O)NC2=CC(=CC=C2)OC3=NC=NC4=CC(=C(C=C43)OC)OC)C(F)(F)F
1322,CC1=C(C(=O)N(N1C)C2=CC=CC=C2)C(=O)NC3=CC(=C(C=C3)OC4=C5C=C(C(=CC5=NC=C4)OC)OC)F
1323,C=CC(=O)NCC1=COC(=N1)C2=C(N=CN=C2NC3=CC(=C(C=C3)OCC4=CC=CC=N4)Cl)N
1324,CC(C=CC(F)(F)F)OC1=C(C=CC(=C1)C2=C(N=CC(=C2)C3=CC(=CS3)CN(C)C)N)C(=O)N
1325,CC1=CC=C(C=C1)NC(=O)NC2=NN=C(S2)SC3=NC=NC4=C3C=CC(=C4)OCCCN5CCOCC5
1326,CN1C=C(C=N1)NC2=NC=C(C(=N2)NC3C4CC(C3C(=O)N)C=C4)Br
1327,CN1CCN(CC1)C2=CC=C(C=C2)NC3=NC=C4C=CN(C4=N3)C5CCCCC5
1328,CC1=C(C=C(C=C1)C(=O)NC2=CC=CC(=C2)C(F)(F)F)C3=CC4=CN=C(N=C4C=C3)NCCN5CCOCC5
1329,CC1=C(C=C(C=C1)NC2=NC=CC(=N2)NC3=CC=CC=C3C(=O)O)F
1330,CC1=C(SC(=N1)N)C2=NC(=NC=C2)NC3=CC(=CC=C3)[N+](=O)[O-]
1331,COC1=C(C=C2C(=C1)C(=NC=N2)NC3=CC(=C(C=C3)F)Cl)OC
1332,CNC1=NC=NC(=N1)C2=C(N=CC=C2)OC3=CC(=C(C=C3)F)C(=O)NC4=C(C=CC(=C4)C(F)(F)F)N(C)CCCN(C)C
1333,CC1=C(C=C(C=C1)C(=O)NC2=C(C=CC(=C2)C(F)(F)F)OC3CCN(CC3)C)C4=CC5=CN=C(N=C5C=C4)NC
1334,C1=CC(=CC(=C1)Cl)C2=CNNC2=C3C=C(N=C3)C(=O)NC(CO)C4=CC(=C(C=C4)F)Cl
1335,C1=CC2=C(C=CC(=C2)C=C3C(=O)N=C(S3)NCC4=CC=CS4)N=C1
1336,COC1=CC2=C(C=CN=C2C=C1OC)OC3=CC4=C(C=C3)C(=CC=C4)C(=O)NC5=CC=C(C=C5)Cl
1337,CN1C(=O)C(=CN=C1NC2=CC=C(C=C2)F)C3=NC=C(C=C3)OC4=C5C=C(C(=CC5=NC=C4)OCCCN6CCOCC6)OC
1338,CN1C(=O)C(=CN=C1NC2=CC=C(C=C2)F)C3=CC(=C(C=C3)OC4=C5C=C(C(=CC5=NC=C4)OCCCN6CCOCC6)OC)F
1339,CC1=C(C(=O)N(N1CC(C)(C)O)C2=CC=CC=C2)C(=O)NC3=NC=C(C=C3)OC4=C5C=CC(=CC5=NC=C4)OC
1340,C1COCCN1CC2=CC=C(C=C2)C=CC3=NC=CC(=C3)C4=CC5=C(N4)NC=NC5=O
1341,CN(C)CCOC1=CC=C(C=C1)C=CC2=NC=CC(=C2)C3=CC4=C(N3)NC=NC4=O
1342,C1=CC(=C(C=C1I)F)NC2=C(C(=C(C=C2C(=O)O)C=NNC(=O)C3=CC=C(O3)CO)F)F
1343,CCN(CC)CCOC1=CC=C(C=C1)NC2=NC=C3C=C(C(=O)N(C3=N2)C)C4=C(C=CC=C4Cl)Cl
1344,CC1=CC(=NN1)NC2=NC(=NC=C2)NC3=CC=CC(=C3)C4=NC5=CC=CC=C5S4
1345,C1CNCCC1NC2=NN3C(=NN=C3C4=CC(=CC=C4)C(F)(F)F)C=C2
1346,C1CC1NC(=O)NC2=CNNC2=C3N=C4C=CC(=CC4=N3)CN5CCOCC5
1347,CN1C(=NC=C(C1=O)C2=CC(=C(C=C2)OC3=C4C=C(C(=CC4=NC=C3)OCCCN5CCOCC5)OC)F)CC6=CC=CC=C6
1348,CCS(=O)(=O)NC1=CC2=C(C=C1)NC(=O)C2=C(C3=CC=CC=C3)NC4=CC=C(C=C4)CN5CCCCC5
1349,CC1=CC(=NN1)NC2=NC3=CC(=C(C=C3C(=N2)NC4=CC=CC(=C4)C5=NC6=CC=CC=C6S5)OC)OC
1350,CC(C1=C(C=CC(=C1Cl)F)Cl)OC2=CC3=C(C=C2)N=CC=C3
1351,CC(C1=C(C=CC(=C1Cl)F)Cl)OC2=CC3=CC(=CN=C3C=C2)C=CC(=O)N
1352,CC(C1=C(C=CC(=C1Cl)F)Cl)OC2=CC3=CC(=CN=C3C=C2)C4CC4C(=O)N
1353,CC1CSC2=C(C(=O)C3=CC(=C(C(=C3N12)F)N4CCC(C4)N)F)C(=O)O
1354,CN1C=C(C2=C(C=CN=C21)C3=CC=C(C=C3)C(=O)NCCO)C=C4C(=O)C5=C(O4)C=CC=C5O
1355,COC1=CC=CC(=C1)C(=O)NC2=C3C(=CC(=C2)Cl)C4=C(N3)C=NC=C4
1356,C1=CC2=C(C=C1Cl)C3=C(N2)C=NC=C3
1357,COC1=C(C=C2C3=C(C=NC=C3)NC2=C1Cl)Cl
1358,COC(=O)NC1=C2C(=CC(=C1)Cl)C3=C(N2)C=NC=C3
1359,CCOC1=C(C(=O)N(C=C1)C2=CC=C(C=C2)F)C(=O)NC3=CC(=C(C=C3)OC4=C(C(=NC=C4)N)Cl)F
1360,C1=CC(=CC(=C1)O)C(C(=O)N)NC2=C(C(=O)C2=O)NC3=CC=NC=C3
1361,C1=CN=CC2=C1C3=CC(=CC(=C3N2)Cl)Cl
1362,C1=CC=C(C=C1)C(=O)NC2=C3C(=CC(=C2)Cl)C4=C(N3)C=NC=C4
1363,CC(=O)NC1=C2C(=CC(=C1)Cl)C3=C(N2)C=NC=C3
1364,C1=CN=CC=C1C(=O)NC2=C3C(=CC(=C2)Cl)C4=C(N3)C=NC=C4
1365,C1=CC2=C(C=C1Br)C3=C(N2)C=NC=C3
1366,CCOC1=C(C=C2C3=C(C=NC=C3)NC2=C1Cl)Cl
1367,C1CC1COC2=C(C=C3C4=C(C=NC=C4)NC3=C2Cl)Cl
1368,COC1=C(C=C2C(=C1)C(=NC=N2)N3CCN(CC3)C(=S)NCC4=CC5=C(C=C4)OCO5)OC
1369,COC1=C(C=C2C(=C1)C(=NC=N2)N3CCN(CC3)C(=O)NC4=CC=C(C=C4)C#N)OC
1370,COC1=CC(=NC2=C1C(=C(N2)C3=CC=C(C=C3)F)C4=CC=NC=C4)N
1371,CC1=C(C(=CC=C1)Cl)NC(=O)C2=CN=C(S2)NC(=O)C3CC3
1372,CC1=CC2=C3C(=C1)C(=CN3CCN(C2)C(=O)N4CCCCC4)C5=C(C(=O)NC5=O)C6=CN=C7N6C=CC=C7
1373,C1COCCN1CCNC2=NC=C3C(=C2)C(=C(C=N3)C#N)NC4=CC=C(C=C4)SC5=CC=CC=C5
1374,C1=CC(=CN=C1)CNC2=NC=C3C(=C2)C(=C(C=N3)C#N)NC4=CC(=C(C=C4)F)Cl
1375,COC1=C(C=C2C(=C1)C(=NC=N2)NC3=CC(=CC=C3)Br)OC
1376,CC(C1=CC=CC=C1)NC2=NC=CC(=C2)C3=C(N=C(N3C)C4CCNCC4)C5=CC(=CC=C5)C(F)(F)F
1377,CC(C1=CC=CC=C1)NC2=NC=CC(=N2)C3=C(N=C(N3C)C4CCNCC4)C5=CC(=CC=C5)C(F)(F)F
1378,COC1=C(C=C2C(=C1)C(=NC=N2)N3CCN(CC3)C(=S)NCC4=CC=CC=C4)OC
1379,COC1=C(C=C2C(=C1)C(=NC=N2)N3CCN(CC3)C(=O)NC4=CC=C(C=C4)Br)OC
1380,C1CCN(CC1)C(=O)N2CCN3C=C(C4=C3C(=CC=C4)C2)C5=C(C(=O)NC5=O)C6=CN=C7N6C=CC=C7
1381,CN(C)C(=O)N1CCN2C=C(C3=C2C(=CC=C3)C1)C4=C(C(=O)NC4=O)C5=CN=C6N5C=CC=C6
1382,CC(C)OC(=O)N1CCN2C=C(C3=C2C(=CC=C3)C1)C4=C(C(=O)NC4=O)C5=CN=C6N5C=CC=C6
1383,CC1=C(C(=CC=C1)Cl)NC(=O)C2=CN=C(S2)NC3=NC(=NC(=C3)C)C
1384,CC1=C(C(=O)N(C2=NC(=NC=C12)NC3=CC=C(C=C3)N4CCNCC4)C5CCCC5)C(=O)C
1385,C1COCCN1CCNC2=NC=C3C(=C2)C(=C(C=N3)C#N)NC4=CC=C(C=C4)OC5=CC=CC=C5
1386,C1COCCN1CCNC2=NC=C3C(=C2)C(=C(C=N3)C#N)NC4=CC=C(C=C4)CC5=CC=CC=C5
1387,C1CC1NC(=O)C2=CC(=C(C=C2F)F)NCC3=CN=C(S3)NC4=CC=CC=N4
1388,COC1=C(C=C2C(=C1)C(=NC=N2)N3CCN(CC3)C(=O)NC4=CC=C(C=C4)[N+](=O)[O-])OC
1389,C1CCN(C1)CCCOC2=CC(=C3C(=C2)N=CN=C3NC4=C(C=CC5=C4OCO5)Cl)OC6CCOCC6
1390,CN1CCN(CC1)CCOC2=CC(=C3C(=C2)N=CN=C3NC4=C(C=CC5=C4OCO5)Cl)OC6CCOCC6
1391,COC1=C(C=C2C(=C1)C(=NC=N2)NC3=C(C=C(C=C3)Br)F)OCCN4C=CN=N4
1392,CN1CCC(CC1)COC2=C(C=C3C(=C2)N=CN=C3NC4=C(C=C(C=C4)Br)F)OC.Cl
1393,C1C2=CC=CC=C2C3=C4CNC(=O)C4=C5C6=CC=CC=C6NC5=C31
1394,CC1=C(C=CC(=C1)OCC2=CC(=CC=C2)C(F)(F)F)CN3CC(C3)C(=O)O
1395,C1C(CN1CC2=CC=C(C=C2)OCC3=CC(=CC=C3)C(F)(F)F)C(=O)O
1396,CC(C)C(CO)NC(=O)C1=CC(=CC=C1)N2C(=CC(=N2)C(C)(C)C)NC(=O)NC3=CC=CC4=CC=CC=C43
1397,CC(C)(C)C1=NN(C(=C1)NC(=O)NC2=CC=CC3=CC=CC=C32)C4=CC=CC(=C4)C(=O)N(C)CCC#N
1398,CN(C)C1=CC=C(C=C1)NC(=O)CC2C(=O)NC3=CC=CC=C3N2
1399,C1=CC=C(C(=C1)C(=O)O)NC2=NC=NC(=N2)NC3=CC4=C(C=C3)C=NN4
1400,CC1=CC(=O)N=C2C1=C(NN2)C3=CC(=CC=C3)C(F)(F)F
1401,CC(C)N(CCCN)C(=O)C1=CC(=CC=C1)N2C(=CC(=N2)C(C)(C)C)NC(=O)NC3=CC=CC4=CC=CC=C43
1402,COC1=CC2=C(C=C1)NC=C2C=C3C4=CC=CC=C4NC3=O
1403,CC(C)(C)C1=NN(C(=C1)NC(=O)NC2=CC=CC3=CC=CC=C32)C4=CC=CC(=C4)C(=O)NCCCCC(=O)O
1404,CC(C)(C)CCOC1=CC(=CC2=C1C(=NN2)N)C3=CC=C(C=C3)C(=O)N
1405,CC(C)(C)C1=NN(C(=C1)NC(=O)NC2=CC=CC3=CC=CC=C32)C4=CC=CC(=C4)C(=O)N(C)CCOC
1406,CCOCC(C)OC1=CC=CC2=C1C(=NN2)N
1407,CC(C)(C)C1=NN(C(=C1)NC(=O)NC2=CC=CC3=CC=CC=C32)C4=CC=CC(=C4)C(=O)NCCCO
1408,C1C2=C3C4=CC=CC=C4NC3=C5C(=C2C(=O)N1)C6=CC=CC=C6S5
1409,C1=CC=C(C(=C1)C(=O)O)NC2=NC(=NC=C2)NC3=CC(=CC=C3)F
1410,C1C2=CC=CC=C2C3=C4C(=C5C6=CC=CC=C6NC5=C31)CNC4=O
1411,C1CC2=C3C(=C4C(=C2C5=CC=CC=C51)CNC4=O)C6=CC=CC=C6N3
1412,C1CC2=C3C(=C4C(=C2C5=CC=CC=C51)C(=O)NC4=O)C6=CC=CC=C6N3
1413,CC12C(CC(O1)N3C4=CC=CC=C4C5=C6C(=C7C8=CC=CC=C8N2C7=C53)CNC6=O)(C(=O)OC)O
1414,C1COCCN1CCOC2=CC=C(C=C2)C3=CN4C(=C(C=N4)C5=CNC(=O)C=C5)N=C3
1415,C1COCCN1CCOC2=CC=C(C=C2)C3=CN4C(=C(C=N4)C5=CNN=C5)N=C3
1416,C1COCCN1CCOC2=CC=C(C=C2)C3=CN4C(=C(C=N4)C5=CC(=NC=C5)N)N=C3
1417,C1COCCN1CCOC2=CC=C(C=C2)C3=CN4C(=C(C=N4)C5=CC(=C(C=C5)O)O)N=C3
1418,C1=CC(=CC=C1NC2=NC=C(O2)C3=CC(=C(C=C3)O)O)S(=O)(=O)N
1419,C1=CC(=CC=C1NC2=NC=C(O2)C3=CNC(=O)C=C3)S(=O)(=O)N
1420,C1COCCN1CCOC2=CC=C(C=C2)C3=CN4C(=C(C=N4)C5=CC=NC=C5)N=C3
1421,C1CCN(CC1)CCOC2=CC=C(C=C2)C3=CN4C(=C(C=N4)C5=CC=NC=C5)N=C3
1422,C1OC2=C(O1)C=C(C=C2)C=C3C(=O)N=C(N3)NC4=CC=CC=C4
1423,CC1=NC=CC2=C1NC3=C2C=CC(=C3)OC
1424,CN1C(=O)C(=CC2=CC3=C(C=C2)OCO3)N=C1N
1425,COC1=C(C=CC2=C1CCC(CC2)N3CCOCC3)NC4=NC=C(C(=N4)NC5C6CC(C5C(=O)N)C=C6)Cl
1426,CC1=C2C(=CC(=C1O)O)OC3=CC(=CC(=C3C2=O)O)O
1427,CC1=CC(=CC2=C1C(=O)C3=C(C=C(C=C3O2)O)O)O
1428,COC1=C(C=C2C(=C1)N=CC(=N2)NC3CCC(CC3)O)OC
1429,COC1=CC=C(C=C1)C2=C(C(=O)N=N2)NNC3=CN=CC=C3
1430,COC1=CC=C(C=C1)C2=C(C(=O)N=N2)NNC3=CC(=CC=C3)OC
1431,CC(C)COC(=O)NC1=CC=C(C=C1)C2=C(N3C(=C(C=N3)C4=CC=C(C=C4)N5CCN(CC5)C)N=C2)N
1432,COC1=C(C=NC=C1)C2=C(C(=O)N=N2)NNC3=CC=CC=C3
1433,CC1=C(C=CC(=C1)NC(=O)C2=CC(=CC=C2)C(F)(F)F)OC3=C(C=CC=N3)C4=NC(=NC=C4)NC
1434,CNC1=NC=CC(=N1)C2=C(N=CC=C2)OC3=CC=C(C=C3)NC(=O)C4=CC=CC=C4NC5=CC=CC=C5
1435,CNC1=NC=CC(=N1)C2=C(N=CC=C2)OC3=CC=C(C=C3)NC4=NN=C(C5=CC=CC=C54)C6=CC=C(C=C6)F
1436,CC1=CC(=NN1)NC2=C(C=C(C(=N2)NC(C)C3=NC=C(C=C3)F)C#N)F
1437,CN(C)CC1=CC(=C(C=C1)OC)NC2=NC=CC(=N2)C3=C(N=C4N3C=CS4)C5=CC(=CC=C5)NC(=O)CC6=CC=CC=C6
1438,CN(C)C1=C(C=C(C=C1)C2=C(N3C=CSC3=N2)C4=NC(=NC=C4)NC5=CC=CC(=C5)N6CCOCC6)NC(=O)CC7=CC=CC=C7
1439,C1=CC(=C(C=C1C=CC2=CC(=CC(=C2)O)O)O)O
1440,CCOC(=O)CC1=NC2=C3C=C(C=CC3=NC(=O)N2N1)Br
1441,CN(C)C1=C(C=C(C=C1)C2=C(N3C=CSC3=N2)C4=NC(=NC=C4)NC5=CC=CC(=C5)N6CCOCC6)NC(=O)C7=CC=CC=C7
1442,C1CCC(C(C1)N)NC2=NC(=C(C=C2)C(=O)N)NC3=CC(=CC=C3)Cl
1443,CC1=CC=CC=C1NC2=NC=CC(=N2)C3=C(N=C4N3C=CS4)C5=CC(=CC=C5)NC(=O)C6=CC=CC=C6
1444,CN(C)CC1=CC(=C(C=C1)OC)NC2=NC=CC(=N2)C3=C(N=C4N3C=CS4)C5=CC(=CC=C5)NC(=O)C6=C(C=CC=C6F)F
1445,CC1=CC=CC=C1NC2=NC=CC(=N2)C3=C(N=C4N3C=CS4)C5=CC(=CC=C5)NC(=O)CC6=CC=CC=C6
1446,C1CC1C2=CC(=NN2)NC3=NC(=NC4=C3SC=C4)NCC5=CC=CC=C5
1447,CCOC1=C(C=C(C=C1)C2=C(N3C=CSC3=N2)C4=NC(=NC=C4)NC5=CC=CC(=C5)N6CCOCC6)NC(=O)CC7=CC=CC=C7
1448,CCC1=CC2=C(C=CN=C2C=C1)NC(=O)NC3=CC=CC(=N3)C(F)(F)F
1449,C1COCCN1C2=CC(=CC=C2)NC3=NC=CC(=N3)C4=C(N=C5N4C=CS5)C6=C(C(=CC=C6)NC(=O)C7=CC=CC=C7F)Cl
1450,C1COCCN1C2=CC(=CC=C2)NC3=NC=CC(=N3)C4=C(N=C5N4C=CS5)C6=CC(=C(C=C6)Cl)NC(=O)CC7=CC=CC=C7
1451,C1=CC(=NC(=C1)NC(=O)NC2=C3C=C(C=CC3=NC=C2)F)C(F)(F)F
1452,CC(C)CC1CN(CCN1)C2=NC(=C(C=C2)C(F)(F)F)C(=O)C3=C(N=CC=C3)N
1453,CC(C)OC1=NNC(=C1)N2C=NC3=C2N=C(C=C3)NC(C)C4=NC=C(C=C4)F
1454,CN1CCN(CC1)C2=CC=C(C=C2)NC3=NC=C4C(=N3)N(C(=N4)NC5=CC=CC=C5)C6CCCC6
1455,CC1=C(C=C(C=C1)NC(=O)C2=CC(=CC=C2)OC(C(F)F)(F)F)OC3=C(C=CC=N3)C4=NC(=NC=N4)NC
1456,CCN(CC)CCOC1=CC=C(C=C1)NC2=CC(=NC=N2)NC(=O)NC3=C(C=CC=C3Cl)Cl
1457,CC1=C(C=C(C=C1)NC(=O)C2=CC(=CC=C2)C(F)(F)F)C(=O)NC3=CN=C(N=C3)NC4=CC=C(C=C4)N5CCN(CC5)C
1458,C1CNCCC1C2=CC3=C(CNC(=O)N3C4=C(C=CC=C4Cl)Cl)C(=C2)C5=C(C=C(C=C5)F)F
1459,CN(C)C1CCCN(C1)C2=C(C=C(C=C2)C(F)(F)F)NC(=O)C3=C(C=CC(=C3)C#CC4=CN=C(N=C4)N)F
1460,CC1=C(C(=CC=C1)C)OC(=O)N(C2=C(C=C(C=C2)OC)OC)C3=NC(=NC=C3)NC4=CC(=C(C(=C4)OC)OCCCN5CCN(CC5)C)OC
1461,C1CC(CCC1NC2=NN3C(=NN=C3C4=CC(=CC=C4)C(F)(F)F)C=C2)O
1462,COC1=C(C=C(C=C1)C(=O)NCC2=CC=CC(=C2)C(=O)NC3=CC4=C(CCNC4)C=C3)OC
1463,C1=CC=C2C(=C1)C(=CC3=C(NN=C3)C4=CC=CC=C4[N+](=O)[O-])C(=O)N2
1464,CC1=C(C(=CC=C1)C)N2C(=O)C3=CN=C(N=C3N4C2=NC5=CC=CC=C54)NC6=CC=C(C=C6)N7CCN(CC7)C
1465,C1CN(CC1O)CC2=NC(=O)C3=C(N2)C4=C(S3)C=CC(=C4)C5=CC=C(C=C5)O
1466,CN1C=C(C2=CC=CC=C21)C3=C(C(=O)NC3=O)C4=CN(C5=CC=CC=C54)CCCSC(=N)N
1467,COC1=C(C=C2C(=C1)C(=NC=N2)N3CCN(CC3)C(=O)NC4=CC=C(C=C4)OC5=CC=CC=C5)OC
1468,CC(C)C1=CC=C(C=C1)NC(=O)N2CCN(CC2)C3=NC=NC4=CC(=C(C=C43)OC)OC
1469,CCC1CN(CCN1)C2=NC=C(C=C2)C3=NC(=NC=C3)NC4=CC(=C(C(=C4)OC)OC)OC
1470,COC1=CC(=CC(=C1OC)OC)NC2=NC=CC(=N2)C3=CN=C(C=C3)NCCN
1471,CCOC(=O)CSC1=CN=C(S1)NC(=O)C
1472,CCN(C)C1CC2N3C4=CC=CC=C4C5=C6C(=C7C8=CC=CC=C8N(C7=C53)C(C1OC)(O2)C)CNC6=O
1473,CC12C(C(CC(O1)N3C4=CC=CC=C4C5=C6C(=C7C8=CC=CC=C8N2C7=C53)CNC6=O)N(C)C(=O)OC)OC
1474,CC(=O)N(C)C1CC2N3C4=CC=CC=C4C5=C6C(=C7C8=CC=CC=C8N(C7=C53)C(C1OC)(O2)C)CNC6=O
1475,CC12C(C(CC(O1)N3C4=CC=CC=C4C5=C6C(NC(=O)C6=C7C8=CC=CC=C8N2C7=C53)O)NC)OC
1476,CC12C(C(CC(O1)N3C4=CC=CC=C4C5=C6C(=C7C8=CC=CC=C8N2C7=C53)CNC6=O)N(C)C(=O)C9=CC(=CC=C9)[N+](=O)[O-])OC
1477,CC12C(C(CC(O1)N3C4=CC=CC=C4C5=C6C(=C7C8=CC=CC=C8N2C7=C53)CNC6=O)N(C)S(=O)(=O)C)OC
1478,CC12C(C(CC(O1)N3C4=CC=CC=C4C5=C6C(=C7C8=CC=CC=C8N2C7=C53)CNC6=O)N(C)CC9=CC=CC=C9)OC
1479,CC12C(C(CC(O1)N3C4=CC=CC=C4C5=C6C(=C7C8=CC=CC=C8N2C7=C53)CNC6=O)N(C)CCC#N)OC
1480,CC12C(C(CC(O1)N3C4=CC=CC=C4C5=C6C(=C7C8=CC=CC=C8N2C7=C53)CNC6=O)N(C)C(=O)C9=CC=CC=C9Cl)OC
1481,CC12C(C(CC(O1)N3C4=CC=CC=C4C5=C6C(=C7C8=CC=CC=C8N2C7=C53)CNC6=O)N(C)C(=O)C9=CC=C(C=C9)Cl)OC
1482,CC12C(C(CC(O1)N3C4=CC=CC=C4C5=C6C(=C7C8=CC=CC=C8N2C7=C53)CNC6=O)N(C)C(=O)C9=CC=C(C=C9)OC)OC
1483,CC12C(C(CC(O1)N3C4=CC=CC=C4C5=C6C(=C7C8=CC=CC=C8N2C7=C53)CNC6=O)N(C)C(=O)C9=CC(=CC(=C9)[N+](=O)[O-])[N+](=O)[O-])OC
1484,CC12C(C(CC(O1)N3C4=CC=CC=C4C5=C6C(=C7C8=CC=CC=C8N2C7=C53)CNC6=O)N(C)CC(=O)O)OC
1485,CC12C(CC(O1)N3C4=CC=CC=C4C5=C6C(=C7C8=CC=CC=C8N2C7=C53)CNC6=O)(C(=O)O)O
1486,C1CC2C3=C(C=CC=C3NC(=O)NC4=CC=CC=N4)C(=O)N2C1
1487,C1C2NC(CO1)N3C4=CC=CC=C4C5=C6C(=C7C8=CC=CC=C8N2C7=C53)C(=O)NC6=O
1488,C1CC2NC(C1)N3C4=CC=CC=C4C5=C6C(=C7C8=CC=CC=C8N2C7=C53)C(=O)NC6=O
1489,C1=CC2=C(C(=C1)NC(=O)N)C(=O)C3=C2NN=C3C4=CSC(=C4)Cl
1490,C1=CC=C(C=C1)C2=C(C3=CC=CC=C3N2CCCSC(=N)N)C4=CC(=O)NC4=O
1491,C1=CC=C2C(=C1)C=C(S2)C3=C(C4=CC=CC=C4N3CCCSC(=N)N)C5=C(C(=O)NC5=O)C#N
1492,C1=CC=C2C(=C1)C=C(S2)C3=C(C4=CC=CC=C4N3CCCN)C5=C(C(=O)NC5=O)C#N
1493,C1=CC=C2C(=C1)C=CC=C2C3=C(C(=O)NC3=O)C4=CN(C5=CC=CC=C54)CCCSC(=[NH2+])N.[Br-]
1494,C1C2=C3C4=CC=CC=C4NC3=C5C(=C2C(=O)N1)C6=CC=CC=C6N5
1495,CC1CCNC(=O)C2=CC3=C(N12)C=C(C=C3)C(=O)NC4=NC5=CC=CC=C5N4CCCN(C)C
1496,C1CC(C(CNC1)NC(=O)C2=CC=C(C=C2)O)OC(=O)C3=CC(=C(C(=C3)O)C(=O)C4=CC=CC=C4C(=O)O)O
1497,CN1C=C(C2=CC=CC=C21)C3=C(C(=O)NC3=O)C4=C5CC(CCN5C6=CC=CC=C64)CN(C)C
1498,C1CC(N(C1)C(=O)C(CC2=CC=CC=C2)N)C(=O)NC(CCCN=C(N)N)CCl
1499,C1=CC=C2C(=C1)C(=CN2)C3=C(C(=O)NC3=O)C4=CNC5=CC=CC=C54
1500,C1=CC=C2C(=C1)C3=C4C(=C5C6=CC=CC=C6NC5=C3N2)C(=O)NC4=O
1501,C1=CC=C(C=C1)NC2=C(C=C3C(=C2)C(=O)NC3=O)NC4=CC=CC=C4
1502,CC(C)CCOC1=C2C=NNC2=NC=C1C(=O)C3=CC=CC=C3
1503,COC1=CC2=CC(=CN=C2C=C1OC)C3=CC=NC=C3
1504,C1CN2CCC(CN2C1C(=O)NC(CCCN=C(N)N)CCl)(CC3=CC=CC=C3)N
1505,C1C(C2N3C4=CC=CC=C4C5=C6C(=C7C8=CC=CC=C8N(C1O2)C7=C53)C(=O)NC6=O)CO
1506,CC(C)(C)NC(=O)NC1=C(C=C2C=NC(=NC2=N1)N)C3=CC(=CC(=C3)OC)OC
1507,CCNC(=O)NC1=C(C=C2C=NC(=NC2=N1)NCCCCN(CC)CC)C3=C(C=CC=C3Cl)Cl
1508,C1COCCN1CCNC(=O)CCN2C3=CC=CC=C3C4=C5CNC(=O)C5=C6C7=CC=CC=C7NC6=C42
1509,CN(C)CCCNC(=O)CCN1C2=CC=CC=C2C3=C4CNC(=O)C4=C5C6=CC=CC=C6NC5=C31
1510,COC1=CC(=CC(=C1OC)OC)NC2=NC=CC(=N2)C3=CN=C(C=C3)N4CCNCC4
1511,CC1=C(SC(=N1)C)C2=C3C(=NN2)C4=C(C3=O)C(=CC=C4)NC(=O)NN5CCN(CC5)C
1512,COC1=C(C=C(C=C1)OC2=C3C=C(C(=CC3=NC=C2)OC)OC)OC
1513,C1=CC=C2C(=C1)C=CN2C3=C(C(=O)NC3=O)N4C=CC5=CC=CC=C54
1514,CN1C=C(C=C1C(=O)C2=CN(C(=C2)C(=O)OC)C)C(=O)C3=CC(=CN3C)NC(=O)CCN4C5=CC=CC=C5C6=C7CNC(=O)C7=C8C9=CC=CC=C9NC8=C64
1515,CC12C(C(CC(O1)N3C4=CC=CC=C4C5=C6C(=C7C8=CC=CC=C8N2C7=C53)CNC6=O)N(C)C(=O)C9=CN=CC=C9)OC
1516,CC12C(C(CC(O1)N3C4=CC=CC=C4C5=C6C(=C7C8=CC=CC=C8N2C7=C53)C(=O)NC6=O)N(C)C(=O)C9=CC=CC=C9)OC
1517,CC12C(C(CC(O1)N3C4=CC=CC=C4C5=C6C(=C7C8=CC=CC=C8N2C7=C53)CNC6=O)[N+](C)(C)C)OC
1518,CCCCC(CN(C)C1CC2N3C4=CC=CC=C4C5=C6C(=C7C8=CC=CC=C8N(C7=C53)C(C1OC)(O2)C)CNC6=O)O
1519,CC12C(C(CC(O1)N3C4=CC=CC=C4C5=C6C(=C7C8=CC=CC=C8N2C7=C53)CNC6=O)N(C)C(=O)CNC(=O)OC(C)(C)C)OC
1520,CC12C(C(CC(O1)N3C4=CC=CC=C4C5=C6C(=C7C8=CC=CC=C8N2C7=C53)CNC6=O)N(C)C(=O)C(F)(F)F)OC
1521,CC12C(C(CC(O1)N3C4=CC=CC=C4C5=C6C(=C7C8=CC=CC=C8N2C7=C53)CNC6=O)N(C)C(=O)C9=CC=C(C=C9)C(=O)OC)OC
1522,CC12C(C(CC(O1)N3C4=CC=CC=C4C5=C6C(=C7C8=CC=CC=C8N2C7=C53)C(=O)NC6=O)NC)OC
1523,CC12C(C(CC(O1)N3C4=CC=CC=C4C5=C6C(=C7C8=CC=CC=C8N2C7=C53)CNC6=O)N(C)C(=O)CCC(=O)O)OC
1524,CC12C(C(CC(O1)N3C4=CC=CC=C4C5=C6C(=C7C8=CC=CC=C8N2C7=C53)CNC6=O)N(C)C(=S)NC)OC
1525,CC12C(C(CC(O1)N3C4=CC=CC=C4C5=C6C(=C7C8=CC=CC=C8N2C7=C53)CNC6=O)N(C)C(=O)C9=NC=CN=C9)OC
1526,CC12C(C(CC(O1)N3C4=CC=CC=C4C5=C6C(=C7C8=CC=CC=C8N2C7=C53)CNC6=O)N(C)C(=O)OC(C)(C)C)OC
1527,CC12C(C(CC(O1)N3C4=CC=CC=C4C5=C6C(=C7C8=CC=CC=C8N2C7=C53)CNC6=O)N(C)C(=O)CN)OC
1528,CC12C(C(CC(O1)N3C4=CC=CC=C4C5=C6C(=C7C8=CC=CC=C8N2C7=C53)CNC6=O)N(C)C(=O)C9=CC(=CC=C9)Cl)OC
1529,CC12C(C(CC(O1)N3C4=CC=CC=C4C5=C6C(=C7C8=CC=CC=C8N2C7=C53)C(NC6=O)O)N(C)C(=O)C9=CC=CC=C9)OC
1530,CC12C(C(CC(O1)N3C4=CC=CC=C4C5=C6C(=C7C8=CC=CC=C8N2C7=C53)CNC6=O)N(C)C(=O)C9CCCCC9)OC
1531,CC[N+](C)(C)C1CC2N3C4=CC=CC=C4C5=C6C(=C7C8=CC=CC=C8N(C7=C53)C(C1OC)(O2)C)CNC6=O
1532,CN1C2CCCC1N3C4=CC=CC=C4C5=C6C(=C7C8=CC=CC=C8N2C7=C53)C(=O)NC6=O
1533,CN(C)C1=C(C(=O)NC1=O)C2=C(N(C3=CC=CC=C32)CCCSC(=N)N)C4=CC5=CC=CC=C5S4
1534,C1CN=C(N1)NCCCN2C3=CC=CC=C3C(=C2C4=CC5=CC=CC=C5S4)C6=CC(=O)NC6=O
1535,C1=CC=C2C(=C1)C=CC=C2C3=C(C4=CC=CC=C4N3CCCSC(=N)N)C5=CC(=O)NC5=O
1536,CC(=O)C1=C(C(=O)NC1=O)C2=C(N(C3=CC=CC=C32)CCCSC(=N)N)C4=CC5=CC=CC=C5S4
1537,C1=CC=C2C(=C1)C=C(S2)C3=C(C4=CC=CC=C4N3CCCN=C(N)N)C5=C(C(=O)NC5=O)C#N
1538,CN(C)CCCN1C2=CC=CC=C2C(=C1C3=CC4=CC=CC=C4S3)C5=CC(=O)NC5=O
1539,C1=CC=C2C(=C1)C=C(S2)C3=C(C4=CC=CC=C4N3CCCN=C(N)NC#N)C5=C(C(=O)NC5=O)C#N
1540,C1CC2NC1N3C4=CC=CC=C4C5=C6C(=C7C8=CC=CC=C8N2C7=C53)C(=O)NC6=O
1541,C1CC(C(CNC1)NC(=O)C2=CC=C(C=C2)O)OC(=O)C3=CC=C(C=C3)C(=O)C4=C(C=CC=C4O)C(=O)O
1542,CC1=NC(=O)C2=C(NN(C2=N1)C3=C(C=C(C=C3Cl)Cl)Cl)SC
1543,CC(C(=O)NC(CO)C(=O)NC(CCCN=C(N)N)C(=O)NC(CCCN=C(N)N)C(=O)NC(CCCN=C(N)N)C(=O)NC(CCCN=C(N)N)C(=O)NC(CCCN=C(N)N)C(=O)NC(CCCN=C(N)N)C(=O)O)NC(=O)C(C)NS(=O)(=O)C1=CC=CC2=C1C=CN=C2
1544,CN1C=C(C2=CC=CC=C21)C3=C(C(=O)NC3=O)C4=C5CC(CCN5C6=CC=CC=C64)CN
1545,CN1C2CCC1N3C4=CC=CC=C4C5=C6C(=C7C8=CC=CC=C8N2C7=C53)C(=O)NC6=O
1546,CN1CCCC1CCNC(=O)CCN2C3=CC=CC=C3C4=C5CNC(=O)C5=C6C7=CC=CC=C7NC6=C42
1547,CC12C(C(CC(O1)N3C4=CC=CC=C4C5=C6C(=C7C8=CC=CC=C8N2C7=C53)CNC6=O)N(C)C9=CC=CC=C9)OC
1548,CC12C(C(CC(O1)N3C4=CC=CC=C4C5=C6C(=C7C8=CC=CC=C8N2C7=C53)CNC6=O)N(C)C(=O)C9=CC=C(C=C9)C(=O)O)OC
1549,C1=CC=C2C(=C1)C=C(O2)C3=C(C4=CC=CC=C4N3CCCSC(=N)N)C5=CC(=O)NC5=O
1550,C1=CC2=C(C=CN=C2)C(=C1)S(=O)(=O)NCCNCCC(=O)NC(CO)C(=O)NC(CCCN=C(N)N)C(=O)NC(CCCN=C(N)N)C(=O)NC(CCCN=C(N)N)C(=O)NC(CCCN=C(N)N)C(=O)NC(CCCN=C(N)N)C(=O)NC(CCCN=C(N)N)C(=O)O
1551,CC12C(C(CC(O1)N3C4=CC=CC=C4C5=C6C(=C7C8=CC=CC=C8N2C7=C53)CNC6=O)N(C)CC(=O)OC)OC
1552,C1=CC=C2C=C(C=CC2=C1)C3=C(C4=CC=CC=C4N3CCCSC(=[NH2+])N)C5=CC(=O)NC5=O.[Br-]
1553,CCN(CC)CCCCNC1=NC2=NC(=C(C=C2C=N1)C3=C(C=CC=C3Cl)Cl)NC(=O)NC(C)(C)C
1554,C1CCC(C1)N2C=C(C3=C2N=CN=C3N)C4=CC=C(C=C4)OC5=CC=CC=C5
1555,CN1CC2CC3=C(C4=CC=CC=C4N3CC2C1)C5=C(C(=O)NC5=O)C6=CN(C7=CC=CC=C76)C
1556,CC12C(C(CC(O1)N3C4=C(C=C(C=C4)O)C5=C6C(=C7C8=C(N2C7=C53)C=CC(=C8)O)COC6=O)NC)OC
1557,COC1=C(C=C2C(=C1)C(=NC=N2)N3CCN(CC3)C(=O)NC4=CSC=C4)OC
1558,CC1=CC(=C(C(=C1C)C2=C(N=C3C(=C2)C=NC(=N3)N)NC(=O)NC(C)(C)C)C)C
1559,CCN(CC)CCCCNC1=NC2=NC(=C(C=C2C=N1)C3=C(C=CC=C3Cl)Cl)NC(=O)NC4=CC=CC=C4
1560,CC(C)(C)NC(=O)NC1=C(C=C2C=NC(=NC2=N1)NCCCN3CCN(CC3)C)C4=C(C=CC=C4Cl)Cl
1561,CC(C)(C)NC(=O)NC1=C(C=C2C=NC(=NC2=N1)N)C3=C(C=CC=C3Cl)Cl
1562,C1CC(C(CNC1)NC(=O)C2=CC=C(C=C2)O)OC(=O)C3=CC(=C(C(=C3)O)C(=O)C4=C(C=CC=C4O)C(=O)O)O
1563,C1=CC(=CC(=C1)Br)NC2=NC=NC3=CC4=C(C=C32)NC=N4
1564,COC1=CC2=NC=C(C=C2C(=C1)OC)C3=CC=NC=C3
1565,C1CC(CC1N2C=C(C3=C2N=CN=C3N)C4=CC=C(C=C4)OC5=CC=CC=C5)O
1566,CC12C(C(CC(O1)N3C4=C(C=C(C=C4)O)C5=C6C(=C7C8=CC=CC=C8N2C7=C53)CNC6=O)NC)OC
1567,C1=CC(=CC2=NC=C(C=C21)C3=CC=NC=C3)Cl
1568,C1CCN(CC1)CCNC(=O)CCN2C3=CC=CC=C3C4=C5CNC(=O)C5=C6C7=CC=CC=C7NC6=C42
1569,CN1C=C(C=C1C(=O)OC)C(=O)C2=CC(=CN2C)NC(=O)CCN3C4=CC=CC=C4C5=C6CNC(=O)C6=C7C8=CC=CC=C8NC7=C53
1570,C1COCC1CNC(=O)CCN2C3=CC=CC=C3C4=C5CNC(=O)C5=C6C7=CC=CC=C7NC6=C42
1571,CN(C)C1=C(C=CC=C1NC(=O)CC2=CC=CC=C2)C3=C(N4C=CSC4=N3)C5=NC(=NC=C5)NC6=CC=CC(=C6)N7CCOCC7
1572,CCC1=CC=C(C=C1)C2=CC3=C(C=C2)N(S(=O)(=O)C4=C3NN=C4)C
1573,COC1=CC=C(C=C1)CNC(=O)C2=CC3=C(NN=C3S2)C4=CC=CC=C4
1574,CCCCN(C)C(=O)C1=CC2=C(NN=C2S1)C3=CC=CC=C3
1575,C1CCC(CC1)NC(=O)C2=CC3=C(NN=C3S2)C4=CC=CC=C4
1576,CC(C)C(CO)NC1=NC2=C(C(=N1)NC3=CC(=CC=C3)Cl)N=CN2C(C)C
1577,C1=CC(=CC(=C1)NC(=O)NC2=CC=CC(=C2)C(F)(F)F)C3=CN4C=CN=C4C(=N3)NCC5=CC=NC=C5
1578,CC1(CC(CC(N1[O])(C)C)NC(=O)C2=CC=CC(=C2)C3=NN4C(=CC=NC4=C3)NC5=CC(=CC=C5)O)C
1579,C1COCCN1C2=NC3=C(C(=N2)NC4=CC=C(C=C4)S(=O)(=O)N)NC=N3
1580,COC1=C(C=C2C(=C1)CC3=C2NN=C3NC4=CC(=CC=C4)F)OC
1581,CN1CCN(CC1)C2=NC3=C(C=C2)N(C(=N3)C4=CC=C(C=C4)F)C5=NC(=NC=C5)NC6CCCC6
1582,C1CCC(CC1)NC2=NC=CC(=C2)C3=C(N=C(O3)C4(CCNCC4)O)C5=CC=C(C=C5)F
1583,CC(C)N1C2=C(C(=N1)C3=CC(=C(C=C3F)OC)F)C(=NC=N2)N
1584,C1=CC=C(C(=C1)C(=O)NC2=CC=CC(=C2)C(F)(F)F)NCC3=CC=NC=C3
1585,CC(=O)N1CCN(CC1)C2=CN=C3C=C(C=C(C3=C2)NCC4=CC(=CC=C4)[N+](=O)[O-])C(F)(F)F
1586,CCOC(=O)C1=C2C3=CC=CC4=C3C(=CC=C4)C2=NC1=O
1587,C1=CC=C(C=C1)C2=CSC3=NC=NC(=C23)OC4=C(C=C(C=C4)NC(=O)C5=CC=CN(C5=O)C6=CC=C(C=C6)F)F
1588,C1CC(CCC1C2=CC=C(C=C2)NC3=NN(C(=N3)N)C4=CC=CC=N4)N5CCOCC5
1589,CC1=CC=CC=C1NC2=NC3=CC(=C(C=C3N4C2=CN=C4)N(C)C(=O)C=CCN(C)C)F
1590,COC1=CC2=CC3=C(C(=CN=C3C=C2C=C1OCCN4CCOCC4)C#N)NC5=CC(=C(C=C5Cl)Cl)OC
1591,CN1C2=NC=CC(=C2C(=N1)N)C3=CC=C(C=C3)NC(=O)NC4=CC(=C(C=C4)F)C(F)(F)F
1592,COC1=C2C(=C(C=C1)C3=CC=C(C=C3)NC(=O)NC4=CC=C(C=C4)OC(F)(F)F)C(=NO2)N
1593,C1=CC(=CC(=C1)NC(=O)NC2=C(C=C(C=C2)C3=C4C(=CC=C3)NN=C4N)F)C(F)(F)F
1594,CC1=CC(=C(C=C1)F)NC(=O)NC2=CC=C(C=C2)C3=C4C(=CC=C3)N(N=C4N)C
1595,CN1C2=NC=CC(=C2C(=N1)N)C3=CC=C(C=C3)NC(=O)NC4=CC=CC(=C4)C(F)(F)F
1596,CC1=C(C=CC(=C1)NC(=O)NC2=CC(=C(C=C2)C3=C4C(=CC=C3)NN=C4N)F)F
1597,CC1=CC(=C(C=C1)F)NC(=O)NC2=CC(=C(C=C2)C3=C4C(=CC=C3)NN=C4N)F
1598,CC1=C(C=CC(=C1)NC(=O)NC2=CC=C(C=C2)C3=C(C=CC4=C3C(=NN4)N)F)F
1599,CC1=CC(=CC=C1)NC(=O)NC2=CC(=C(C=C2)C3=C4C(=CC=C3)NN=C4N)F
1600,CC1=CC(=C(C=C1)F)NC(=O)NC2=CC=C(C=C2)C3=C(C=CC4=C3C(=NN4)N)F
1601,C1=CC(=CC(=C1)Cl)NC(=O)NC2=C(C=C(C=C2)C3=C4C(=CC=C3)NN=C4N)F
1602,CC(C)NC1=NC=CC(=N1)NC2=NC=C(S2)C3=CC=CC=C3
1603,CC(C1=C(C=CC(=C1Cl)F)Cl)NC(=O)C2=C(N=CC(=C2)C3=CN(N=C3)C4CCOCC4)N
1604,CC(C1=CC=CC=C1)NC2=NC=CC(=C2)C3=C(N=C(S3)C4CCN(CC4)C)C5=CC=C(C=C5)F
1605,CC1=C(C=CC(=C1)S(=O)C)C2=NC(=C(N2C)C3=CC4=C(C=C3)C=C(C=C4)OC)C5=CC=NC=C5
1606,CC(C)(C)N1C2=C(C(=N1)C3=CC=CC4=CC=CC=C43)C(=NC=N2)N
1607,CC1=CC(=C(C=C1)F)NC(=O)NC2=CC=C(C=C2)C3=CN=CC4=C3C(=NN4)N
1608,CC1=CC(=CC=C1)NC(=O)NC2=CC=C(C=C2)C3=CN=CC4=C3C(=NN4)N
1609,CC1=C(C=CC(=C1)NC(=O)NC2=CC=C(C=C2)C3=CC=NC4=NNC(=C34)N)F
1610,C1=CC=C2C(=C1)C=NC=C2C3=CC(=CC=C3)NC(=O)C4=CC=CC=C4NCC5=CC=NC=C5
1611,C1=CC(=CC(=C1)F)NC(=O)NC2=CC=C(C=C2)C3=C4C(=CC=C3)NN=C4N
1612,CC1=C(C=CC(=C1)NC(=O)NC2=CC=C(C=C2)C3=C4C(=CC=C3)NN=C4N)F
1613,C1=CC(=CC=C1C2=CC=NC3=NNC(=C23)N)NC(=O)NC4=C(C=CC(=C4)C(F)(F)F)F
1614,CN1C2=C(C(=CN=C2)C3=CC=C(C=C3)NC(=O)NC4=CC(=CC=C4)Cl)C(=N1)N
1615,C1=CC=C(C=C1)C2=NNC3=C2OC4=CC=CC=C43
1616,CC1=CC(=CC(=C1)NC(=O)NC2=CC=C(C=C2)C3=C4C(=CC=C3)ON=C4N)C
1617,CC1=C(C(=CC=C1)C)C2=CC(=C3C(=C2)N=NC(=N3)NC4=CC=C(C=C4)OCCN5CCCC5)C
1618,C1=CC(=CC=C1C2=COC3=CC(=CC(=C3C2=O)O)O)O
1619,CC1=C(C(=CC=C1)C)C=CN2C=NC3=C2N=CN=C3NC4=CC=C(C=C4)P(=O)(C)C
1620,COCCOC1=C(C=C2C(=C1)N=CN=C2NC3=C(C(=C(C=C3)F)Cl)F)NC(=O)C4CCCN4C(=O)C=C
1621,COCCOC1=C(C=C2C(=C1)N=CN=C2NC3=C(C(=CC=C3)Cl)F)NC(=O)C4CCCN4C(=O)C=C
1622,C1=CC=C2C(=C1)C(=NN=C2NC3=CC=C(C=C3)Cl)CC4=CC=NC=C4.C(CC(=O)O)C(=O)O
1623,C1=CC=C(C(=C1)C(=O)NC2=CC=C(C=C2)Cl)NCC3=CC=NC=C3
1624,CCN1CCOCCN2C=C(C3=CC=CC=C32)C4=C(C5=CN(CCOCC1)C6=CC=CC=C65)C(=O)NC4=O
1625,CC(C)OC1=CC=C(C=C1)NC(=O)N2CCN(CC2)C3=NC=NC4=CC(=C(C=C43)OC)OCCCN5CCOCC5
1626,C1=CC(=CC(=C1)Cl)NC2=NC(=CN=C2)C3=CC(=CN=C3)NCCCO
1627,C1=CC(=CC(=C1)Cl)NC2=NC(=CN=C2)C3=CC(=CN=C3)NCCCCO
1628,C1=CC(=CC(=C1)Cl)NC2=NC(=CN=C2)C3=CC(=CN=C3)NCCCC4=CN=CC=C4
1629,CCN(CC)CCCCNC1=NC2=NC(=C(C=C2C=N1)C3=CC(=CC(=C3)OC)OC)NC(=O)NC(C)(C)C
1630,CN(C)CCNC1=CN=CC(=C1)C2=CN=CC(=N2)NC3=CC(=CC=C3)Cl
1631,C1=CC(=CC(=C1)Cl)NC2=NC=NC(=N2)C3=CC(=NC=C3)NCCCO
1632,CC(C)C1=C2C(=NC=NN2C=C1C3=NN=C(O3)C(F)F)NC4=C(C=C(C(=C4)C(=O)NOC)F)F
1633,CC(C)C1=C2C(=NC=NN2C=C1NC(=O)OCCCS(=O)(=O)C)NC3=C(C=C(C(=C3)C(=O)NOC)F)F
1634,CC(C)C1=C2C(=NC=NN2C=C1C3=NN=C(O3)C(F)(F)S(=O)(=O)C)NC4=C(C=C(C(=C4)C(=O)NOC)F)F
1635,CCN1CCC(CC1)NC2=CC3=C(C=C2)NC(=O)C3=C(C4=CC=C(C=C4)Cl)C5=NC=CN5
1636,C1C2=C(C=C(C=C2)CN3C=CN=C3)C4=C1C(=NN4)C5=CSC=C5
1637,CNC1=NC=CC(=N1)C2=CC=C(S2)C(=O)NC(CC3=C(C=C(C=C3)Cl)Cl)CN
1638,CN1CCN(CC1)CC2=CC3=C(CC4=C3NN=C4C5=CSC=C5)C=C2
1639,C1=CC=C(C=C1)C2=C3C4=C(C=CC(=C4)O)OC3=NC=C2O
1640,C1=CC(=C(C=C1NC2=C(C=NC3=C(C=C(C=C32)NCC4=NNN=C4)Br)C#N)Cl)F
1641,CNC(=O)C1=NC=CC(=C1)OC2=CC3=C(C=C2)OC(=N3)NC4=CC(=C(C=C4)Cl)OCC5CCCN5C
1642,C1CC2=C(N(C1)C(=O)C3CC3)SC(=C2C#N)NC(=O)C4=CC=CC5=CC=CC=C54
1643,C1CCC2=C(C1)C(=C(S2)NC(=O)C3=CC=CC4=CC=CC=C43)C#N
1644,C1=CC(=C(C=C1NC2=C(C=NC3=C(C=C(C=C32)NCC4=CN=CN4)F)C#N)Cl)F
1645,C1=CC(=C(C(=C1)F)NC(=S)N2C(=NC(=N2)NC3=CC=C(C=C3)S(=O)(=O)N)N)F
1646,CC(C)(C)C1=CN=C(O1)CSC2=CN=C(S2)NC(=O)CC3=CC=C(C=C3)CNC(CO)CO
1647,CC1=C(SC=C1)C(=O)N2C(=NC(=N2)NC3=CC=C(C=C3)S(=O)(=O)N)N
1648,CC1=C(C(=C(C=C1)F)C(=O)N2C(=NC(=N2)NC3=CC=C(C=C3)S(=O)(=O)N)C)F
1649,CC1=NN=C(O1)C2=CN3C(=C2C(C)C)C(=NC=N3)NC4=C(C=C(C(=C4)C(=O)NOC)F)F
1650,CC(C)C1=C2C(=NC=NN2C=C1NC(=O)OCC3CCCO3)NC4=C(C=C(C(=C4)C(=O)NOC)F)F
1651,CC1=C(C2=C(N=CN=C2S1)N)C3=CC=C(C=C3)NC(=O)NC4=C(C=CC(=C4)C(F)(F)F)F
1652,C1=CC=[N+](C(=C1)CNC2=CC(=C3C(=C2)C(=C(C=N3)C#N)NC4=CC(=C(C=C4)F)Cl)Cl)[O-]
1653,CN(C)CCCN1C=C(N=N1)CNC2=CC(=C3C(=C2)C(=C(C=N3)C#N)NC4=CC(=C(C=C4)F)Cl)Br
1654,CC1=C2C(=CC(=C1)C3CCN(CC3)CCCF)NC(=C4C(=CC=NC4=O)NCCN5C=C(C=N5)Cl)N2
1655,C1=CC=C2C(=C1)NC(=C3C=C(C=CC3=O)NC(=S)NC(=O)C4=CC=C(C=C4)[N+](=O)[O-])S2
1656,C1=CC2=C(C(=NN2C=C1)C3=CC=C(C=C3)F)C4=CC=NC=C4
1657,COC1=C(C=C(C=C1)C2=C(C(=CN=C2)C#N)NC3=CC4=C(C=C3)NC=C4)OC
1658,CN1CCCN(CC1)C2=NC(=CN=C2)C3=CC(=CC=C3)C=CC(=O)O
1659,C1=CC(=C(C=C1C2=C(C(=O)C3=C(C=C(C=C3O2)O)O)O)O)O
1660,CC1=CC=CC(=C1)C(=O)NC2=CC=CC(=C2)C(C)NC3=CN=CC(=N3)Cl
1661,C1=CC(=CC(=C1)F)CC(CN)NC(=O)C2=CC(=C(S2)C3=C4C=CNC4=NC=C3)Br
1662,C1=CC(=C(C=C1C=C(C#N)C#N)O)O
1663,CC(C)C(C)(C1CN(CCN1)C2=C(C=C(C(=N2)C3=C4C=CC=NC4=NN3)F)Cl)O
1664,C1=CC(=C2C(=C1O)C(=CN2)C3=NC(=NC=C3)N)Br
1665,CC(C)(C)C1=NN(C(=C1)NC(=O)NC2=CC(=CC=C2)OC3=CC=CC4=C3NC(=O)N4)C5=CC=CC=C5
1666,CC(C)(C)C1=NN(C(=C1)NC(=O)C2=CC(=CC=C2)OC3=CC=CC4=C3NC(=O)N4)C5=CC=CC=C5
1667,C1=CC(=CC(=C1)OC(F)(F)F)C(=O)NC2=CC(=C(C(=C2F)F)F)OC3=CC=CC4=C3NC(=O)N4
1668,CCCCC1=C2C(=NC=CN2)NC1=C3C=CC(=O)C=C3
1669,CC1=CC(=O)NN=C1C2=CC=C(C=C2)NC(=O)NC3=CC(=CC=C3)Cl
1670,CN1C=C(C2=C1N=CN=C2N)C3=CC4=C(C=C3)N(CC4)C(=O)CC5=CC(=CC=C5)C(F)(F)F
1671,C#CC1=NC=C(C=C1C2=CC3=C(C=C2)C=NC=C3)OCC(CC4=CNC5=CC=CC=C54)N
1672,C1=CC=C2C(=C1)C(=CN2)CC(COC3=CN=CC(=C3)C4=CC5=CC(=NC=C5C=C4)N)N
1673,CC(C)C(CO)NC1=NC2=C(C(=N1)NC3=CC(=C(C=C3)C(=O)O)Cl)N=CN2C(C)C
1674,CN1C=C(C2=CC=CC=C21)C3=C(C(=O)NC3=O)C4=CN(C5=CC=CC=C54)C6CCN(C6)CC7=CC=CC=C7
1675,CN1C=C(C2=CC=CC=C21)C3=C(C(=O)NC3=O)C4=CN(C5=CC=CC=C54)C6CCN(CC6)CC7=CC=CC=C7
1676,CC(C)N1CCC(CC1)N2C=C(C3=CC=CC=C32)C4=C(C(=O)NC4=O)C5=CN(C6=CC=CC=C65)C
1677,C1=CC=C2C(=C1)C=CC3=C2C4=C(C5=C3NC6=CC=CC=C65)C(=O)NC4=O
1678,C1COCCOCCOCCOCCN2C=C(C3=C2N=CC=C3)C4=C(C5=CN1C6=C5C=CC=N6)C(=O)NC4=O
1679,C1COCCOCCOCCN2C=C(C3=CC=CC=C32)C4=C(C5=CN1C6=CC=CC=C65)C(=O)NC4=O
1680,C1COCCOCCOCCN2C=C(C3=C2N=CC=C3)C4=C(C5=CN1C6=C5C=CC=N6)C(=O)NC4=O
1681,C1COCCOCCOCCN2C=C(C3=C2N=CC=C3)C4=C(C5=CN1C6=CC=CC=C65)C(=O)NC4=O
1682,C1=CC=C2C(=C1)C(=CN2)CC(COC3=CN=C(C(=C3)C4=CC5=C(C=C4)C=NC=C5)Cl)N
1683,CN1CCC(CC1)N2C=C(C3=CC=CC=C32)C4=C(C(=O)NC4=O)C5=CNC6=CC=CC=C65
1684,CN1CCC(CC1)N2C=C(C3=CC=CC=C32)C4=C(C(=O)NC4=O)C5=CN(C6=CC=CC=C65)C
1685,CCN1CCC(CC1)N2C=C(C3=CC=CC=C32)C4=C(C(=O)NC4=O)C5=CN(C6=CC=CC=C65)C
1686,CN1C=C(C2=CC=CC=C21)C3=C(C(=O)NC3=O)C4=CN(C5=CC=CC=C54)C6CCN(CC6)CC7CC7
1687,CN1C=C(C2=CC=CC=C21)C3=C(C(=O)NC3=O)C4=CN(C5=CC=CC=C54)C6CCNCC6
1688,CN(C)CCCN1C=C(C2=CC=CC=C21)C3=C(C(=O)NC3=O)C4=CNC5=CC=CC=C54
1689,CC1=C(C=C(C=C1)C(=O)NC2=NOC=C2)NC(=O)C3=C(N(N=C3)C4=CC=CC=C4F)N
1690,CC1=C(C=CC2=C1C=CN2)NC3=C4C=C(SC4=NC=C3C#N)C5=C(C=CC(=C5)OC)CN(C)C
1691,C1=CC(=CC(=C1)C(F)(F)F)C(=O)NC2=CC(=CC=C2)OC3=NN4C=CN=C4C=C3
1692,C1=CC(=CC(=C1)Cl)NC2=NC(=CN=C2)C3=CC(=CN=C3)NCCCN4C=CC=N4
1693,C1=CC(=CC(=C1)Cl)NC2=NC(=CN=C2)C3=CC(=CN=C3)NCCCN4C=NC=N4
1694,CC1CC=CC(=O)CCCCCC2=CC(=CC(=C2C(=O)O1)O)OC
1695,CC(C)(C)C1=NN(C(=C1)NC(=O)NC2=CC=CC3=CC=CC=C32)C4=CC=CC(=C4)C(=O)N(CCN)CCO
1696,COCCOCC#CC1=CC(=CS1)C2=NNC3=C2CC4=C3C=C(C=C4)CN5C=NC=N5
1697,CN1C=C(N=C1)CNC2=CC(=C3C(=C2)C(=C(C=N3)C#N)NC4=CC(=C(C=C4)F)Cl)Br
1698,CN1CCN(CC1)CC(=O)NC2=CC=CC3=C2CC4=C3NN=C4C5=CSC(=C5)C#CCOC6=CC=CC=C6
1699,COCC(=O)NC1=CC=CC2=C1CC3=C2NN=C3C4=CSC(=C4)C#CCOC5=CC=CC=C5
1700,COCCOCC(=O)NC1=CC=CC2=C1CC3=C2NN=C3C4=CSC(=C4)C#CCOC5=CC=CC=C5
1701,COC(=O)C(=O)NC1=CC=CC2=C1CC3=C2NN=C3C4=CSC(=C4)C#CCOC5=CC=CC=C5
1702,CC1=C(C=C(C=C1)O)NC2=NC(=NC=C2)NC3=CC=CC(=C3)C(=O)N
1703,CN1CCN(CC1)CC2=CC3=C(C=C2)C4=C(C3)C(=NN4)C5=CSC(=C5)C#CCOC6=CC=CC=C6
1704,CCOC(=O)CC(=O)NC1=CC=CC2=C1CC3=C2NN=C3C4=CSC(=C4)C#CCOC5=CC=CC=C5
1705,C1C(C1NC2=NC(=O)C(=CC3=CC4=C(C=C3)N=CC=C4)S2)C5=CC=CC=C5
1706,C1=CC2=C(C=CC(=C2)C=C3C(=O)N=C(S3)N)N=C1
1707,CC(C)C1=C2N=C(C=C(N2N=C1)NCC3=CC=CC=C3)NC(CO)C(CO)O
1708,CC(C)C1=C(C(=NN1)Cl)C2=NC(=NC=C2)NC3=NC=C(C=C3)N4CCC(CC4)N(C)C
1709,CC(C)C1=C(C(=NN1)C(F)(F)F)C2=NC(=NC=C2)NC3=NC=C(C=C3)N4CCC(CC4)N(C)C
1710,C1=CC=C(C=C1)C2=CC=NC3=C(C=NN23)C(=O)NC4=CC=C(C=C4)CO
1711,C1=CC2=C(C=C1Br)C(=CN2)C3=NC(=NC=C3)N
1712,C1=CN=C(N=C1C2=CNC3=CC(=CC(=C32)O)Br)N
1713,C1=CC2=C(C=C1Br)NC=C2C3=NC(=NC=C3)N
1714,C1=CC=C2C(=C1)C(=O)C3=C(C=CC(=C3C2=O)N)N
1715,CC(C)(C)C1=NN(C(=C1)NC(=O)NC2=CC=CC3=CC=CC=C32)C4=CC=CC(=C4)C(=O)NCCCCN(C)C
1716,CC1CC=CC(=O)CCCC=CC2=CC(=CC(=C2C(=O)O1)O)OC
1717,CCN1C2=C(C=CC(=C2)OC)SC1=CC(=O)C
1718,CN1C=CC2=C1C3=C(C=C2)C4=C(C5=C(N4)C(=CC=C5)CCCNC6CCC(CC6)O)C7=C3C(=O)NC7=O
1719,CCCC1=C(NC=N1)CNC2=CC(=C3C(=C2)C(=C(C=N3)C#N)NC4=CC(=C(C=C4)F)Cl)Cl
