drugid,targetid,label
0,0,1
0,1,1
1,1,1
2,0,1
2,2,1
2,3,1
2,4,1
2,5,1
2,6,1
2,7,1
2,8,1
2,9,1
2,10,1
2,11,1
2,12,1
2,13,1
2,14,1
2,15,1
2,16,1
2,17,1
2,18,1
2,19,1
2,20,1
2,21,1
2,22,1
2,23,1
2,24,1
2,25,1
2,26,1
2,27,1
2,28,1
2,29,1
2,30,1
2,31,1
2,32,1
2,33,1
2,34,1
2,35,1
2,36,1
2,37,1
2,38,1
2,39,1
2,40,1
2,41,1
2,42,1
2,43,1
2,44,1
2,45,1
2,46,1
2,47,1
2,48,1
2,49,1
2,50,1
2,51,1
2,52,1
2,53,1
2,54,1
2,55,1
2,56,1
2,57,1
2,58,1
2,59,1
2,60,1
2,61,1
2,62,1
2,63,1
2,64,1
2,65,1
2,66,1
2,67,1
3,3,1
3,32,1
3,41,1
3,68,1
3,69,1
3,70,1
4,6,1
4,16,1
4,23,1
4,26,1
4,32,1
4,41,1
4,47,1
4,71,1
5,0,1
5,1,1
5,35,1
6,72,1
6,73,1
7,74,1
8,2,1
9,11,1
10,11,1
11,11,1
12,11,1
13,11,1
14,11,1
15,11,1
16,11,1
17,11,1
18,11,1
19,11,1
20,11,1
21,11,1
22,11,1
23,11,1
24,0,1
24,1,1
24,17,1
24,35,1
24,75,1
24,76,1
25,17,1
25,35,1
25,68,1
25,75,1
25,76,1
26,0,1
26,1,1
26,17,1
26,35,1
26,70,1
26,75,1
26,76,1
27,0,1
27,1,1
27,17,1
27,35,1
27,75,1
27,76,1
28,0,1
28,1,1
28,17,1
28,35,1
28,75,1
28,76,1
29,11,1
30,73,1
31,73,1
32,73,1
33,73,1
34,73,1
35,73,1
36,18,1
36,38,1
36,70,1
36,77,1
36,78,1
37,0,1
37,2,1
37,6,1
37,7,1
37,10,1
37,17,1
37,32,1
37,37,1
37,38,1
37,42,1
37,44,1
37,46,1
37,51,1
37,63,1
37,69,1
37,71,1
37,75,1
37,76,1
37,79,1
37,80,1
37,81,1
37,82,1
37,83,1
38,2,1
38,8,1
38,19,1
38,24,1
38,38,1
38,42,1
38,50,1
38,63,1
38,67,1
38,69,1
38,81,1
38,84,1
38,85,1
38,86,1
38,87,1
38,88,1
39,2,1
39,8,1
39,19,1
39,38,1
39,50,1
39,67,1
39,81,1
39,87,1
39,88,1
40,74,1
40,75,1
40,89,1
40,90,1
41,90,1
42,90,1
43,74,1
43,90,1
44,69,1
44,81,1
44,91,1
45,2,1
46,2,1
46,8,1
46,17,1
46,19,1
46,37,1
46,50,1
46,61,1
46,67,1
46,75,1
46,76,1
46,80,1
46,87,1
46,88,1
46,92,1
47,4,1
47,16,1
47,20,1
47,26,1
47,43,1
47,72,1
47,73,1
47,93,1
47,94,1
48,2,1
48,19,1
48,38,1
48,50,1
48,63,1
48,81,1
48,84,1
48,95,1
48,96,1
49,11,1
50,0,1
50,1,1
50,17,1
50,35,1
50,75,1
50,76,1
51,11,1
52,11,1
53,0,1
53,1,1
53,17,1
53,35,1
53,75,1
53,76,1
54,11,1
55,11,1
56,73,1
57,11,1
58,11,1
59,11,1
60,11,1
61,11,1
62,11,1
63,11,1
64,11,1
65,2,1
66,2,1
66,97,1
67,2,1
67,79,1
68,11,1
69,11,1
70,2,1
71,72,1
71,73,1
72,73,1
72,98,1
73,73,1
73,98,1
74,73,1
74,98,1
75,73,1
76,73,1
77,19,1
77,73,1
77,98,1
78,3,1
78,27,1
78,70,1
79,3,1
79,7,1
79,10,1
79,11,1
79,14,1
79,18,1
79,35,1
79,36,1
79,37,1
79,38,1
79,44,1
79,46,1
79,49,1
79,50,1
79,51,1
79,52,1
79,60,1
79,66,1
79,68,1
79,69,1
79,70,1
79,79,1
79,80,1
79,84,1
79,86,1
79,95,1
79,96,1
79,97,1
79,99,1
79,100,1
79,101,1
79,102,1
79,103,1
79,104,1
80,11,1
80,17,1
80,25,1
80,32,1
80,105,1
80,106,1
80,107,1
80,108,1
80,109,1
81,3,1
81,7,1
81,17,1
81,25,1
81,46,1
81,50,1
81,51,1
81,59,1
81,69,1
81,75,1
81,76,1
81,80,1
81,82,1
81,86,1
81,88,1
81,95,1
81,99,1
81,103,1
81,110,1
81,111,1
81,112,1
81,113,1
82,1,1
82,3,1
82,6,1
82,8,1
82,9,1
82,10,1
82,13,1
82,15,1
82,16,1
82,18,1
82,20,1
82,21,1
82,22,1
82,25,1
82,26,1
82,27,1
82,29,1
82,31,1
82,32,1
82,33,1
82,37,1
82,38,1
82,39,1
82,44,1
82,45,1
82,47,1
82,50,1
82,54,1
82,57,1
82,58,1
82,59,1
82,61,1
82,67,1
82,70,1
82,71,1
82,76,1
82,80,1
82,81,1
82,86,1
82,87,1
82,89,1
82,95,1
82,99,1
82,103,1
82,109,1
82,111,1
82,113,1
82,114,1
82,115,1
82,116,1
82,117,1
82,118,1
82,119,1
82,120,1
82,121,1
82,122,1
82,123,1
82,124,1
82,125,1
82,126,1
82,127,1
82,128,1
82,129,1
82,130,1
82,131,1
82,132,1
83,0,1
83,3,1
83,11,1
83,12,1
83,15,1
83,16,1
83,17,1
83,20,1
83,21,1
83,22,1
83,31,1
83,32,1
83,33,1
83,35,1
83,39,1
83,40,1
83,50,1
83,53,1
83,57,1
83,59,1
83,60,1
83,67,1
83,71,1
83,75,1
83,76,1
83,82,1
83,89,1
83,91,1
83,133,1
83,134,1
83,135,1
84,18,1
84,31,1
84,42,1
84,44,1
84,63,1
84,70,1
84,102,1
85,18,1
85,44,1
85,70,1
85,102,1
86,17,1
86,37,1
86,38,1
86,44,1
86,58,1
86,61,1
86,130,1
86,136,1
86,137,1
86,138,1
86,139,1
87,6,1
87,8,1
87,19,1
87,25,1
87,26,1
87,33,1
87,45,1
87,48,1
87,54,1
87,61,1
87,67,1
87,71,1
87,75,1
87,80,1
87,91,1
87,114,1
87,115,1
87,125,1
87,130,1
87,132,1
87,134,1
87,136,1
88,11,1
88,17,1
88,140,1
89,7,1
89,8,1
89,17,1
89,18,1
89,19,1
89,23,1
89,37,1
89,38,1
89,44,1
89,48,1
89,51,1
89,52,1
89,59,1
89,60,1
89,61,1
89,70,1
89,71,1
89,75,1
89,76,1
89,91,1
89,113,1
89,114,1
89,117,1
89,129,1
89,130,1
89,136,1
89,141,1
89,142,1
90,0,1
90,1,1
90,17,1
90,35,1
90,72,1
90,73,1
90,75,1
90,76,1
90,92,1
90,143,1
91,18,1
91,38,1
91,44,1
91,70,1
91,77,1
91,102,1
91,118,1
91,119,1
92,36,1
92,130,1
92,144,1
93,0,1
93,2,1
93,3,1
93,5,1
93,6,1
93,8,1
93,9,1
93,10,1
93,13,1
93,14,1
93,15,1
93,16,1
93,17,1
93,18,1
93,19,1
93,20,1
93,21,1
93,22,1
93,23,1
93,24,1
93,25,1
93,26,1
93,27,1
93,28,1
93,29,1
93,31,1
93,32,1
93,35,1
93,36,1
93,37,1
93,38,1
93,39,1
93,40,1
93,41,1
93,42,1
93,44,1
93,45,1
93,46,1
93,47,1
93,48,1
93,49,1
93,50,1
93,51,1
93,52,1
93,53,1
93,54,1
93,56,1
93,57,1
93,58,1
93,59,1
93,60,1
93,61,1
93,63,1
93,67,1
93,69,1
93,70,1
93,71,1
93,75,1
93,76,1
93,80,1
93,81,1
93,85,1
93,86,1
93,87,1
93,88,1
93,89,1
93,91,1
93,95,1
93,96,1
93,99,1
93,103,1
93,104,1
93,109,1
93,112,1
93,113,1
93,114,1
93,117,1
93,123,1
93,125,1
93,129,1
93,130,1
93,131,1
93,132,1
93,136,1
93,137,1
93,141,1
93,142,1
93,145,1
93,146,1
93,147,1
93,148,1
94,3,1
94,7,1
94,16,1
94,17,1
94,20,1
94,21,1
94,28,1
94,31,1
94,32,1
94,33,1
94,39,1
94,45,1
94,51,1
94,52,1
94,54,1
94,58,1
94,59,1
94,61,1
94,65,1
94,67,1
94,71,1
94,75,1
94,76,1
94,80,1
94,81,1
94,82,1
94,85,1
94,86,1
94,87,1
94,89,1
94,130,1
94,143,1
94,149,1
95,3,1
95,9,1
95,13,1
95,21,1
95,23,1
95,25,1
95,31,1
95,32,1
95,59,1
95,99,1
95,150,1
95,151,1
96,57,1
96,119,1
96,136,1
97,24,1
97,152,1
98,7,1
98,17,1
98,36,1
98,51,1
98,52,1
98,58,1
98,59,1
98,75,1
98,76,1
98,85,1
98,99,1
98,117,1
98,130,1
98,137,1
98,141,1
98,153,1
99,3,1
99,8,1
99,10,1
99,13,1
99,16,1
99,17,1
99,20,1
99,21,1
99,24,1
99,26,1
99,31,1
99,32,1
99,33,1
99,34,1
99,36,1
99,39,1
99,47,1
99,48,1
99,50,1
99,54,1
99,59,1
99,67,1
99,117,1
99,124,1
99,125,1
99,130,1
99,131,1
99,132,1
99,153,1
100,11,1
100,33,1
100,36,1
101,17,1
101,28,1
101,31,1
101,38,1
101,75,1
101,76,1
102,5,1
102,7,1
102,17,1
102,18,1
102,27,1
102,37,1
102,38,1
102,51,1
102,52,1
102,59,1
102,70,1
102,75,1
102,76,1
102,136,1
103,3,1
103,5,1
103,6,1
103,7,1
103,10,1
103,17,1
103,18,1
103,37,1
103,38,1
103,46,1
103,51,1
103,52,1
103,59,1
103,70,1
103,75,1
103,76,1
103,99,1
103,136,1
104,6,1
104,7,1
104,8,1
104,38,1
104,59,1
104,70,1
104,99,1
104,130,1
104,136,1
105,7,1
105,17,1
105,37,1
105,38,1
105,52,1
105,75,1
105,76,1
105,91,1
105,117,1
105,130,1
105,136,1
105,141,1
105,146,1
105,154,1
106,7,1
106,8,1
106,37,1
106,38,1
106,51,1
106,52,1
106,61,1
106,85,1
106,117,1
106,130,1
106,149,1
106,153,1
107,7,1
107,17,1
107,51,1
107,75,1
107,85,1
107,111,1
107,113,1
107,130,1
108,7,1
108,17,1
108,24,1
108,36,1
108,37,1
108,38,1
108,51,1
108,52,1
108,65,1
108,75,1
108,76,1
108,85,1
108,99,1
108,117,1
108,129,1
108,130,1
108,133,1
108,136,1
108,137,1
108,139,1
108,141,1
108,146,1
108,153,1
108,155,1
108,156,1
109,5,1
109,7,1
109,17,1
109,24,1
109,33,1
109,37,1
109,38,1
109,44,1
109,51,1
109,52,1
109,56,1
109,70,1
109,75,1
109,76,1
109,85,1
109,99,1
109,111,1
109,113,1
109,117,1
109,129,1
109,130,1
109,136,1
109,141,1
109,146,1
109,152,1
109,153,1
109,155,1
109,156,1
110,7,1
110,24,1
110,38,1
110,70,1
110,129,1
110,130,1
110,136,1
111,8,1
111,11,1
111,12,1
111,17,1
111,36,1
111,75,1
111,76,1
112,0,1
112,4,1
112,8,1
112,17,1
112,33,1
112,36,1
112,38,1
112,43,1
112,72,1
112,73,1
112,75,1
112,76,1
112,91,1
112,145,1
113,42,1
113,71,1
113,87,1
114,3,1
114,6,1
114,15,1
114,16,1
114,22,1
114,26,1
114,28,1
114,33,1
114,34,1
114,39,1
114,45,1
114,47,1
114,48,1
114,57,1
114,59,1
114,61,1
114,67,1
114,75,1
114,80,1
114,82,1
114,89,1
114,90,1
114,91,1
114,103,1
114,114,1
114,115,1
114,123,1
114,124,1
114,132,1
114,133,1
114,134,1
114,144,1
114,147,1
114,157,1
115,7,1
115,17,1
115,21,1
115,28,1
115,31,1
115,32,1
115,33,1
115,59,1
115,75,1
115,76,1
116,7,1
116,17,1
116,21,1
116,32,1
116,51,1
116,58,1
116,59,1
116,67,1
116,75,1
116,76,1
116,124,1
116,129,1
116,149,1
117,3,1
117,7,1
117,8,1
117,13,1
117,17,1
117,19,1
117,21,1
117,23,1
117,31,1
117,32,1
117,39,1
117,47,1
117,54,1
117,59,1
117,71,1
117,75,1
117,76,1
117,80,1
117,114,1
117,124,1
117,132,1
117,149,1
118,42,1
119,42,1
119,71,1
120,7,1
120,8,1
120,17,1
120,18,1
120,36,1
120,37,1
120,38,1
120,44,1
120,52,1
120,58,1
120,70,1
120,75,1
120,76,1
120,117,1
120,118,1
120,119,1
120,129,1
120,130,1
120,136,1
120,141,1
120,144,1
120,145,1
121,3,1
121,6,1
121,7,1
121,8,1
121,13,1
121,16,1
121,17,1
121,19,1
121,20,1
121,21,1
121,23,1
121,25,1
121,26,1
121,28,1
121,29,1
121,31,1
121,32,1
121,33,1
121,39,1
121,40,1
121,41,1
121,50,1
121,51,1
121,54,1
121,57,1
121,58,1
121,59,1
121,61,1
121,63,1
121,67,1
121,71,1
121,75,1
121,76,1
121,80,1
121,81,1
121,85,1
121,87,1
121,89,1
121,94,1
121,105,1
121,106,1
121,109,1
121,116,1
121,124,1
121,130,1
121,132,1
121,149,1
121,158,1
121,159,1
122,4,1
122,5,1
122,7,1
122,17,1
122,27,1
122,36,1
122,37,1
122,38,1
122,41,1
122,43,1
122,46,1
122,48,1
122,57,1
122,58,1
122,70,1
122,75,1
122,76,1
122,80,1
122,91,1
122,113,1
122,129,1
122,136,1
122,137,1
122,138,1
122,139,1
122,141,1
122,142,1
122,144,1
122,145,1
122,146,1
122,149,1
122,153,1
122,154,1
122,156,1
123,7,1
123,17,1
123,52,1
123,75,1
123,76,1
123,85,1
123,130,1
123,137,1
124,17,1
124,18,1
124,33,1
124,44,1
124,50,1
124,58,1
124,59,1
124,70,1
124,71,1
124,125,1
124,129,1
124,130,1
124,135,1
124,146,1
124,152,1
124,157,1
124,160,1
125,17,1
125,37,1
125,38,1
126,3,1
126,7,1
126,17,1
126,19,1
126,20,1
126,21,1
126,28,1
126,31,1
126,32,1
126,39,1
126,54,1
126,58,1
126,59,1
126,61,1
126,63,1
126,71,1
126,75,1
126,76,1
126,81,1
126,84,1
126,85,1
126,89,1
126,92,1
126,111,1
126,124,1
126,130,1
126,132,1
126,144,1
126,149,1
127,6,1
127,7,1
127,8,1
127,11,1
127,13,1
127,16,1
127,17,1
127,19,1
127,20,1
127,21,1
127,23,1
127,25,1
127,26,1
127,28,1
127,31,1
127,33,1
127,34,1
127,36,1
127,39,1
127,45,1
127,47,1
127,48,1
127,51,1
127,52,1
127,54,1
127,57,1
127,59,1
127,61,1
127,64,1
127,67,1
127,75,1
127,76,1
127,81,1
127,85,1
127,87,1
127,90,1
127,116,1
127,117,1
127,125,1
127,129,1
127,130,1
127,134,1
127,135,1
127,137,1
127,138,1
127,139,1
127,141,1
127,143,1
127,149,1
127,161,1
128,37,1
128,38,1
128,42,1
128,48,1
128,58,1
128,61,1
128,129,1
128,130,1
128,162,1
129,7,1
129,17,1
129,18,1
129,38,1
129,46,1
129,51,1
129,52,1
129,70,1
129,75,1
129,76,1
129,91,1
129,111,1
129,113,1
129,117,1
129,130,1
129,141,1
129,149,1
129,153,1
129,156,1
130,7,1
130,8,1
130,17,1
130,27,1
130,48,1
130,51,1
130,52,1
130,59,1
130,71,1
130,75,1
130,76,1
130,85,1
130,86,1
130,89,1
130,99,1
130,104,1
130,113,1
130,125,1
130,130,1
130,148,1
130,155,1
130,156,1
130,158,1
131,7,1
131,15,1
131,52,1
131,59,1
131,113,1
131,117,1
131,129,1
131,130,1
131,136,1
131,152,1
131,153,1
131,156,1
131,163,1
132,0,1
132,8,1
132,12,1
132,17,1
132,24,1
132,33,1
132,35,1
132,36,1
132,48,1
132,60,1
132,75,1
132,76,1
132,91,1
132,125,1
132,141,1
133,8,1
133,11,1
133,17,1
133,18,1
133,39,1
133,41,1
133,47,1
133,48,1
133,50,1
133,58,1
133,61,1
133,69,1
133,75,1
133,76,1
133,80,1
133,87,1
133,88,1
133,89,1
133,95,1
133,103,1
133,125,1
133,130,1
133,149,1
133,155,1
133,156,1
133,164,1
134,3,1
134,8,1
134,13,1
134,16,1
134,17,1
134,19,1
134,20,1
134,21,1
134,23,1
134,25,1
134,26,1
134,31,1
134,32,1
134,33,1
134,36,1
134,39,1
134,40,1
134,47,1
134,48,1
134,50,1
134,53,1
134,54,1
134,58,1
134,61,1
134,75,1
134,76,1
134,80,1
134,82,1
134,89,1
134,94,1
134,125,1
134,129,1
134,130,1
134,134,1
134,135,1
134,149,1
135,0,1
135,17,1
135,36,1
135,75,1
135,76,1
135,145,1
136,17,1
136,18,1
136,27,1
136,38,1
136,44,1
136,52,1
136,70,1
136,75,1
136,76,1
136,84,1
136,117,1
136,130,1
136,136,1
136,137,1
137,0,1
137,4,1
137,5,1
137,6,1
137,7,1
137,14,1
137,17,1
137,18,1
137,27,1
137,29,1
137,32,1
137,35,1
137,36,1
137,37,1
137,38,1
137,43,1
137,44,1
137,46,1
137,48,1
137,51,1
137,52,1
137,57,1
137,58,1
137,59,1
137,60,1
137,70,1
137,75,1
137,76,1
137,80,1
137,81,1
137,91,1
137,95,1
137,99,1
137,101,1
137,113,1
137,117,1
137,118,1
137,119,1
137,121,1
137,129,1
137,130,1
137,131,1
137,136,1
137,137,1
137,138,1
137,139,1
137,140,1
137,141,1
137,142,1
137,144,1
137,145,1
137,146,1
137,149,1
137,152,1
137,153,1
137,154,1
137,156,1
137,160,1
137,165,1
138,5,1
138,7,1
138,8,1
138,9,1
138,24,1
138,44,1
138,48,1
138,50,1
138,51,1
138,52,1
138,67,1
138,71,1
138,99,1
138,111,1
138,113,1
138,117,1
138,118,1
138,119,1
138,125,1
138,129,1
138,130,1
138,136,1
138,153,1
138,160,1
139,5,1
139,8,1
139,9,1
139,14,1
139,17,1
139,18,1
139,24,1
139,27,1
139,30,1
139,36,1
139,37,1
139,38,1
139,44,1
139,48,1
139,50,1
139,51,1
139,56,1
139,59,1
139,60,1
139,65,1
139,66,1
139,67,1
139,70,1
139,75,1
139,76,1
139,81,1
139,85,1
139,86,1
139,87,1
139,89,1
139,91,1
139,95,1
139,97,1
139,103,1
139,104,1
139,111,1
139,112,1
139,113,1
139,123,1
139,125,1
139,129,1
139,131,1
139,136,1
139,137,1
139,138,1
139,139,1
139,141,1
139,142,1
139,145,1
139,148,1
139,152,1
139,153,1
139,155,1
139,156,1
139,158,1
139,164,1
139,166,1
139,167,1
140,2,1
140,3,1
140,8,1
140,10,1
140,14,1
140,17,1
140,18,1
140,21,1
140,27,1
140,31,1
140,37,1
140,38,1
140,44,1
140,46,1
140,48,1
140,51,1
140,52,1
140,56,1
140,59,1
140,60,1
140,61,1
140,66,1
140,70,1
140,75,1
140,76,1
140,81,1
140,85,1
140,86,1
140,99,1
140,103,1
140,104,1
140,111,1
140,113,1
140,117,1
140,124,1
140,129,1
140,130,1
140,131,1
140,142,1
140,144,1
140,149,1
140,155,1
140,156,1
141,3,1
141,5,1
141,6,1
141,7,1
141,8,1
141,13,1
141,15,1
141,16,1
141,17,1
141,19,1
141,20,1
141,23,1
141,25,1
141,26,1
141,28,1
141,31,1
141,32,1
141,39,1
141,41,1
141,45,1
141,48,1
141,51,1
141,54,1
141,57,1
141,58,1
141,59,1
141,61,1
141,67,1
141,71,1
141,75,1
141,76,1
141,80,1
141,81,1
141,85,1
141,87,1
141,89,1
141,109,1
141,114,1
141,149,1
141,158,1
141,162,1
142,7,1
142,8,1
142,38,1
142,70,1
142,130,1
142,136,1
143,5,1
143,9,1
143,24,1
143,44,1
143,51,1
143,52,1
143,67,1
143,70,1
143,71,1
143,87,1
143,111,1
143,113,1
143,117,1
143,118,1
143,119,1
143,129,1
143,136,1
143,145,1
143,153,1
144,7,1
144,17,1
144,50,1
144,51,1
144,59,1
144,75,1
144,76,1
145,5,1
145,6,1
145,7,1
145,17,1
145,18,1
145,29,1
145,41,1
145,51,1
145,52,1
145,70,1
145,75,1
145,76,1
145,80,1
145,95,1
145,103,1
145,104,1
145,111,1
145,117,1
145,130,1
145,136,1
145,153,1
145,156,1
145,163,1
146,3,1
146,6,1
146,8,1
146,13,1
146,15,1
146,16,1
146,17,1
146,19,1
146,20,1
146,23,1
146,25,1
146,26,1
146,28,1
146,31,1
146,32,1
146,39,1
146,41,1
146,45,1
146,47,1
146,48,1
146,50,1
146,54,1
146,58,1
146,59,1
146,61,1
146,67,1
146,71,1
146,75,1
146,76,1
146,80,1
146,82,1
146,89,1
146,114,1
146,117,1
146,130,1
147,0,1
147,5,1
147,6,1
147,8,1
147,9,1
147,13,1
147,14,1
147,15,1
147,16,1
147,17,1
147,18,1
147,19,1
147,24,1
147,29,1
147,33,1
147,35,1
147,36,1
147,37,1
147,38,1
147,41,1
147,43,1
147,46,1
147,47,1
147,48,1
147,50,1
147,52,1
147,57,1
147,60,1
147,61,1
147,65,1
147,66,1
147,67,1
147,71,1
147,75,1
147,76,1
147,81,1
147,85,1
147,86,1
147,87,1
147,91,1
147,95,1
147,96,1
147,99,1
147,101,1
147,104,1
147,110,1
147,111,1
147,117,1
147,118,1
147,124,1
147,125,1
147,129,1
147,131,1
147,136,1
147,137,1
147,138,1
147,139,1
147,141,1
147,144,1
147,145,1
147,147,1
147,148,1
147,149,1
147,152,1
147,153,1
147,155,1
147,156,1
147,163,1
147,165,1
147,166,1
147,167,1
148,17,1
148,36,1
148,37,1
148,38,1
148,75,1
148,76,1
149,3,1
149,5,1
149,24,1
149,38,1
149,40,1
149,44,1
149,48,1
149,59,1
149,63,1
149,65,1
149,80,1
149,81,1
149,86,1
149,89,1
149,141,1
149,152,1
149,154,1
149,161,1
149,163,1
149,168,1
150,5,1
150,17,1
150,24,1
150,37,1
150,38,1
150,52,1
150,75,1
150,76,1
150,129,1
150,130,1
150,136,1
150,146,1
150,152,1
151,8,1
151,17,1
151,18,1
151,24,1
151,31,1
151,33,1
151,44,1
151,50,1
151,58,1
151,70,1
151,71,1
151,75,1
151,76,1
151,117,1
151,129,1
151,130,1
151,146,1
152,0,1
152,3,1
152,10,1
152,17,1
152,21,1
152,25,1
152,27,1
152,31,1
152,32,1
152,58,1
152,59,1
152,60,1
152,61,1
152,67,1
152,69,1
152,71,1
152,75,1
152,76,1
152,80,1
152,86,1
152,87,1
152,88,1
152,91,1
152,111,1
152,130,1
152,149,1
152,153,1
153,0,1
153,3,1
153,6,1
153,7,1
153,8,1
153,11,1
153,13,1
153,15,1
153,16,1
153,17,1
153,19,1
153,20,1
153,23,1
153,25,1
153,26,1
153,28,1
153,29,1
153,31,1
153,32,1
153,39,1
153,40,1
153,41,1
153,45,1
153,47,1
153,48,1
153,50,1
153,51,1
153,54,1
153,57,1
153,58,1
153,59,1
153,61,1
153,63,1
153,64,1
153,67,1
153,71,1
153,75,1
153,76,1
153,80,1
153,82,1
153,85,1
153,87,1
153,95,1
153,103,1
153,109,1
153,114,1
153,123,1
153,125,1
153,129,1
153,149,1
153,158,1
153,162,1
154,7,1
154,8,1
154,17,1
154,24,1
154,30,1
154,37,1
154,38,1
154,46,1
154,50,1
154,51,1
154,52,1
154,60,1
154,65,1
154,66,1
154,75,1
154,76,1
154,81,1
154,87,1
154,91,1
154,97,1
154,99,1
154,111,1
154,113,1
154,117,1
154,141,1
154,152,1
154,156,1
154,158,1
155,3,1
155,7,1
155,16,1
155,17,1
155,19,1
155,20,1
155,21,1
155,25,1
155,31,1
155,32,1
155,33,1
155,34,1
155,39,1
155,40,1
155,48,1
155,50,1
155,58,1
155,61,1
155,64,1
155,67,1
155,71,1
155,75,1
155,76,1
155,80,1
155,89,1
155,103,1
155,114,1
155,124,1
155,129,1
155,130,1
155,134,1
155,137,1
155,138,1
155,144,1
155,145,1
155,149,1
156,7,1
156,10,1
156,17,1
156,24,1
156,46,1
156,51,1
156,52,1
156,75,1
156,76,1
156,85,1
156,87,1
156,99,1
156,111,1
156,113,1
156,130,1
156,141,1
156,152,1
156,155,1
156,156,1
156,158,1
157,17,1
157,42,1
157,63,1
157,75,1
157,76,1
158,17,1
158,37,1
158,38,1
158,52,1
158,70,1
158,75,1
158,76,1
158,130,1
159,0,1
159,3,1
159,7,1
159,8,1
159,10,1
159,13,1
159,15,1
159,16,1
159,17,1
159,19,1
159,20,1
159,23,1
159,25,1
159,26,1
159,28,1
159,31,1
159,32,1
159,33,1
159,34,1
159,39,1
159,40,1
159,45,1
159,48,1
159,50,1
159,51,1
159,53,1
159,54,1
159,58,1
159,61,1
159,62,1
159,71,1
159,76,1
159,80,1
159,81,1
159,85,1
159,89,1
159,90,1
159,94,1
159,95,1
159,103,1
159,109,1
159,114,1
159,123,1
159,124,1
159,125,1
159,133,1
159,134,1
159,137,1
159,138,1
160,0,1
160,2,1
160,3,1
160,5,1
160,6,1
160,7,1
160,8,1
160,9,1
160,10,1
160,11,1
160,12,1
160,14,1
160,15,1
160,16,1
160,17,1
160,19,1
160,20,1
160,21,1
160,22,1
160,23,1
160,25,1
160,26,1
160,29,1
160,31,1
160,32,1
160,33,1
160,34,1
160,35,1
160,39,1
160,40,1
160,41,1
160,44,1
160,45,1
160,46,1
160,47,1
160,48,1
160,50,1
160,51,1
160,53,1
160,57,1
160,58,1
160,60,1
160,64,1
160,67,1
160,69,1
160,70,1
160,71,1
160,75,1
160,76,1
160,80,1
160,82,1
160,85,1
160,86,1
160,87,1
160,88,1
160,89,1
160,90,1
160,91,1
160,94,1
160,95,1
160,98,1
160,99,1
160,103,1
160,105,1
160,106,1
160,109,1
160,111,1
160,113,1
160,114,1
160,115,1
160,116,1
160,117,1
160,118,1
160,121,1
160,122,1
160,123,1
160,125,1
160,129,1
160,130,1
160,131,1
160,132,1
160,134,1
160,137,1
160,138,1
160,140,1
160,142,1
160,144,1
160,147,1
160,148,1
160,149,1
160,153,1
160,157,1
160,164,1
160,167,1
160,169,1
160,170,1
160,171,1
160,172,1
161,7,1
161,8,1
161,17,1
161,18,1
161,24,1
161,36,1
161,44,1
161,46,1
161,51,1
161,52,1
161,56,1
161,60,1
161,65,1
161,70,1
161,75,1
161,76,1
161,87,1
161,91,1
161,99,1
161,111,1
161,113,1
161,117,1
161,125,1
161,136,1
161,141,1
161,152,1
161,155,1
161,156,1
161,160,1
161,164,1
161,166,1
161,167,1
162,0,1
162,17,1
162,36,1
162,75,1
162,76,1
163,5,1
163,7,1
163,17,1
163,24,1
163,37,1
163,38,1
163,52,1
163,75,1
163,136,1
163,146,1
163,152,1
164,5,1
164,8,1
164,11,1
164,17,1
164,45,1
164,60,1
164,61,1
164,63,1
164,75,1
164,76,1
164,87,1
164,91,1
164,110,1
164,117,1
164,123,1
164,132,1
164,133,1
164,139,1
164,164,1
164,167,1
165,3,1
165,7,1
165,13,1
165,16,1
165,17,1
165,20,1
165,21,1
165,28,1
165,31,1
165,32,1
165,33,1
165,34,1
165,39,1
165,45,1
165,48,1
165,51,1
165,52,1
165,54,1
165,58,1
165,59,1
165,61,1
165,67,1
165,71,1
165,75,1
165,76,1
165,81,1
165,85,1
165,89,1
165,130,1
165,143,1
165,149,1
166,7,1
166,8,1
166,24,1
166,38,1
166,70,1
166,129,1
166,130,1
166,136,1
166,149,1
167,8,1
167,16,1
167,17,1
167,19,1
167,20,1
167,21,1
167,23,1
167,25,1
167,26,1
167,31,1
167,32,1
167,33,1
167,39,1
167,48,1
167,59,1
167,60,1
167,62,1
167,67,1
167,71,1
167,75,1
167,76,1
167,91,1
167,94,1
167,109,1
167,125,1
168,7,1
168,51,1
168,75,1
168,104,1
168,110,1
168,121,1
168,130,1
169,7,1
169,15,1
169,16,1
169,17,1
169,19,1
169,20,1
169,21,1
169,22,1
169,23,1
169,31,1
169,32,1
169,33,1
169,39,1
169,51,1
169,67,1
169,71,1
169,75,1
169,76,1
169,87,1
169,89,1
169,94,1
169,132,1
169,135,1
169,149,1
169,153,1
170,5,1
170,7,1
170,8,1
170,9,1
170,24,1
170,41,1
170,44,1
170,48,1
170,50,1
170,51,1
170,52,1
170,67,1
170,70,1
170,71,1
170,91,1
170,99,1
170,111,1
170,113,1
170,117,1
170,118,1
170,119,1
170,125,1
170,129,1
170,130,1
170,136,1
170,153,1
170,164,1
171,5,1
171,7,1
171,8,1
171,13,1
171,17,1
171,21,1
171,25,1
171,51,1
171,67,1
171,71,1
171,75,1
171,76,1
171,81,1
171,85,1
171,104,1
171,153,1
171,156,1
172,17,1
172,27,1
172,37,1
172,38,1
172,46,1
172,51,1
172,58,1
172,75,1
172,76,1
172,99,1
172,104,1
172,111,1
172,113,1
172,155,1
172,156,1
173,0,1
173,8,1
173,17,1
173,36,1
173,37,1
173,60,1
173,75,1
173,91,1
173,125,1
174,5,1
174,7,1
174,8,1
174,9,1
174,19,1
174,24,1
174,37,1
174,44,1
174,48,1
174,50,1
174,51,1
174,52,1
174,59,1
174,67,1
174,70,1
174,81,1
174,86,1
174,87,1
174,91,1
174,98,1
174,99,1
174,111,1
174,113,1
174,115,1
174,117,1
174,118,1
174,119,1
174,121,1
174,122,1
174,125,1
174,129,1
174,130,1
174,136,1
174,140,1
174,145,1
174,153,1
174,160,1
174,169,1
174,173,1
174,174,1
175,3,1
175,7,1
175,10,1
175,16,1
175,17,1
175,20,1
175,21,1
175,31,1
175,32,1
175,33,1
175,39,1
175,45,1
175,47,1
175,48,1
175,50,1
175,58,1
175,59,1
175,67,1
175,71,1
175,75,1
175,76,1
175,85,1
175,89,1
175,103,1
175,123,1
175,134,1
175,143,1
176,8,1
176,17,1
176,36,1
176,47,1
176,59,1
176,67,1
176,75,1
176,76,1
176,110,1
176,113,1
176,117,1
176,130,1
176,131,1
176,139,1
176,142,1
176,144,1
177,0,1
177,17,1
177,36,1
177,38,1
177,75,1
177,76,1
177,91,1
177,116,1
177,117,1
177,130,1
177,145,1
178,3,1
178,6,1
178,7,1
178,8,1
178,10,1
178,11,1
178,14,1
178,16,1
178,17,1
178,21,1
178,23,1
178,24,1
178,25,1
178,26,1
178,27,1
178,29,1
178,30,1
178,31,1
178,32,1
178,33,1
178,34,1
178,39,1
178,41,1
178,46,1
178,48,1
178,51,1
178,53,1
178,60,1
178,66,1
178,67,1
178,70,1
178,75,1
178,76,1
178,80,1
178,81,1
178,82,1
178,85,1
178,86,1
178,88,1
178,89,1
178,90,1
178,91,1
178,94,1
178,97,1
178,99,1
178,104,1
178,109,1
178,111,1
178,113,1
178,130,1
178,134,1
178,135,1
178,152,1
178,153,1
178,156,1
179,7,1
179,51,1
179,111,1
179,130,1
180,2,1
180,3,1
180,5,1
180,7,1
180,8,1
180,10,1
180,17,1
180,18,1
180,21,1
180,24,1
180,27,1
180,31,1
180,32,1
180,37,1
180,38,1
180,40,1
180,42,1
180,51,1
180,58,1
180,59,1
180,60,1
180,63,1
180,64,1
180,67,1
180,69,1
180,70,1
180,71,1
180,75,1
180,76,1
180,80,1
180,82,1
180,86,1
180,87,1
180,88,1
180,89,1
180,91,1
180,95,1
180,103,1
180,111,1
180,114,1
180,130,1
180,136,1
180,137,1
180,142,1
180,146,1
180,147,1
180,148,1
180,149,1
181,5,1
181,8,1
181,13,1
181,17,1
181,24,1
181,38,1
181,39,1
181,42,1
181,60,1
181,63,1
181,65,1
181,75,1
181,76,1
181,81,1
181,85,1
181,129,1
181,136,1
181,146,1
181,152,1
181,158,1
181,161,1
181,164,1
182,3,1
182,7,1
182,17,1
182,18,1
182,37,1
182,38,1
182,51,1
182,52,1
182,56,1
182,59,1
182,70,1
182,75,1
182,76,1
182,80,1
182,85,1
182,86,1
182,99,1
182,104,1
182,111,1
182,113,1
182,130,1
182,136,1
182,156,1
182,158,1
183,38,1
183,44,1
183,153,1
184,0,1
184,17,1
184,36,1
184,60,1
184,75,1
184,76,1
184,91,1
185,5,1
185,7,1
185,17,1
185,38,1
185,52,1
185,75,1
185,76,1
185,117,1
185,130,1
185,136,1
185,137,1
185,138,1
185,139,1
185,153,1
185,156,1
186,6,1
186,17,1
186,41,1
186,75,1
186,76,1
187,13,1
187,17,1
187,19,1
187,23,1
187,31,1
187,32,1
187,54,1
187,58,1
187,63,1
187,71,1
187,75,1
187,76,1
187,85,1
187,89,1
187,158,1
188,3,1
188,6,1
188,8,1
188,10,1
188,13,1
188,15,1
188,16,1
188,17,1
188,18,1
188,19,1
188,20,1
188,21,1
188,25,1
188,26,1
188,29,1
188,31,1
188,32,1
188,33,1
188,34,1
188,36,1
188,39,1
188,41,1
188,44,1
188,47,1
188,48,1
188,50,1
188,51,1
188,52,1
188,54,1
188,59,1
188,61,1
188,67,1
188,70,1
188,71,1
188,75,1
188,76,1
188,80,1
188,81,1
188,85,1
188,86,1
188,87,1
188,89,1
188,103,1
188,109,1
188,113,1
188,117,1
188,118,1
188,123,1
188,124,1
188,130,1
188,132,1
188,133,1
188,134,1
188,137,1
188,144,1
188,148,1
188,153,1
188,162,1
188,172,1
189,3,1
189,7,1
189,8,1
189,13,1
189,16,1
189,17,1
189,19,1
189,20,1
189,21,1
189,23,1
189,25,1
189,26,1
189,31,1
189,32,1
189,33,1
189,39,1
189,40,1
189,47,1
189,48,1
189,50,1
189,51,1
189,54,1
189,58,1
189,61,1
189,75,1
189,76,1
189,80,1
189,85,1
189,89,1
189,109,1
189,114,1
189,125,1
189,132,1
190,17,1
190,75,1
190,76,1
191,3,1
191,8,1
191,10,1
191,17,1
191,18,1
191,39,1
191,48,1
191,50,1
191,58,1
191,61,1
191,67,1
191,71,1
191,75,1
191,76,1
191,80,1
191,86,1
191,88,1
191,89,1
191,114,1
191,125,1
191,149,1
192,14,1
192,17,1
192,27,1
192,37,1
192,38,1
192,46,1
192,51,1
192,75,1
192,76,1
192,81,1
192,85,1
192,97,1
192,99,1
192,104,1
192,111,1
192,113,1
192,130,1
192,144,1
192,155,1
192,158,1
193,11,1
193,59,1
193,71,1
193,131,1
193,149,1
194,7,1
194,21,1
194,33,1
194,85,1
194,157,1
194,158,1
194,160,1
195,5,1
195,11,1
195,17,1
195,24,1
195,52,1
195,65,1
195,71,1
195,75,1
195,76,1
195,110,1
195,117,1
195,130,1
195,136,1
195,137,1
195,141,1
195,146,1
195,152,1
195,153,1
196,7,1
196,17,1
196,51,1
196,75,1
196,76,1
196,85,1
196,99,1
196,111,1
196,155,1
196,158,1
197,5,1
197,7,1
197,8,1
197,10,1
197,14,1
197,17,1
197,18,1
197,24,1
197,27,1
197,36,1
197,37,1
197,38,1
197,41,1
197,44,1
197,48,1
197,50,1
197,51,1
197,56,1
197,58,1
197,59,1
197,60,1
197,65,1
197,66,1
197,67,1
197,68,1
197,70,1
197,71,1
197,75,1
197,76,1
197,81,1
197,82,1
197,86,1
197,87,1
197,89,1
197,91,1
197,95,1
197,99,1
197,101,1
197,103,1
197,104,1
197,111,1
197,113,1
197,117,1
197,124,1
197,125,1
197,129,1
197,131,1
197,136,1
197,137,1
197,138,1
197,139,1
197,141,1
197,144,1
197,148,1
197,152,1
197,153,1
197,154,1
197,155,1
197,156,1
197,158,1
197,164,1
197,166,1
197,167,1
198,17,1
198,18,1
198,37,1
198,38,1
198,70,1
198,75,1
199,8,1
199,136,1
200,7,1
200,13,1
200,17,1
200,28,1
200,33,1
200,51,1
200,54,1
200,62,1
200,71,1
200,75,1
200,76,1
200,89,1
200,114,1
200,132,1
201,0,1
201,2,1
201,3,1
201,5,1
201,6,1
201,8,1
201,9,1
201,10,1
201,11,1
201,12,1
201,13,1
201,14,1
201,16,1
201,17,1
201,18,1
201,19,1
201,20,1
201,21,1
201,22,1
201,23,1
201,25,1
201,26,1
201,27,1
201,29,1
201,31,1
201,32,1
201,35,1
201,37,1
201,39,1
201,41,1
201,42,1
201,44,1
201,45,1
201,46,1
201,47,1
201,48,1
201,50,1
201,52,1
201,54,1
201,56,1
201,57,1
201,58,1
201,59,1
201,60,1
201,61,1
201,67,1
201,69,1
201,70,1
201,71,1
201,75,1
201,76,1
201,80,1
201,81,1
201,86,1
201,88,1
201,89,1
201,91,1
201,95,1
201,103,1
201,109,1
201,112,1
201,113,1
201,114,1
201,117,1
201,123,1
201,125,1
201,130,1
201,131,1
201,132,1
201,135,1
201,136,1
201,144,1
201,147,1
201,148,1
201,149,1
201,161,1
201,175,1
202,17,1
202,19,1
202,71,1
202,75,1
202,76,1
203,0,1
203,36,1
204,5,1
204,8,1
204,41,1
204,44,1
204,52,1
204,67,1
204,70,1
204,71,1
204,87,1
204,91,1
204,99,1
204,111,1
204,113,1
204,117,1
204,118,1
204,119,1
204,125,1
204,129,1
204,130,1
204,136,1
204,153,1
204,164,1
205,0,1
205,17,1
205,35,1
205,38,1
205,60,1
205,75,1
205,91,1
205,132,1
205,138,1
205,139,1
205,145,1
206,17,1
206,19,1
206,23,1
206,25,1
206,59,1
206,71,1
206,75,1
206,76,1
206,109,1
207,7,1
207,16,1
207,17,1
207,32,1
207,39,1
207,59,1
207,67,1
207,71,1
207,75,1
207,76,1
207,89,1
207,129,1
208,2,1
208,12,1
208,15,1
208,23,1
208,31,1
208,39,1
208,46,1
208,50,1
208,56,1
208,59,1
208,61,1
208,70,1
208,75,1
208,85,1
208,99,1
208,104,1
208,111,1
208,113,1
208,125,1
208,130,1
208,131,1
208,133,1
208,134,1
208,136,1
208,141,1
208,144,1
208,155,1
208,156,1
208,160,1
209,17,1
209,37,1
209,38,1
209,58,1
209,146,1
210,17,1
210,65,1
210,75,1
210,76,1
211,6,1
211,8,1
211,10,1
211,17,1
211,48,1
211,51,1
211,53,1
211,58,1
211,59,1
211,67,1
211,71,1
211,75,1
211,76,1
211,103,1
211,124,1
211,125,1
211,133,1
211,134,1
211,149,1
211,153,1
212,3,1
212,5,1
212,7,1
212,8,1
212,17,1
212,18,1
212,27,1
212,37,1
212,38,1
212,41,1
212,44,1
212,46,1
212,48,1
212,51,1
212,52,1
212,56,1
212,59,1
212,66,1
212,70,1
212,75,1
212,76,1
212,80,1
212,82,1
212,85,1
212,87,1
212,95,1
212,99,1
212,103,1
212,104,1
212,111,1
212,113,1
212,117,1
212,124,1
212,130,1
212,136,1
212,139,1
212,144,1
212,146,1
212,149,1
212,153,1
212,155,1
212,156,1
212,158,1
212,164,1
213,5,1
213,6,1
213,17,1
213,18,1
213,29,1
213,37,1
213,38,1
213,41,1
213,44,1
213,52,1
213,70,1
213,75,1
213,76,1
213,130,1
213,153,1
214,5,1
214,7,1
214,8,1
214,9,1
214,24,1
214,38,1
214,44,1
214,48,1
214,50,1
214,51,1
214,52,1
214,67,1
214,70,1
214,71,1
214,87,1
214,91,1
214,99,1
214,111,1
214,113,1
214,117,1
214,118,1
214,119,1
214,125,1
214,129,1
214,130,1
214,136,1
214,145,1
214,153,1
214,160,1
215,5,1
215,7,1
215,8,1
215,9,1
215,24,1
215,38,1
215,41,1
215,44,1
215,48,1
215,50,1
215,52,1
215,67,1
215,70,1
215,71,1
215,91,1
215,99,1
215,111,1
215,113,1
215,117,1
215,118,1
215,119,1
215,125,1
215,129,1
215,136,1
215,145,1
215,153,1
215,160,1
215,164,1
216,3,1
216,8,1
216,16,1
216,17,1
216,18,1
216,39,1
216,48,1
216,50,1
216,61,1
216,67,1
216,69,1
216,75,1
216,76,1
216,80,1
216,81,1
216,86,1
216,88,1
216,89,1
216,103,1
216,125,1
216,149,1
216,164,1
217,3,1
217,7,1
217,10,1
217,11,1
217,12,1
217,15,1
217,17,1
217,19,1
217,20,1
217,21,1
217,22,1
217,26,1
217,33,1
217,40,1
217,47,1
217,51,1
217,59,1
217,62,1
217,67,1
217,71,1
217,75,1
217,76,1
217,80,1
217,82,1
217,87,1
217,89,1
217,94,1
217,124,1
217,132,1
217,133,1
217,134,1
217,135,1
217,158,1
218,17,1
218,75,1
218,99,1
218,104,1
218,111,1
218,113,1
219,8,1
219,11,1
219,125,1
220,5,1
220,17,1
220,24,1
220,75,1
220,138,1
220,146,1
220,152,1
221,7,1
221,8,1
221,38,1
221,52,1
221,117,1
221,125,1
221,129,1
221,130,1
221,136,1
221,153,1
221,160,1
222,5,1
222,17,1
222,24,1
222,38,1
222,52,1
222,65,1
222,75,1
222,76,1
222,117,1
222,129,1
222,130,1
222,136,1
222,137,1
222,138,1
222,141,1
222,149,1
222,152,1
222,153,1
222,154,1
222,163,1
223,6,1
223,7,1
223,8,1
223,17,1
223,18,1
223,32,1
223,51,1
223,52,1
223,59,1
223,76,1
223,113,1
223,117,1
223,129,1
223,130,1
223,136,1
223,153,1
223,156,1
223,163,1
224,17,1
224,19,1
224,21,1
224,25,1
224,31,1
224,32,1
224,58,1
224,59,1
224,71,1
224,75,1
224,76,1
224,89,1
224,124,1
225,0,1
225,3,1
225,7,1
225,8,1
225,16,1
225,17,1
225,19,1
225,20,1
225,21,1
225,23,1
225,25,1
225,26,1
225,28,1
225,31,1
225,32,1
225,33,1
225,38,1
225,39,1
225,40,1
225,45,1
225,47,1
225,48,1
225,50,1
225,51,1
225,54,1
225,57,1
225,58,1
225,61,1
225,67,1
225,71,1
225,75,1
225,76,1
225,80,1
225,81,1
225,85,1
225,87,1
225,89,1
225,90,1
225,92,1
225,94,1
225,103,1
225,109,1
225,114,1
225,124,1
225,132,1
225,134,1
225,158,1
226,65,1
226,152,1
227,3,1
227,6,1
227,7,1
227,13,1
227,16,1
227,17,1
227,18,1
227,39,1
227,41,1
227,44,1
227,46,1
227,50,1
227,52,1
227,59,1
227,70,1
227,75,1
227,76,1
227,80,1
227,82,1
227,85,1
227,95,1
227,103,1
227,109,1
227,131,1
227,136,1
228,17,1
228,37,1
228,38,1
228,75,1
228,76,1
228,130,1
229,0,1
229,2,1
229,3,1
229,5,1
229,6,1
229,7,1
229,9,1
229,10,1
229,13,1
229,16,1
229,17,1
229,18,1
229,19,1
229,20,1
229,21,1
229,25,1
229,26,1
229,27,1
229,28,1
229,29,1
229,31,1
229,32,1
229,33,1
229,35,1
229,36,1
229,37,1
229,38,1
229,39,1
229,40,1
229,41,1
229,47,1
229,48,1
229,51,1
229,52,1
229,54,1
229,59,1
229,60,1
229,61,1
229,64,1
229,69,1
229,71,1
229,75,1
229,76,1
229,80,1
229,81,1
229,85,1
229,86,1
229,87,1
229,88,1
229,89,1
229,90,1
229,94,1
229,95,1
229,103,1
229,104,1
229,109,1
229,110,1
229,113,1
229,114,1
229,116,1
229,117,1
229,123,1
229,129,1
229,130,1
229,132,1
229,136,1
229,142,1
229,144,1
229,145,1
229,146,1
229,148,1
229,149,1
229,153,1
229,155,1
229,156,1
229,158,1
229,164,1
229,166,1
229,167,1
229,168,1
229,175,1
230,5,1
230,6,1
230,7,1
230,8,1
230,9,1
230,19,1
230,24,1
230,32,1
230,37,1
230,38,1
230,41,1
230,44,1
230,48,1
230,50,1
230,51,1
230,52,1
230,54,1
230,59,1
230,67,1
230,70,1
230,71,1
230,81,1
230,86,1
230,87,1
230,91,1
230,98,1
230,99,1
230,105,1
230,111,1
230,115,1
230,117,1
230,118,1
230,121,1
230,122,1
230,125,1
230,129,1
230,130,1
230,132,1
230,136,1
230,140,1
230,145,1
230,153,1
230,157,1
230,160,1
230,164,1
230,169,1
230,173,1
230,174,1
231,17,1
231,75,1
231,117,1
231,130,1
231,153,1
232,6,1
232,8,1
232,52,1
232,104,1
232,130,1
232,153,1
233,5,1
233,6,1
233,17,1
233,18,1
233,29,1
233,37,1
233,38,1
233,41,1
233,44,1
233,52,1
233,70,1
233,75,1
233,76,1
233,130,1
233,138,1
233,153,1
234,0,1
234,3,1
234,7,1
234,17,1
234,19,1
234,21,1
234,23,1
234,31,1
234,32,1
234,33,1
234,45,1
234,57,1
234,58,1
234,59,1
234,67,1
234,71,1
234,75,1
234,76,1
234,85,1
234,89,1
234,92,1
234,111,1
234,124,1
234,132,1
234,158,1
235,13,1
235,45,1
235,80,1
235,115,1
235,124,1
235,132,1
235,136,1
235,176,1
236,3,1
236,8,1
236,13,1
236,15,1
236,16,1
236,17,1
236,19,1
236,20,1
236,23,1
236,25,1
236,26,1
236,28,1
236,32,1
236,33,1
236,34,1
236,39,1
236,48,1
236,50,1
236,51,1
236,54,1
236,58,1
236,61,1
236,67,1
236,75,1
236,76,1
236,80,1
236,85,1
236,89,1
236,94,1
236,114,1
236,124,1
236,125,1
236,133,1
236,134,1
236,158,1
237,7,1
237,17,1
237,27,1
237,37,1
237,38,1
237,46,1
237,51,1
237,75,1
237,76,1
237,99,1
237,111,1
237,113,1
237,130,1
237,155,1
237,156,1
237,158,1
238,5,1
238,10,1
238,17,1
238,33,1
238,37,1
238,38,1
238,44,1
238,48,1
238,58,1
238,61,1
238,63,1
238,64,1
238,67,1
238,70,1
238,75,1
238,87,1
238,117,1
238,129,1
238,130,1
238,136,1
238,138,1
238,144,1
238,162,1
238,163,1
239,1,1
239,5,1
239,6,1
239,7,1
239,8,1
239,9,1
239,10,1
239,14,1
239,17,1
239,21,1
239,22,1
239,26,1
239,32,1
239,33,1
239,39,1
239,44,1
239,45,1
239,46,1
239,48,1
239,50,1
239,51,1
239,60,1
239,61,1
239,65,1
239,66,1
239,67,1
239,69,1
239,70,1
239,75,1
239,80,1
239,81,1
239,85,1
239,86,1
239,90,1
239,91,1
239,95,1
239,98,1
239,99,1
239,105,1
239,110,1
239,112,1
239,113,1
239,115,1
239,118,1
239,120,1
239,121,1
239,122,1
239,125,1
239,126,1
239,127,1
239,128,1
239,129,1
239,130,1
239,131,1
239,132,1
239,134,1
239,136,1
239,137,1
239,140,1
239,144,1
239,147,1
239,148,1
239,149,1
239,152,1
239,153,1
239,163,1
239,164,1
239,167,1
239,170,1
239,177,1
240,7,1
240,8,1
240,16,1
240,17,1
240,20,1
240,26,1
240,33,1
240,37,1
240,38,1
240,39,1
240,50,1
240,52,1
240,67,1
240,71,1
240,75,1
240,89,1
240,94,1
240,124,1
240,130,1
240,167,1
241,8,1
241,16,1
241,17,1
241,18,1
241,19,1
241,20,1
241,21,1
241,26,1
241,28,1
241,29,1
241,34,1
241,37,1
241,38,1
241,39,1
241,44,1
241,47,1
241,59,1
241,71,1
241,75,1
241,76,1
241,81,1
241,82,1
241,89,1
241,94,1
241,130,1
241,133,1
241,134,1
242,5,1
242,17,1
242,24,1
242,52,1
242,65,1
242,75,1
242,76,1
242,129,1
242,130,1
242,146,1
242,152,1
243,3,1
243,4,1
243,5,1
243,9,1
243,10,1
243,14,1
243,17,1
243,18,1
243,24,1
243,27,1
243,30,1
243,36,1
243,37,1
243,38,1
243,41,1
243,43,1
243,44,1
243,48,1
243,49,1
243,50,1
243,56,1
243,57,1
243,59,1
243,60,1
243,65,1
243,66,1
243,67,1
243,70,1
243,71,1
243,75,1
243,76,1
243,81,1
243,85,1
243,86,1
243,87,1
243,89,1
243,91,1
243,95,1
243,96,1
243,101,1
243,103,1
243,104,1
243,110,1
243,111,1
243,112,1
243,113,1
243,118,1
243,119,1
243,123,1
243,125,1
243,129,1
243,131,1
243,136,1
243,137,1
243,138,1
243,139,1
243,141,1
243,142,1
243,145,1
243,148,1
243,149,1
243,152,1
243,153,1
243,154,1
243,155,1
243,156,1
243,158,1
243,160,1
243,166,1
243,167,1
244,7,1
244,8,1
244,17,1
244,24,1
244,30,1
244,37,1
244,46,1
244,51,1
244,52,1
244,66,1
244,68,1
244,75,1
244,76,1
244,81,1
244,85,1
244,91,1
244,97,1
244,99,1
244,111,1
244,113,1
244,117,1
244,130,1
244,136,1
244,141,1
244,153,1
244,155,1
244,156,1
244,158,1
244,163,1
245,7,1
245,46,1
245,51,1
245,99,1
245,111,1
245,113,1
245,121,1
245,155,1
245,156,1
245,158,1
246,3,1
246,5,1
246,6,1
246,7,1
246,8,1
246,10,1
246,14,1
246,17,1
246,18,1
246,29,1
246,37,1
246,38,1
246,41,1
246,44,1
246,46,1
246,48,1
246,51,1
246,52,1
246,56,1
246,58,1
246,59,1
246,60,1
246,66,1
246,69,1
246,70,1
246,75,1
246,76,1
246,80,1
246,82,1
246,85,1
246,86,1
246,87,1
246,88,1
246,95,1
246,97,1
246,99,1
246,103,1
246,104,1
246,111,1
246,113,1
246,117,1
246,130,1
246,136,1
246,137,1
246,146,1
246,148,1
246,149,1
246,153,1
246,155,1
246,156,1
246,158,1
246,166,1
247,5,1
247,17,1
247,24,1
247,38,1
247,40,1
247,59,1
247,63,1
247,67,1
247,86,1
247,87,1
247,89,1
247,97,1
247,130,1
247,147,1
247,152,1
247,161,1
247,168,1
248,2,1
248,17,1
248,21,1
248,75,1
248,76,1
248,144,1
248,168,1
249,17,1
249,37,1
249,38,1
249,52,1
249,56,1
249,75,1
250,7,1
250,16,1
250,21,1
250,51,1
250,81,1
250,87,1
250,129,1
250,130,1
250,133,1
250,145,1
251,2,1
251,8,1
251,10,1
251,11,1
251,17,1
251,18,1
251,34,1
251,35,1
251,37,1
251,38,1
251,44,1
251,48,1
251,52,1
251,57,1
251,70,1
251,75,1
251,76,1
251,88,1
251,110,1
251,124,1
251,131,1
251,141,1
251,149,1
251,153,1
251,164,1
251,167,1
252,17,1
252,36,1
252,75,1
252,85,1
252,117,1
252,130,1
252,141,1
253,3,1
253,8,1
253,17,1
253,18,1
253,37,1
253,38,1
253,44,1
253,52,1
253,70,1
253,75,1
253,76,1
253,117,1
253,130,1
254,2,1
254,7,1
254,10,1
254,17,1
254,37,1
254,38,1
254,51,1
254,56,1
254,58,1
254,75,1
254,76,1
254,81,1
254,85,1
254,86,1
254,97,1
254,99,1
254,104,1
254,111,1
254,113,1
254,130,1
254,137,1
254,138,1
254,139,1
254,149,1
254,153,1
254,155,1
254,156,1
254,158,1
255,3,1
255,5,1
255,7,1
255,8,1
255,17,1
255,21,1
255,36,1
255,37,1
255,51,1
255,52,1
255,59,1
255,75,1
255,76,1
255,80,1
255,85,1
255,89,1
255,91,1
255,104,1
255,113,1
255,117,1
255,130,1
255,136,1
255,141,1
255,146,1
255,149,1
255,152,1
255,153,1
256,17,1
256,36,1
256,75,1
256,76,1
257,6,1
257,8,1
257,13,1
257,17,1
257,18,1
257,21,1
257,32,1
257,34,1
257,35,1
257,39,1
257,48,1
257,51,1
257,52,1
257,54,1
257,58,1
257,59,1
257,64,1
257,67,1
257,71,1
257,75,1
257,76,1
257,80,1
257,89,1
257,91,1
257,95,1
257,103,1
257,124,1
257,125,1
257,130,1
257,134,1
257,149,1
257,153,1
257,156,1
258,3,1
258,7,1
258,16,1
258,17,1
258,19,1
258,20,1
258,21,1
258,23,1
258,25,1
258,28,1
258,31,1
258,32,1
258,33,1
258,39,1
258,48,1
258,51,1
258,54,1
258,57,1
258,58,1
258,59,1
258,61,1
258,63,1
258,67,1
258,71,1
258,75,1
258,76,1
258,80,1
258,85,1
258,89,1
258,117,1
258,130,1
258,143,1
258,149,1
258,158,1
259,7,1
259,10,1
259,14,1
259,17,1
259,30,1
259,38,1
259,46,1
259,51,1
259,56,1
259,66,1
259,75,1
259,76,1
259,81,1
259,85,1
259,86,1
259,97,1
259,99,1
259,104,1
259,113,1
259,130,1
259,142,1
259,155,1
259,156,1
259,158,1
260,3,1
260,6,1
260,8,1
260,10,1
260,21,1
260,26,1
260,33,1
260,39,1
260,47,1
260,48,1
260,69,1
260,70,1
260,80,1
260,95,1
260,109,1
260,125,1
260,135,1
260,136,1
260,144,1
260,157,1
260,170,1
261,17,1
261,18,1
261,38,1
261,44,1
261,52,1
261,58,1
261,70,1
261,75,1
261,76,1
261,89,1
261,91,1
261,117,1
261,130,1
261,141,1
261,146,1
261,149,1
261,152,1
261,153,1
261,163,1
262,8,1
262,38,1
262,52,1
262,91,1
262,95,1
262,125,1
263,5,1
263,7,1
263,8,1
263,9,1
263,24,1
263,38,1
263,41,1
263,48,1
263,50,1
263,51,1
263,52,1
263,67,1
263,70,1
263,71,1
263,87,1
263,91,1
263,99,1
263,111,1
263,113,1
263,117,1
263,119,1
263,125,1
263,129,1
263,130,1
263,136,1
263,153,1
263,160,1
264,5,1
264,9,1
264,38,1
264,44,1
264,51,1
264,52,1
264,70,1
264,71,1
264,87,1
264,111,1
264,117,1
264,118,1
264,119,1
264,129,1
264,130,1
264,136,1
264,153,1
265,7,1
265,17,1
265,38,1
265,51,1
265,75,1
265,76,1
265,99,1
265,111,1
265,113,1
265,130,1
265,155,1
265,156,1
265,158,1
266,13,1
266,15,1
266,17,1
266,20,1
266,23,1
266,25,1
266,26,1
266,32,1
266,33,1
266,39,1
266,50,1
266,54,1
266,67,1
266,75,1
266,89,1
266,94,1
266,114,1
266,124,1
266,134,1
267,0,1
267,3,1
267,4,1
267,5,1
267,6,1
267,17,1
267,18,1
267,24,1
267,27,1
267,38,1
267,43,1
267,44,1
267,52,1
267,58,1
267,70,1
267,75,1
267,76,1
267,86,1
267,117,1
267,118,1
267,119,1
267,129,1
267,130,1
267,136,1
267,137,1
267,146,1
267,160,1
268,3,1
268,17,1
268,21,1
268,34,1
268,36,1
268,37,1
268,38,1
268,44,1
268,70,1
268,76,1
268,80,1
268,86,1
268,109,1
268,117,1
268,124,1
268,130,1
268,134,1
269,0,1
269,5,1
269,8,1
269,10,1
269,21,1
269,24,1
269,31,1
269,32,1
269,37,1
269,38,1
269,48,1
269,58,1
269,59,1
269,60,1
269,61,1
269,67,1
269,71,1
269,87,1
269,88,1
269,91,1
269,117,1
269,124,1
269,129,1
269,130,1
269,133,1
269,134,1
269,137,1
269,141,1
269,152,1
269,153,1
270,17,1
270,37,1
270,38,1
270,75,1
270,76,1
270,130,1
270,137,1
270,138,1
270,139,1
271,0,1
271,3,1
271,5,1
271,6,1
271,10,1
271,11,1
271,13,1
271,15,1
271,17,1
271,18,1
271,19,1
271,20,1
271,21,1
271,25,1
271,26,1
271,29,1
271,31,1
271,32,1
271,33,1
271,34,1
271,35,1
271,37,1
271,38,1
271,39,1
271,41,1
271,44,1
271,47,1
271,53,1
271,54,1
271,57,1
271,59,1
271,61,1
271,69,1
271,70,1
271,71,1
271,75,1
271,76,1
271,80,1
271,89,1
271,90,1
271,109,1
271,116,1
271,123,1
271,130,1
271,132,1
271,144,1
271,167,1
272,0,1
272,8,1
272,17,1
272,28,1
272,36,1
272,75,1
272,76,1
272,145,1
273,3,1
273,4,1
273,11,1
273,12,1
273,23,1
273,30,1
273,34,1
273,39,1
273,42,1
273,43,1
273,55,1
273,58,1
273,60,1
273,62,1
273,63,1
273,64,1
273,66,1
273,69,1
273,80,1
273,87,1
273,88,1
273,96,1
273,97,1
273,116,1
273,129,1
273,133,1
273,136,1
273,138,1
273,139,1
273,141,1
273,142,1
273,144,1
273,146,1
273,147,1
273,149,1
273,154,1
273,155,1
273,156,1
273,161,1
273,164,1
273,167,1
273,168,1
274,3,1
274,7,1
274,8,1
274,10,1
274,17,1
274,51,1
274,58,1
274,59,1
274,75,1
274,76,1
274,80,1
274,87,1
274,124,1
274,155,1
275,3,1
275,7,1
275,13,1
275,16,1
275,17,1
275,19,1
275,20,1
275,21,1
275,23,1
275,25,1
275,31,1
275,32,1
275,33,1
275,39,1
275,48,1
275,51,1
275,54,1
275,58,1
275,59,1
275,67,1
275,71,1
275,75,1
275,76,1
275,81,1
275,85,1
275,89,1
275,129,1
275,134,1
275,143,1
275,149,1
275,158,1
276,17,1
276,32,1
276,75,1
276,76,1
276,130,1
276,153,1
277,10,1
277,17,1
277,37,1
277,38,1
277,51,1
277,56,1
277,58,1
277,75,1
277,76,1
277,81,1
277,85,1
277,99,1
277,130,1
277,138,1
277,139,1
277,149,1
277,153,1
277,155,1
277,156,1
278,7,1
278,17,1
278,51,1
278,75,1
278,76,1
278,97,1
278,99,1
278,113,1
278,153,1
278,155,1
278,156,1
279,3,1
279,7,1
279,8,1
279,15,1
279,16,1
279,17,1
279,19,1
279,20,1
279,21,1
279,23,1
279,25,1
279,26,1
279,28,1
279,33,1
279,34,1
279,39,1
279,40,1
279,41,1
279,47,1
279,48,1
279,50,1
279,58,1
279,61,1
279,76,1
279,85,1
279,89,1
279,94,1
279,103,1
279,109,1
279,114,1
279,124,1
279,132,1
279,133,1
279,134,1
280,6,1
280,7,1
280,10,1
280,17,1
280,37,1
280,46,1
280,51,1
280,52,1
280,56,1
280,75,1
280,76,1
280,81,1
280,86,1
280,99,1
281,3,1
281,5,1
281,7,1
281,8,1
281,13,1
281,16,1
281,17,1
281,19,1
281,20,1
281,23,1
281,25,1
281,26,1
281,28,1
281,31,1
281,32,1
281,39,1
281,40,1
281,47,1
281,48,1
281,51,1
281,54,1
281,57,1
281,58,1
281,59,1
281,61,1
281,67,1
281,71,1
281,75,1
281,76,1
281,80,1
281,81,1
281,85,1
281,87,1
281,89,1
281,95,1
281,103,1
281,109,1
281,114,1
281,117,1
281,129,1
281,149,1
281,158,1
281,162,1
282,0,1
282,3,1
282,7,1
282,8,1
282,16,1
282,17,1
282,19,1
282,20,1
282,21,1
282,23,1
282,25,1
282,26,1
282,28,1
282,31,1
282,32,1
282,33,1
282,39,1
282,40,1
282,45,1
282,47,1
282,48,1
282,51,1
282,54,1
282,57,1
282,58,1
282,59,1
282,61,1
282,67,1
282,71,1
282,75,1
282,76,1
282,80,1
282,81,1
282,85,1
282,89,1
282,90,1
282,92,1
282,94,1
282,103,1
282,109,1
282,114,1
282,124,1
282,125,1
282,132,1
282,134,1
282,149,1
282,158,1
283,5,1
283,24,1
283,38,1
283,44,1
283,48,1
283,51,1
283,52,1
283,70,1
283,71,1
283,87,1
283,91,1
283,119,1
283,129,1
283,130,1
283,136,1
283,153,1
284,17,1
284,44,1
284,52,1
284,70,1
284,75,1
284,76,1
284,117,1
284,130,1
285,17,1
285,37,1
285,38,1
285,75,1
285,76,1
285,111,1
286,3,1
286,8,1
286,10,1
286,16,1
286,17,1
286,18,1
286,39,1
286,48,1
286,50,1
286,61,1
286,67,1
286,69,1
286,75,1
286,76,1
286,80,1
286,86,1
286,88,1
286,89,1
286,125,1
286,149,1
286,156,1
287,11,1
287,12,1
287,53,1
287,59,1
287,71,1
288,5,1
288,7,1
288,8,1
288,9,1
288,24,1
288,38,1
288,44,1
288,48,1
288,50,1
288,52,1
288,70,1
288,71,1
288,91,1
288,99,1
288,111,1
288,113,1
288,117,1
288,118,1
288,119,1
288,125,1
288,129,1
288,136,1
288,153,1
288,160,1
288,164,1
289,5,1
289,6,1
289,7,1
289,8,1
289,9,1
289,24,1
289,37,1
289,38,1
289,41,1
289,44,1
289,48,1
289,50,1
289,52,1
289,67,1
289,70,1
289,71,1
289,87,1
289,91,1
289,99,1
289,111,1
289,113,1
289,117,1
289,118,1
289,119,1
289,125,1
289,129,1
289,136,1
289,145,1
289,153,1
289,164,1
290,3,1
290,7,1
290,8,1
290,10,1
290,11,1
290,12,1
290,13,1
290,15,1
290,16,1
290,17,1
290,19,1
290,20,1
290,21,1
290,22,1
290,23,1
290,25,1
290,26,1
290,28,1
290,29,1
290,31,1
290,32,1
290,33,1
290,34,1
290,39,1
290,40,1
290,45,1
290,47,1
290,48,1
290,50,1
290,51,1
290,53,1
290,54,1
290,57,1
290,58,1
290,59,1
290,60,1
290,61,1
290,62,1
290,64,1
290,69,1
290,71,1
290,75,1
290,76,1
290,80,1
290,81,1
290,85,1
290,87,1
290,89,1
290,90,1
290,94,1
290,95,1
290,98,1
290,103,1
290,105,1
290,106,1
290,109,1
290,114,1
290,115,1
290,116,1
290,122,1
290,124,1
290,125,1
290,129,1
290,132,1
290,134,1
290,142,1
290,149,1
290,153,1
290,157,1
290,160,1
290,169,1
290,170,1
290,171,1
291,2,1
291,3,1
291,6,1
291,9,1
291,10,1
291,13,1
291,15,1
291,16,1
291,17,1
291,18,1
291,19,1
291,20,1
291,21,1
291,23,1
291,25,1
291,26,1
291,28,1
291,29,1
291,32,1
291,33,1
291,34,1
291,37,1
291,38,1
291,39,1
291,41,1
291,44,1
291,45,1
291,47,1
291,48,1
291,49,1
291,50,1
291,52,1
291,54,1
291,61,1
291,69,1
291,70,1
291,71,1
291,73,1
291,75,1
291,76,1
291,80,1
291,81,1
291,82,1
291,86,1
291,94,1
291,105,1
291,106,1
291,109,1
291,118,1
291,122,1
291,124,1
291,131,1
291,134,1
291,140,1
291,144,1
291,157,1
291,173,1
292,5,1
292,6,1
292,9,1
292,37,1
292,44,1
292,52,1
292,70,1
292,71,1
292,87,1
292,111,1
292,117,1
292,118,1
292,129,1
292,136,1
292,153,1
293,2,1
293,10,1
293,17,1
293,37,1
293,38,1
293,51,1
293,56,1
293,58,1
293,75,1
293,76,1
293,85,1
293,86,1
293,99,1
293,113,1
293,130,1
293,137,1
293,138,1
293,139,1
293,156,1
294,8,1
294,17,1
294,58,1
294,75,1
294,146,1
295,5,1
295,7,1
295,8,1
295,9,1
295,38,1
295,41,1
295,44,1
295,48,1
295,50,1
295,51,1
295,52,1
295,67,1
295,70,1
295,71,1
295,99,1
295,111,1
295,113,1
295,117,1
295,118,1
295,119,1
295,125,1
295,129,1
295,130,1
295,136,1
295,153,1
295,164,1
296,24,1
296,38,1
296,136,1
297,5,1
297,17,1
297,24,1
297,65,1
297,85,1
297,152,1
298,3,1
298,17,1
298,19,1
298,20,1
298,31,1
298,32,1
298,39,1
298,59,1
298,63,1
298,71,1
298,75,1
298,76,1
298,89,1
298,94,1
298,124,1
298,133,1
298,144,1
299,3,1
299,5,1
299,6,1
299,11,1
299,13,1
299,16,1
299,17,1
299,19,1
299,20,1
299,21,1
299,25,1
299,26,1
299,28,1
299,31,1
299,32,1
299,33,1
299,34,1
299,39,1
299,41,1
299,45,1
299,47,1
299,48,1
299,50,1
299,54,1
299,59,1
299,61,1
299,62,1
299,67,1
299,70,1
299,75,1
299,76,1
299,80,1
299,82,1
299,86,1
299,87,1
299,88,1
299,91,1
299,94,1
299,95,1
299,103,1
299,109,1
299,110,1
299,115,1
299,118,1
299,122,1
299,124,1
299,132,1
299,133,1
299,134,1
299,135,1
299,148,1
299,157,1
299,170,1
299,175,1
300,4,1
300,5,1
300,6,1
300,7,1
300,17,1
300,18,1
300,27,1
300,36,1
300,37,1
300,38,1
300,43,1
300,46,1
300,48,1
300,51,1
300,58,1
300,60,1
300,70,1
300,75,1
300,76,1
300,80,1
300,81,1
300,91,1
300,113,1
300,118,1
300,119,1
300,129,1
300,131,1
300,136,1
300,137,1
300,138,1
300,139,1
300,141,1
300,142,1
300,144,1
300,145,1
300,146,1
300,149,1
300,153,1
300,154,1
300,156,1
300,160,1
301,17,1
301,32,1
301,40,1
301,58,1
301,67,1
301,71,1
301,75,1
301,76,1
301,87,1
301,124,1
301,142,1
301,149,1
302,8,1
302,38,1
302,70,1
302,130,1
302,136,1
302,149,1
303,8,1
303,10,1
303,17,1
303,18,1
303,37,1
303,38,1
303,44,1
303,52,1
303,59,1
303,70,1
303,75,1
303,76,1
303,130,1
303,153,1
303,160,1
304,0,1
304,3,1
304,5,1
304,7,1
304,8,1
304,9,1
304,10,1
304,11,1
304,12,1
304,15,1
304,16,1
304,17,1
304,19,1
304,20,1
304,21,1
304,22,1
304,23,1
304,25,1
304,26,1
304,28,1
304,32,1
304,34,1
304,36,1
304,39,1
304,40,1
304,48,1
304,49,1
304,50,1
304,51,1
304,53,1
304,56,1
304,57,1
304,58,1
304,59,1
304,60,1
304,61,1
304,62,1
304,64,1
304,67,1
304,71,1
304,75,1
304,76,1
304,80,1
304,90,1
304,91,1
304,94,1
304,95,1
304,109,1
304,114,1
304,124,1
304,134,1
304,135,1
304,178,1
305,7,1
305,17,1
305,27,1
305,51,1
305,58,1
305,75,1
305,76,1
305,81,1
305,85,1
305,86,1
305,99,1
305,104,1
305,111,1
305,117,1
305,130,1
305,138,1
305,153,1
305,155,1
305,156,1
306,8,1
306,14,1
306,17,1
306,30,1
306,46,1
306,51,1
306,52,1
306,58,1
306,75,1
306,76,1
306,85,1
306,97,1
306,99,1
306,111,1
306,113,1
306,144,1
307,3,1
307,17,1
307,39,1
307,48,1
307,52,1
307,59,1
307,71,1
307,75,1
307,76,1
307,89,1
307,111,1
307,130,1
307,149,1
308,5,1
308,7,1
308,8,1
308,9,1
308,24,1
308,38,1
308,41,1
308,44,1
308,48,1
308,50,1
308,51,1
308,52,1
308,67,1
308,70,1
308,71,1
308,99,1
308,111,1
308,113,1
308,117,1
308,118,1
308,119,1
308,125,1
308,129,1
308,130,1
308,136,1
308,145,1
308,153,1
308,160,1
308,164,1
309,5,1
309,10,1
309,17,1
309,37,1
309,38,1
309,51,1
309,56,1
309,58,1
309,75,1
309,81,1
309,85,1
309,99,1
309,104,1
309,113,1
309,136,1
309,139,1
309,149,1
309,153,1
309,156,1
310,0,1
310,17,1
310,36,1
310,67,1
310,71,1
310,75,1
310,76,1
310,91,1
310,137,1
310,138,1
310,145,1
311,7,1
311,8,1
311,24,1
311,38,1
311,70,1
311,129,1
311,130,1
311,131,1
311,136,1
311,149,1
312,3,1
312,6,1
312,7,1
312,13,1
312,15,1
312,16,1
312,17,1
312,19,1
312,20,1
312,23,1
312,25,1
312,26,1
312,28,1
312,31,1
312,32,1
312,39,1
312,40,1
312,45,1
312,47,1
312,48,1
312,51,1
312,54,1
312,58,1
312,61,1
312,67,1
312,71,1
312,75,1
312,76,1
312,80,1
312,82,1
312,85,1
312,87,1
312,89,1
312,103,1
312,109,1
312,114,1
312,158,1
313,3,1
313,7,1
313,8,1
313,13,1
313,17,1
313,19,1
313,20,1
313,21,1
313,23,1
313,25,1
313,26,1
313,31,1
313,32,1
313,33,1
313,39,1
313,40,1
313,47,1
313,48,1
313,50,1
313,51,1
313,54,1
313,58,1
313,59,1
313,61,1
313,75,1
313,76,1
313,80,1
313,85,1
313,89,1
313,109,1
313,114,1
313,125,1
313,129,1
313,132,1
313,134,1
314,17,1
314,24,1
314,37,1
314,38,1
314,70,1
314,80,1
314,85,1
314,130,1
315,0,1
315,17,1
315,35,1
315,36,1
315,75,1
315,76,1
315,91,1
315,145,1
316,17,1
316,24,1
316,39,1
316,75,1
316,117,1
316,130,1
316,152,1
317,8,1
317,17,1
317,18,1
317,21,1
317,32,1
317,34,1
317,50,1
317,52,1
317,58,1
317,59,1
317,61,1
317,70,1
317,75,1
317,76,1
317,109,1
317,117,1
317,129,1
317,130,1
317,135,1
317,141,1
317,152,1
317,153,1
317,157,1
318,7,1
318,8,1
318,18,1
318,31,1
318,32,1
318,34,1
318,36,1
318,37,1
318,38,1
318,44,1
318,46,1
318,48,1
318,50,1
318,51,1
318,58,1
318,59,1
318,60,1
318,61,1
318,67,1
318,69,1
318,70,1
318,80,1
318,85,1
318,86,1
318,87,1
318,88,1
318,89,1
318,91,1
318,95,1
318,98,1
318,99,1
318,103,1
318,104,1
318,110,1
318,111,1
318,113,1
318,115,1
318,117,1
318,118,1
318,119,1
318,121,1
318,122,1
318,125,1
318,129,1
318,136,1
318,140,1
318,141,1
318,144,1
318,149,1
318,153,1
318,154,1
318,155,1
318,156,1
318,157,1
318,160,1
318,163,1
318,164,1
318,166,1
318,167,1
318,169,1
318,172,1
318,174,1
319,11,1
319,17,1
319,36,1
319,75,1
319,76,1
320,0,1
320,8,1
320,17,1
320,35,1
320,36,1
320,48,1
320,52,1
320,60,1
320,67,1
320,75,1
320,76,1
320,91,1
320,125,1
321,7,1
321,8,1
321,17,1
321,38,1
321,39,1
321,50,1
321,52,1
321,53,1
321,61,1
321,62,1
321,71,1
321,75,1
321,76,1
321,89,1
321,124,1
321,130,1
321,141,1
321,142,1
321,167,1
322,0,1
322,3,1
322,7,1
322,9,1
322,10,1
322,11,1
322,13,1
322,16,1
322,17,1
322,18,1
322,19,1
322,20,1
322,31,1
322,32,1
322,33,1
322,34,1
322,35,1
322,37,1
322,38,1
322,41,1
322,44,1
322,47,1
322,50,1
322,51,1
322,52,1
322,56,1
322,57,1
322,59,1
322,60,1
322,61,1
322,69,1
322,70,1
322,71,1
322,75,1
322,76,1
322,80,1
322,82,1
322,86,1
322,87,1
322,89,1
322,91,1
322,95,1
322,103,1
322,104,1
322,109,1
322,110,1
322,111,1
322,113,1
322,117,1
322,123,1
322,124,1
322,130,1
322,133,1
322,134,1
322,136,1
322,146,1
322,148,1
322,152,1
322,153,1
322,154,1
322,161,1
322,164,1
322,166,1
322,167,1
323,38,1
323,130,1
323,136,1
324,3,1
324,6,1
324,7,1
324,10,1
324,13,1
324,16,1
324,17,1
324,19,1
324,20,1
324,23,1
324,25,1
324,28,1
324,31,1
324,32,1
324,39,1
324,40,1
324,51,1
324,54,1
324,57,1
324,58,1
324,59,1
324,61,1
324,67,1
324,70,1
324,71,1
324,75,1
324,76,1
324,80,1
324,81,1
324,85,1
324,87,1
324,89,1
324,103,1
324,109,1
324,114,1
324,158,1
324,162,1
325,0,1
325,2,1
325,3,1
325,5,1
325,6,1
325,7,1
325,8,1
325,9,1
325,10,1
325,13,1
325,14,1
325,15,1
325,16,1
325,17,1
325,18,1
325,19,1
325,21,1
325,22,1
325,23,1
325,25,1
325,26,1
325,27,1
325,29,1
325,32,1
325,33,1
325,34,1
325,35,1
325,37,1
325,38,1
325,39,1
325,40,1
325,41,1
325,44,1
325,45,1
325,47,1
325,48,1
325,50,1
325,51,1
325,52,1
325,54,1
325,57,1
325,60,1
325,61,1
325,64,1
325,67,1
325,69,1
325,70,1
325,71,1
325,75,1
325,76,1
325,80,1
325,81,1
325,82,1
325,85,1
325,86,1
325,87,1
325,88,1
325,90,1
325,91,1
325,94,1
325,95,1
325,98,1
325,99,1
325,104,1
325,105,1
325,106,1
325,109,1
325,110,1
325,113,1
325,114,1
325,115,1
325,116,1
325,117,1
325,118,1
325,119,1
325,122,1
325,124,1
325,125,1
325,129,1
325,130,1
325,131,1
325,132,1
325,133,1
325,134,1
325,135,1
325,136,1
325,140,1
325,142,1
325,144,1
325,147,1
325,148,1
325,149,1
325,153,1
325,157,1
325,164,1
325,167,1
325,169,1
325,170,1
325,171,1
325,172,1
325,173,1
325,179,1
326,37,1
326,38,1
326,55,1
326,59,1
326,86,1
326,136,1
326,161,1
326,168,1
327,3,1
327,6,1
327,13,1
327,14,1
327,16,1
327,17,1
327,19,1
327,20,1
327,21,1
327,22,1
327,23,1
327,25,1
327,26,1
327,31,1
327,32,1
327,33,1
327,34,1
327,39,1
327,41,1
327,45,1
327,48,1
327,54,1
327,59,1
327,61,1
327,67,1
327,71,1
327,75,1
327,76,1
327,80,1
327,86,1
327,89,1
327,94,1
327,109,1
327,114,1
327,115,1
327,122,1
327,124,1
327,130,1
327,132,1
327,134,1
327,136,1
327,170,1
328,7,1
328,8,1
328,17,1
328,20,1
328,51,1
328,52,1
328,75,1
328,76,1
328,85,1
328,99,1
328,111,1
328,113,1
328,117,1
328,130,1
329,5,1
329,7,1
329,8,1
329,9,1
329,24,1
329,38,1
329,41,1
329,44,1
329,48,1
329,50,1
329,51,1
329,52,1
329,67,1
329,70,1
329,71,1
329,87,1
329,91,1
329,99,1
329,111,1
329,117,1
329,119,1
329,125,1
329,129,1
329,130,1
329,136,1
329,145,1
329,153,1
330,5,1
330,9,1
330,38,1
330,44,1
330,51,1
330,52,1
330,70,1
330,87,1
330,111,1
330,117,1
330,118,1
330,119,1
330,129,1
330,130,1
330,136,1
330,153,1
331,2,1
331,3,1
331,5,1
331,6,1
331,9,1
331,13,1
331,16,1
331,17,1
331,19,1
331,21,1
331,23,1
331,25,1
331,26,1
331,29,1
331,32,1
331,33,1
331,34,1
331,39,1
331,41,1
331,47,1
331,54,1
331,57,1
331,59,1
331,61,1
331,67,1
331,71,1
331,75,1
331,76,1
331,80,1
331,82,1
331,85,1
331,86,1
331,94,1
331,98,1
331,105,1
331,106,1
331,109,1
331,118,1
331,122,1
331,124,1
331,129,1
331,130,1
331,131,1
331,134,1
331,140,1
331,153,1
331,157,1
331,169,1
331,171,1
331,172,1
332,8,1
332,17,1
332,32,1
332,52,1
332,58,1
332,59,1
332,67,1
332,70,1
332,71,1
332,75,1
332,76,1
332,117,1
332,129,1
332,130,1
332,135,1
332,153,1
333,7,1
333,30,1
333,46,1
333,51,1
333,52,1
333,56,1
333,66,1
333,68,1
333,85,1
333,97,1
333,99,1
333,111,1
333,113,1
333,121,1
333,130,1
333,140,1
333,141,1
333,153,1
333,155,1
333,156,1
333,158,1
334,3,1
334,7,1
334,8,1
334,13,1
334,16,1
334,17,1
334,19,1
334,20,1
334,21,1
334,23,1
334,25,1
334,26,1
334,28,1
334,31,1
334,32,1
334,33,1
334,39,1
334,47,1
334,51,1
334,54,1
334,58,1
334,59,1
334,61,1
334,63,1
334,67,1
334,71,1
334,75,1
334,76,1
334,80,1
334,85,1
334,89,1
334,124,1
334,130,1
334,138,1
334,149,1
335,45,1
336,4,1
336,5,1
336,6,1
336,7,1
336,11,1
336,13,1
336,15,1
336,16,1
336,17,1
336,18,1
336,19,1
336,20,1
336,22,1
336,24,1
336,25,1
336,26,1
336,28,1
336,29,1
336,31,1
336,32,1
336,33,1
336,34,1
336,36,1
336,37,1
336,38,1
336,39,1
336,40,1
336,41,1
336,45,1
336,48,1
336,50,1
336,51,1
336,53,1
336,54,1
336,58,1
336,59,1
336,61,1
336,62,1
336,67,1
336,69,1
336,71,1
336,75,1
336,76,1
336,80,1
336,81,1
336,82,1
336,87,1
336,89,1
336,90,1
336,94,1
336,95,1
336,103,1
336,109,1
336,112,1
336,114,1
336,123,1
336,124,1
336,129,1
336,134,1
336,158,1
337,0,1
337,8,1
337,11,1
337,17,1
337,33,1
337,71,1
337,75,1
338,7,1
338,17,1
338,21,1
338,31,1
338,32,1
338,33,1
338,48,1
338,50,1
338,51,1
338,58,1
338,59,1
338,71,1
338,75,1
338,76,1
338,80,1
338,99,1
338,111,1
338,130,1
338,143,1
338,149,1
338,156,1
338,158,1
339,10,1
339,17,1
339,21,1
339,59,1
339,60,1
339,61,1
339,71,1
339,75,1
339,76,1
339,87,1
339,91,1
339,124,1
339,134,1
339,144,1
340,5,1
340,6,1
340,7,1
340,8,1
340,9,1
340,24,1
340,34,1
340,37,1
340,38,1
340,48,1
340,50,1
340,52,1
340,67,1
340,70,1
340,87,1
340,91,1
340,99,1
340,111,1
340,113,1
340,117,1
340,118,1
340,119,1
340,125,1
340,136,1
340,145,1
340,153,1
340,164,1
341,3,1
341,16,1
341,17,1
341,20,1
341,32,1
341,33,1
341,39,1
341,48,1
341,58,1
341,59,1
341,67,1
341,71,1
341,75,1
341,76,1
341,80,1
341,129,1
341,138,1
341,149,1
342,17,1
342,27,1
342,38,1
342,46,1
342,51,1
342,75,1
342,76,1
342,99,1
342,104,1
342,130,1
342,156,1
343,0,1
343,17,1
343,36,1
343,75,1
343,76,1
343,145,1
344,0,1
344,3,1
344,6,1
344,11,1
344,15,1
344,16,1
344,17,1
344,19,1
344,20,1
344,22,1
344,26,1
344,28,1
344,32,1
344,35,1
344,39,1
344,45,1
344,47,1
344,61,1
344,71,1
344,75,1
344,76,1
344,80,1
344,82,1
344,123,1
345,5,1
345,24,1
345,37,1
345,38,1
345,86,1
345,130,1
345,141,1
345,146,1
345,152,1
345,154,1
346,7,1
346,17,1
346,21,1
346,51,1
346,52,1
346,67,1
346,75,1
346,81,1
346,85,1
346,87,1
346,89,1
346,104,1
346,111,1
346,113,1
346,116,1
346,130,1
346,134,1
346,153,1
347,4,1
347,7,1
347,8,1
347,10,1
347,17,1
347,34,1
347,35,1
347,37,1
347,38,1
347,44,1
347,48,1
347,52,1
347,60,1
347,67,1
347,69,1
347,70,1
347,75,1
347,76,1
347,80,1
347,86,1
347,95,1
347,96,1
347,99,1
347,101,1
347,103,1
347,111,1
347,113,1
347,125,1
347,130,1
347,136,1
347,141,1
347,149,1
347,153,1
347,155,1
347,156,1
347,165,1
347,168,1
348,136,1
349,0,1
349,5,1
349,17,1
349,18,1
349,35,1
349,38,1
349,44,1
349,52,1
349,70,1
349,75,1
349,76,1
349,117,1
349,130,1
350,5,1
350,7,1
350,8,1
350,9,1
350,24,1
350,41,1
350,44,1
350,48,1
350,50,1
350,51,1
350,52,1
350,67,1
350,70,1
350,71,1
350,81,1
350,87,1
350,91,1
350,99,1
350,111,1
350,113,1
350,117,1
350,118,1
350,119,1
350,125,1
350,129,1
350,130,1
350,136,1
350,153,1
350,160,1
350,164,1
351,11,1
351,17,1
351,75,1
351,76,1
351,130,1
351,138,1
352,5,1
352,7,1
352,10,1
352,17,1
352,51,1
352,56,1
352,111,1
352,136,1
352,138,1
352,139,1
352,149,1
352,153,1
353,0,1
353,3,1
353,4,1
353,5,1
353,6,1
353,8,1
353,10,1
353,17,1
353,18,1
353,19,1
353,21,1
353,29,1
353,31,1
353,33,1
353,34,1
353,35,1
353,36,1
353,38,1
353,41,1
353,43,1
353,44,1
353,48,1
353,52,1
353,57,1
353,58,1
353,59,1
353,60,1
353,61,1
353,63,1
353,67,1
353,68,1
353,70,1
353,71,1
353,75,1
353,76,1
353,80,1
353,88,1
353,89,1
353,91,1
353,95,1
353,103,1
353,104,1
353,109,1
353,112,1
353,113,1
353,117,1
353,124,1
353,125,1
353,129,1
353,133,1
353,134,1
353,136,1
353,137,1
353,138,1
353,142,1
353,144,1
353,149,1
353,153,1
353,160,1
353,163,1
353,164,1
353,167,1
353,168,1
354,38,1
354,63,1
354,86,1
354,136,1
354,161,1
354,168,1
355,5,1
355,6,1
355,7,1
355,8,1
355,17,1
355,18,1
355,27,1
355,37,1
355,38,1
355,41,1
355,44,1
355,46,1
355,51,1
355,52,1
355,56,1
355,59,1
355,70,1
355,75,1
355,76,1
355,80,1
355,85,1
355,95,1
355,99,1
355,111,1
355,113,1
355,117,1
355,119,1
355,125,1
355,130,1
355,136,1
355,141,1
355,146,1
355,149,1
355,153,1
355,156,1
356,8,1
356,17,1
356,48,1
356,59,1
356,61,1
356,67,1
356,75,1
356,117,1
356,130,1
356,131,1
357,7,1
357,8,1
357,48,1
357,59,1
357,71,1
357,130,1
358,0,1
358,17,1
358,35,1
358,36,1
358,37,1
358,38,1
358,75,1
358,76,1
358,91,1
358,137,1
358,139,1
358,145,1
359,7,1
359,8,1
359,9,1
359,24,1
359,38,1
359,41,1
359,48,1
359,50,1
359,52,1
359,67,1
359,70,1
359,71,1
359,91,1
359,99,1
359,111,1
359,113,1
359,117,1
359,118,1
359,119,1
359,125,1
359,129,1
359,136,1
359,153,1
359,164,1
360,7,1
360,17,1
360,51,1
360,75,1
361,0,1
361,2,1
361,3,1
361,4,1
361,5,1
361,6,1
361,7,1
361,8,1
361,9,1
361,11,1
361,13,1
361,14,1
361,15,1
361,17,1
361,18,1
361,19,1
361,20,1
361,27,1
361,31,1
361,32,1
361,33,1
361,35,1
361,36,1
361,37,1
361,38,1
361,41,1
361,42,1
361,43,1
361,44,1
361,46,1
361,47,1
361,48,1
361,50,1
361,51,1
361,52,1
361,54,1
361,56,1
361,57,1
361,58,1
361,59,1
361,60,1
361,61,1
361,62,1
361,65,1
361,67,1
361,69,1
361,70,1
361,71,1
361,75,1
361,76,1
361,81,1
361,85,1
361,86,1
361,87,1
361,91,1
361,95,1
361,98,1
361,99,1
361,101,1
361,104,1
361,110,1
361,111,1
361,112,1
361,113,1
361,115,1
361,117,1
361,118,1
361,119,1
361,121,1
361,122,1
361,124,1
361,125,1
361,129,1
361,131,1
361,133,1
361,134,1
361,136,1
361,137,1
361,138,1
361,139,1
361,140,1
361,141,1
361,142,1
361,144,1
361,145,1
361,146,1
361,148,1
361,149,1
361,153,1
361,156,1
361,160,1
361,164,1
361,166,1
361,167,1
361,168,1
361,169,1
361,171,1
361,174,1
362,3,1
362,7,1
362,17,1
362,18,1
362,27,1
362,37,1
362,38,1
362,51,1
362,52,1
362,56,1
362,59,1
362,70,1
362,75,1
362,76,1
362,86,1
362,99,1
362,111,1
362,130,1
362,156,1
362,158,1
363,10,1
363,59,1
363,69,1
363,71,1
363,86,1
363,87,1
363,88,1
363,91,1
363,111,1
363,130,1
363,153,1
364,0,1
364,3,1
364,5,1
364,8,1
364,10,1
364,17,1
364,21,1
364,25,1
364,27,1
364,31,1
364,32,1
364,35,1
364,52,1
364,58,1
364,59,1
364,60,1
364,61,1
364,67,1
364,69,1
364,71,1
364,75,1
364,76,1
364,80,1
364,85,1
364,86,1
364,87,1
364,89,1
364,91,1
364,104,1
364,111,1
364,129,1
364,130,1
364,148,1
364,153,1
365,0,1
365,2,1
365,3,1
365,4,1
365,5,1
365,6,1
365,7,1
365,8,1
365,9,1
365,10,1
365,12,1
365,13,1
365,14,1
365,15,1
365,16,1
365,17,1
365,18,1
365,20,1
365,21,1
365,22,1
365,23,1
365,25,1
365,26,1
365,27,1
365,29,1
365,31,1
365,32,1
365,33,1
365,34,1
365,35,1
365,37,1
365,38,1
365,39,1
365,40,1
365,41,1
365,42,1
365,43,1
365,44,1
365,45,1
365,46,1
365,47,1
365,48,1
365,49,1
365,50,1
365,51,1
365,52,1
365,53,1
365,54,1
365,57,1
365,58,1
365,59,1
365,60,1
365,61,1
365,62,1
365,63,1
365,64,1
365,66,1
365,67,1
365,69,1
365,70,1
365,71,1
365,75,1
365,76,1
365,80,1
365,81,1
365,85,1
365,86,1
365,87,1
365,89,1
365,90,1
365,91,1
365,94,1
365,95,1
365,97,1
365,99,1
365,103,1
365,104,1
365,109,1
365,110,1
365,112,1
365,113,1
365,116,1
365,117,1
365,123,1
365,124,1
365,125,1
365,129,1
365,131,1
365,132,1
365,133,1
365,134,1
365,135,1
365,136,1
365,137,1
365,138,1
365,141,1
365,142,1
365,144,1
365,146,1
365,147,1
365,148,1
365,149,1
365,153,1
365,158,1
365,161,1
365,164,1
365,167,1
365,175,1
366,5,1
366,44,1
366,51,1
366,52,1
366,70,1
366,71,1
366,87,1
366,111,1
366,117,1
366,118,1
366,119,1
366,129,1
366,136,1
366,153,1
367,5,1
367,7,1
367,8,1
367,9,1
367,24,1
367,44,1
367,48,1
367,52,1
367,70,1
367,71,1
367,91,1
367,99,1
367,111,1
367,113,1
367,117,1
367,118,1
367,119,1
367,125,1
367,129,1
367,136,1
367,145,1
367,153,1
367,160,1
367,164,1
368,17,1
368,75,1
368,76,1
368,141,1
369,5,1
369,7,1
369,8,1
369,38,1
369,44,1
369,48,1
369,50,1
369,51,1
369,52,1
369,67,1
369,70,1
369,71,1
369,87,1
369,91,1
369,99,1
369,111,1
369,113,1
369,117,1
369,118,1
369,119,1
369,125,1
369,129,1
369,130,1
369,136,1
369,153,1
370,7,1
370,17,1
370,24,1
370,30,1
370,38,1
370,46,1
370,51,1
370,52,1
370,65,1
370,66,1
370,75,1
370,76,1
370,81,1
370,85,1
370,91,1
370,92,1
370,97,1
370,99,1
370,111,1
370,113,1
370,117,1
370,130,1
370,141,1
370,152,1
370,156,1
371,7,1
371,8,1
371,38,1
371,70,1
371,99,1
371,130,1
371,136,1
371,149,1
372,62,1
372,89,1
372,125,1
372,136,1
372,168,1
373,17,1
373,19,1
373,31,1
373,51,1
373,59,1
373,67,1
373,71,1
373,75,1
373,76,1
374,5,1
374,7,1
374,8,1
374,9,1
374,24,1
374,38,1
374,44,1
374,48,1
374,50,1
374,51,1
374,52,1
374,67,1
374,70,1
374,71,1
374,99,1
374,111,1
374,113,1
374,117,1
374,118,1
374,119,1
374,125,1
374,129,1
374,130,1
374,136,1
374,153,1
374,164,1
375,3,1
375,7,1
375,8,1
375,16,1
375,17,1
375,19,1
375,20,1
375,23,1
375,25,1
375,31,1
375,32,1
375,33,1
375,39,1
375,40,1
375,45,1
375,48,1
375,50,1
375,58,1
375,59,1
375,61,1
375,71,1
375,75,1
375,76,1
375,80,1
375,89,1
375,114,1
375,124,1
375,125,1
375,129,1
375,134,1
376,8,1
376,17,1
376,18,1
376,37,1
376,38,1
376,52,1
376,58,1
376,75,1
376,76,1
376,111,1
376,130,1
376,137,1
376,138,1
376,139,1
377,0,1
377,3,1
377,5,1
377,6,1
377,8,1
377,9,1
377,10,1
377,11,1
377,14,1
377,15,1
377,16,1
377,17,1
377,18,1
377,20,1
377,21,1
377,22,1
377,25,1
377,26,1
377,28,1
377,29,1
377,31,1
377,32,1
377,33,1
377,34,1
377,35,1
377,37,1
377,38,1
377,41,1
377,44,1
377,47,1
377,48,1
377,50,1
377,52,1
377,53,1
377,57,1
377,58,1
377,59,1
377,60,1
377,61,1
377,64,1
377,67,1
377,69,1
377,70,1
377,81,1
377,85,1
377,86,1
377,88,1
377,90,1
377,91,1
377,95,1
377,103,1
377,113,1
377,117,1
377,124,1
377,125,1
377,129,1
377,130,1
377,131,1
377,132,1
377,133,1
377,134,1
377,136,1
377,137,1
377,142,1
377,144,1
377,146,1
377,148,1
377,153,1
377,164,1
377,167,1
378,3,1
378,8,1
378,17,1
378,24,1
378,30,1
378,37,1
378,38,1
378,42,1
378,44,1
378,48,1
378,55,1
378,57,1
378,58,1
378,59,1
378,60,1
378,63,1
378,64,1
378,65,1
378,66,1
378,67,1
378,70,1
378,80,1
378,81,1
378,86,1
378,89,1
378,97,1
378,110,1
378,111,1
378,125,1
378,129,1
378,130,1
378,136,1
378,139,1
378,141,1
378,142,1
378,149,1
378,152,1
378,154,1
378,158,1
378,161,1
378,163,1
378,164,1
378,167,1
378,168,1
378,180,1
379,8,1
379,13,1
379,16,1
379,17,1
379,19,1
379,20,1
379,21,1
379,25,1
379,26,1
379,31,1
379,32,1
379,33,1
379,39,1
379,47,1
379,59,1
379,64,1
379,67,1
379,75,1
379,76,1
379,90,1
379,109,1
379,124,1
379,130,1
379,137,1
379,149,1
380,3,1
380,4,1
380,6,1
380,7,1
380,8,1
380,13,1
380,15,1
380,16,1
380,17,1
380,19,1
380,20,1
380,21,1
380,23,1
380,25,1
380,26,1
380,28,1
380,31,1
380,32,1
380,33,1
380,34,1
380,38,1
380,39,1
380,40,1
380,41,1
380,45,1
380,47,1
380,48,1
380,50,1
380,51,1
380,54,1
380,57,1
380,58,1
380,61,1
380,62,1
380,69,1
380,75,1
380,76,1
380,80,1
380,81,1
380,85,1
380,87,1
380,89,1
380,94,1
380,103,1
380,109,1
380,114,1
380,123,1
380,125,1
380,129,1
380,132,1
380,134,1
380,142,1
380,149,1
381,3,1
381,8,1
381,19,1
381,20,1
381,21,1
381,23,1
381,25,1
381,29,1
381,31,1
381,32,1
381,39,1
381,48,1
381,50,1
381,59,1
381,61,1
381,67,1
381,75,1
381,76,1
381,80,1
381,81,1
381,82,1
381,86,1
381,88,1
381,89,1
381,103,1
381,105,1
381,106,1
381,109,1
381,122,1
381,125,1
382,3,1
382,7,1
382,17,1
382,18,1
382,44,1
382,50,1
382,52,1
382,59,1
382,75,1
382,80,1
382,85,1
382,104,1
382,110,1
382,111,1
382,124,1
382,130,1
382,153,1
382,158,1
382,164,1
382,166,1
382,167,1
383,8,1
383,10,1
383,16,1
383,17,1
383,18,1
383,39,1
383,48,1
383,50,1
383,58,1
383,61,1
383,67,1
383,69,1
383,75,1
383,76,1
383,80,1
383,86,1
383,87,1
383,88,1
383,89,1
383,95,1
383,103,1
383,116,1
383,125,1
383,130,1
383,131,1
383,133,1
383,134,1
383,149,1
383,156,1
384,6,1
384,7,1
384,10,1
384,14,1
384,17,1
384,18,1
384,24,1
384,27,1
384,38,1
384,46,1
384,51,1
384,52,1
384,56,1
384,59,1
384,60,1
384,75,1
384,76,1
384,80,1
384,81,1
384,85,1
384,88,1
384,91,1
384,99,1
384,104,1
384,111,1
384,113,1
384,117,1
384,130,1
384,153,1
384,155,1
384,156,1
385,3,1
385,6,1
385,13,1
385,16,1
385,17,1
385,19,1
385,20,1
385,23,1
385,25,1
385,26,1
385,28,1
385,31,1
385,33,1
385,39,1
385,47,1
385,50,1
385,54,1
385,58,1
385,59,1
385,64,1
385,71,1
385,75,1
385,76,1
385,89,1
385,90,1
385,109,1
385,124,1
385,129,1
385,134,1
385,135,1
386,0,1
386,3,1
386,5,1
386,6,1
386,7,1
386,8,1
386,9,1
386,10,1
386,11,1
386,12,1
386,13,1
386,15,1
386,16,1
386,17,1
386,18,1
386,19,1
386,20,1
386,21,1
386,25,1
386,26,1
386,29,1
386,31,1
386,32,1
386,33,1
386,34,1
386,35,1
386,39,1
386,41,1
386,44,1
386,45,1
386,47,1
386,48,1
386,51,1
386,53,1
386,54,1
386,57,1
386,59,1
386,60,1
386,61,1
386,70,1
386,71,1
386,75,1
386,76,1
386,80,1
386,81,1
386,86,1
386,89,1
386,94,1
386,95,1
386,99,1
386,109,1
386,116,1
386,117,1
386,123,1
386,130,1
386,131,1
386,132,1
386,136,1
386,142,1
386,144,1
386,146,1
386,176,1
387,3,1
387,16,1
387,17,1
387,20,1
387,32,1
387,33,1
387,34,1
387,39,1
387,52,1
387,71,1
387,75,1
387,76,1
387,89,1
387,124,1
387,131,1
388,5,1
388,6,1
388,7,1
388,17,1
388,18,1
388,27,1
388,29,1
388,37,1
388,38,1
388,41,1
388,44,1
388,46,1
388,51,1
388,52,1
388,59,1
388,70,1
388,75,1
388,76,1
388,80,1
388,85,1
388,88,1
388,99,1
388,104,1
388,111,1
388,113,1
388,117,1
388,130,1
388,136,1
388,137,1
388,138,1
388,139,1
388,141,1
388,149,1
388,153,1
388,155,1
388,156,1
388,158,1
388,163,1
389,3,1
389,7,1
389,8,1
389,13,1
389,15,1
389,16,1
389,17,1
389,19,1
389,20,1
389,21,1
389,22,1
389,23,1
389,25,1
389,26,1
389,28,1
389,32,1
389,33,1
389,34,1
389,39,1
389,40,1
389,45,1
389,47,1
389,48,1
389,50,1
389,51,1
389,54,1
389,57,1
389,58,1
389,61,1
389,62,1
389,71,1
389,75,1
389,76,1
389,80,1
389,81,1
389,85,1
389,89,1
389,90,1
389,94,1
389,98,1
389,103,1
389,105,1
389,106,1
389,109,1
389,114,1
389,115,1
389,116,1
389,122,1
389,123,1
389,124,1
389,125,1
389,132,1
389,133,1
389,134,1
389,135,1
389,149,1
389,157,1
389,160,1
389,169,1
389,170,1
389,171,1
390,8,1
390,38,1
390,59,1
390,60,1
390,63,1
390,86,1
390,96,1
390,111,1
390,130,1
390,136,1
390,158,1
390,161,1
390,164,1
390,168,1
390,180,1
391,5,1
391,9,1
391,44,1
391,51,1
391,52,1
391,70,1
391,71,1
391,87,1
391,111,1
391,117,1
391,118,1
391,119,1
391,129,1
391,130,1
391,136,1
391,145,1
391,153,1
392,7,1
392,8,1
392,10,1
392,18,1
392,27,1
392,30,1
392,37,1
392,38,1
392,46,1
392,51,1
392,52,1
392,56,1
392,66,1
392,70,1
392,76,1
392,81,1
392,85,1
392,86,1
392,88,1
392,97,1
392,104,1
392,113,1
392,119,1
392,121,1
392,130,1
392,141,1
392,142,1
392,155,1
392,156,1
392,158,1
393,0,1
393,8,1
393,16,1
393,17,1
393,35,1
393,36,1
393,60,1
393,75,1
393,76,1
393,91,1
393,125,1
393,137,1
393,139,1
393,145,1
394,7,1
394,17,1
394,51,1
394,52,1
394,75,1
394,76,1
394,88,1
394,111,1
394,113,1
394,130,1
394,136,1
394,141,1
394,149,1
394,153,1
394,156,1
394,163,1
395,0,1
395,1,1
395,8,1
395,11,1
395,20,1
395,35,1
395,36,1
395,53,1
395,60,1
395,61,1
395,73,1
395,91,1
395,125,1
396,62,1
396,67,1
396,89,1
396,125,1
396,129,1
396,136,1
397,17,1
397,19,1
397,21,1
397,25,1
397,26,1
397,28,1
397,31,1
397,32,1
397,33,1
397,54,1
397,59,1
397,71,1
397,75,1
397,76,1
397,89,1
397,124,1
398,3,1
398,5,1
398,8,1
398,10,1
398,13,1
398,15,1
398,16,1
398,17,1
398,19,1
398,20,1
398,21,1
398,22,1
398,26,1
398,31,1
398,32,1
398,33,1
398,36,1
398,39,1
398,45,1
398,47,1
398,50,1
398,59,1
398,60,1
398,61,1
398,67,1
398,71,1
398,75,1
398,80,1
398,85,1
398,86,1
398,88,1
398,89,1
398,92,1
398,95,1
398,98,1
398,103,1
398,104,1
398,105,1
398,106,1
398,109,1
398,110,1
398,118,1
398,122,1
398,123,1
398,124,1
398,125,1
398,127,1
398,128,1
398,129,1
398,133,1
398,134,1
398,137,1
398,139,1
398,144,1
398,147,1
398,148,1
398,153,1
398,158,1
398,164,1
398,167,1
398,169,1
398,174,1
398,177,1
399,0,1
399,8,1
399,17,1
399,33,1
399,35,1
399,36,1
399,38,1
399,60,1
399,64,1
399,75,1
399,76,1
399,91,1
399,137,1
399,145,1
400,8,1
400,17,1
400,18,1
400,44,1
400,52,1
400,70,1
400,75,1
400,76,1
400,91,1
400,117,1
400,130,1
400,141,1
401,4,1
401,5,1
401,9,1
401,10,1
401,14,1
401,17,1
401,18,1
401,21,1
401,24,1
401,27,1
401,30,1
401,36,1
401,37,1
401,38,1
401,43,1
401,44,1
401,48,1
401,49,1
401,50,1
401,56,1
401,57,1
401,59,1
401,60,1
401,65,1
401,66,1
401,67,1
401,70,1
401,71,1
401,75,1
401,76,1
401,81,1
401,85,1
401,86,1
401,87,1
401,89,1
401,91,1
401,95,1
401,101,1
401,103,1
401,104,1
401,112,1
401,113,1
401,118,1
401,119,1
401,123,1
401,125,1
401,129,1
401,131,1
401,132,1
401,136,1
401,137,1
401,138,1
401,139,1
401,141,1
401,142,1
401,144,1
401,145,1
401,148,1
401,149,1
401,152,1
401,153,1
401,155,1
401,156,1
401,158,1
401,160,1
401,164,1
401,166,1
401,167,1
402,0,1
402,3,1
402,4,1
402,5,1
402,6,1
402,7,1
402,8,1
402,9,1
402,10,1
402,14,1
402,17,1
402,18,1
402,20,1
402,21,1
402,25,1
402,26,1
402,27,1
402,29,1
402,31,1
402,32,1
402,33,1
402,34,1
402,35,1
402,38,1
402,43,1
402,44,1
402,48,1
402,50,1
402,52,1
402,59,1
402,67,1
402,70,1
402,75,1
402,76,1
402,80,1
402,85,1
402,86,1
402,87,1
402,95,1
402,99,1
402,109,1
402,110,1
402,111,1
402,113,1
402,117,1
402,118,1
402,119,1
402,122,1
402,124,1
402,125,1
402,129,1
402,134,1
402,136,1
402,137,1
402,138,1
402,139,1
402,140,1
402,141,1
402,145,1
402,146,1
402,147,1
402,153,1
402,156,1
402,164,1
402,167,1
402,171,1
402,172,1
402,173,1
402,174,1
402,179,1
403,7,1
403,15,1
403,21,1
403,22,1
403,33,1
403,39,1
403,71,1
403,135,1
404,17,1
404,18,1
404,27,1
404,37,1
404,38,1
404,46,1
404,51,1
404,56,1
404,70,1
404,75,1
404,76,1
404,85,1
404,99,1
404,104,1
404,111,1
404,113,1
404,130,1
404,155,1
404,156,1
405,2,1
405,17,1
405,21,1
405,31,1
405,71,1
405,75,1
405,134,1
406,0,1
406,17,1
406,36,1
406,75,1
406,76,1
406,116,1
407,51,1
407,52,1
407,130,1
407,136,1
407,140,1
407,153,1
407,160,1
408,0,1
408,3,1
408,8,1
408,11,1
408,12,1
408,15,1
408,16,1
408,17,1
408,20,1
408,21,1
408,22,1
408,23,1
408,26,1
408,28,1
408,31,1
408,32,1
408,33,1
408,34,1
408,35,1
408,36,1
408,37,1
408,38,1
408,39,1
408,40,1
408,48,1
408,53,1
408,57,1
408,59,1
408,61,1
408,62,1
408,64,1
408,67,1
408,86,1
408,91,1
408,111,1
408,125,1
408,132,1
408,168,1
409,5,1
409,6,1
409,7,1
409,8,1
409,9,1
409,10,1
409,11,1
409,14,1
409,17,1
409,19,1
409,31,1
409,34,1
409,36,1
409,37,1
409,38,1
409,39,1
409,41,1
409,46,1
409,48,1
409,49,1
409,50,1
409,51,1
409,52,1
409,56,1
409,59,1
409,60,1
409,61,1
409,65,1
409,67,1
409,69,1
409,70,1
409,75,1
409,81,1
409,85,1
409,86,1
409,87,1
409,91,1
409,95,1
409,98,1
409,99,1
409,101,1
409,111,1
409,113,1
409,117,1
409,119,1
409,120,1
409,121,1
409,124,1
409,125,1
409,126,1
409,128,1
409,129,1
409,130,1
409,131,1
409,134,1
409,136,1
409,140,1
409,141,1
409,142,1
409,146,1
409,149,1
409,153,1
409,160,1
409,165,1
409,167,1
410,0,1
410,35,1
410,36,1
410,73,1
410,145,1
411,7,1
411,17,1
411,35,1
411,39,1
411,51,1
411,52,1
411,75,1
411,76,1
411,82,1
411,97,1
411,99,1
411,111,1
411,117,1
411,118,1
411,130,1
411,141,1
411,149,1
411,153,1
411,172,1
412,0,1
412,17,1
412,36,1
412,75,1
412,76,1
412,82,1
412,163,1
413,5,1
413,7,1
413,8,1
413,9,1
413,38,1
413,41,1
413,44,1
413,48,1
413,50,1
413,52,1
413,67,1
413,70,1
413,71,1
413,91,1
413,99,1
413,111,1
413,113,1
413,117,1
413,118,1
413,119,1
413,125,1
413,129,1
413,136,1
413,145,1
413,153,1
413,164,1
414,5,1
414,24,1
414,38,1
414,51,1
414,71,1
414,87,1
414,119,1
414,129,1
414,136,1
414,153,1
415,17,1
415,19,1
415,32,1
415,71,1
415,75,1
415,76,1
416,3,1
416,6,1
416,16,1
416,17,1
416,20,1
416,21,1
416,28,1
416,33,1
416,54,1
416,57,1
416,58,1
416,59,1
416,64,1
416,75,1
416,80,1
416,89,1
416,90,1
416,124,1
416,135,1
416,149,1
417,22,1
417,24,1
417,52,1
417,130,1
417,136,1
417,152,1
418,5,1
418,6,1
418,7,1
418,17,1
418,29,1
418,41,1
418,51,1
418,52,1
418,59,1
418,75,1
418,76,1
418,104,1
418,113,1
418,130,1
418,141,1
418,153,1
418,156,1
419,5,1
419,7,1
419,8,1
419,9,1
419,41,1
419,44,1
419,48,1
419,51,1
419,52,1
419,67,1
419,70,1
419,71,1
419,87,1
419,99,1
419,111,1
419,117,1
419,118,1
419,119,1
419,125,1
419,129,1
419,130,1
419,131,1
419,136,1
419,153,1
420,17,1
420,37,1
420,38,1
420,51,1
420,75,1
420,130,1
420,156,1
421,3,1
421,6,1
421,8,1
421,15,1
421,17,1
421,18,1
421,34,1
421,41,1
421,44,1
421,47,1
421,48,1
421,50,1
421,52,1
421,58,1
421,59,1
421,60,1
421,61,1
421,64,1
421,67,1
421,70,1
421,71,1
421,75,1
421,76,1
421,91,1
421,95,1
421,103,1
421,110,1
421,117,1
421,124,1
421,125,1
421,130,1
421,131,1
421,133,1
421,134,1
421,142,1
421,144,1
421,146,1
421,149,1
421,153,1
421,164,1
421,166,1
421,167,1
422,17,1
422,38,1
422,52,1
422,75,1
422,76,1
422,117,1
422,129,1
423,6,1
423,8,1
423,13,1
423,17,1
423,18,1
423,20,1
423,37,1
423,39,1
423,41,1
423,44,1
423,48,1
423,50,1
423,52,1
423,61,1
423,67,1
423,70,1
423,75,1
423,76,1
423,85,1
423,88,1
423,89,1
423,95,1
423,103,1
423,113,1
423,117,1
423,123,1
423,130,1
423,131,1
423,136,1
423,148,1
423,164,1
423,167,1
424,18,1
424,19,1
424,32,1
424,35,1
424,36,1
424,44,1
424,47,1
424,52,1
424,61,1
424,75,1
424,104,1
424,105,1
424,117,1
424,118,1
424,119,1
424,129,1
424,130,1
424,131,1
424,137,1
424,138,1
424,140,1
424,141,1
424,142,1
424,144,1
425,6,1
425,8,1
425,16,1
425,17,1
425,19,1
425,20,1
425,21,1
425,25,1
425,26,1
425,28,1
425,31,1
425,32,1
425,33,1
425,34,1
425,39,1
425,59,1
425,62,1
425,64,1
425,67,1
425,71,1
425,76,1
425,80,1
425,82,1
425,85,1
425,90,1
425,94,1
425,109,1
425,124,1
425,125,1
425,135,1
426,51,1
426,52,1
426,87,1
426,130,1
426,136,1
426,140,1
426,160,1
427,3,1
427,6,1
427,8,1
427,13,1
427,16,1
427,17,1
427,18,1
427,20,1
427,21,1
427,25,1
427,26,1
427,28,1
427,29,1
427,31,1
427,32,1
427,33,1
427,34,1
427,37,1
427,38,1
427,41,1
427,44,1
427,47,1
427,48,1
427,50,1
427,54,1
427,57,1
427,59,1
427,61,1
427,67,1
427,69,1
427,70,1
427,86,1
427,88,1
427,95,1
427,103,1
427,113,1
427,117,1
427,124,1
427,130,1
427,132,1
427,142,1
427,144,1
427,153,1
427,164,1
427,167,1
428,7,1
428,8,1
428,17,1
428,36,1
428,51,1
428,52,1
428,75,1
428,76,1
428,99,1
428,111,1
428,113,1
428,130,1
428,136,1
428,141,1
428,149,1
428,155,1
428,156,1
428,158,1
429,8,1
429,17,1
429,37,1
429,38,1
429,51,1
429,75,1
429,76,1
429,85,1
429,99,1
429,113,1
429,117,1
429,130,1
429,149,1
429,153,1
429,156,1
430,0,1
430,1,1
430,2,1
430,3,1
430,6,1
430,7,1
430,8,1
430,9,1
430,10,1
430,11,1
430,12,1
430,13,1
430,14,1
430,15,1
430,16,1
430,17,1
430,19,1
430,21,1
430,22,1
430,25,1
430,27,1
430,28,1
430,29,1
430,32,1
430,33,1
430,35,1
430,37,1
430,38,1
430,39,1
430,40,1
430,41,1
430,42,1
430,43,1
430,45,1
430,46,1
430,47,1
430,48,1
430,49,1
430,50,1
430,51,1
430,52,1
430,53,1
430,54,1
430,56,1
430,57,1
430,59,1
430,60,1
430,62,1
430,63,1
430,64,1
430,67,1
430,69,1
430,71,1
430,75,1
430,76,1
430,80,1
430,81,1
430,82,1
430,85,1
430,86,1
430,87,1
430,88,1
430,91,1
430,94,1
430,95,1
430,98,1
430,99,1
430,105,1
430,106,1
430,109,1
430,110,1
430,111,1
430,112,1
430,113,1
430,114,1
430,115,1
430,116,1
430,117,1
430,118,1
430,119,1
430,120,1
430,121,1
430,122,1
430,124,1
430,125,1
430,126,1
430,127,1
430,128,1
430,129,1
430,130,1
430,131,1
430,132,1
430,135,1
430,136,1
430,140,1
430,142,1
430,146,1
430,147,1
430,148,1
430,149,1
430,153,1
430,157,1
430,158,1
430,161,1
430,164,1
430,166,1
430,167,1
430,169,1
430,170,1
430,171,1
430,172,1
430,174,1
430,175,1
430,177,1
431,3,1
431,6,1
431,17,1
431,48,1
431,50,1
431,59,1
431,67,1
431,75,1
431,76,1
431,80,1
431,104,1
431,111,1
431,114,1
431,130,1
431,136,1
431,155,1
431,156,1
431,158,1
431,162,1
432,7,1
432,17,1
432,52,1
432,75,1
432,76,1
432,99,1
432,111,1
432,113,1
432,130,1
432,156,1
433,3,1
433,7,1
433,8,1
433,13,1
433,15,1
433,17,1
433,19,1
433,20,1
433,23,1
433,25,1
433,26,1
433,28,1
433,32,1
433,33,1
433,34,1
433,39,1
433,40,1
433,45,1
433,48,1
433,50,1
433,51,1
433,53,1
433,54,1
433,57,1
433,58,1
433,59,1
433,61,1
433,62,1
433,75,1
433,76,1
433,80,1
433,85,1
433,89,1
433,90,1
433,94,1
433,103,1
433,109,1
433,114,1
433,124,1
433,125,1
433,133,1
433,134,1
434,0,1
434,17,1
434,36,1
434,75,1
434,76,1
434,145,1
435,0,1
435,8,1
435,67,1
435,71,1
435,87,1
435,124,1
435,134,1
435,149,1
436,2,1
436,5,1
436,6,1
436,8,1
436,17,1
436,18,1
436,24,1
436,29,1
436,31,1
436,37,1
436,38,1
436,41,1
436,48,1
436,52,1
436,65,1
436,67,1
436,75,1
436,76,1
436,80,1
436,81,1
436,85,1
436,89,1
436,117,1
436,129,1
436,130,1
436,136,1
436,141,1
436,142,1
436,144,1
436,161,1
437,0,1
437,3,1
437,4,1
437,7,1
437,8,1
437,13,1
437,15,1
437,16,1
437,17,1
437,19,1
437,20,1
437,23,1
437,25,1
437,26,1
437,28,1
437,31,1
437,32,1
437,39,1
437,40,1
437,45,1
437,48,1
437,50,1
437,51,1
437,54,1
437,57,1
437,58,1
437,59,1
437,61,1
437,64,1
437,67,1
437,71,1
437,75,1
437,76,1
437,80,1
437,81,1
437,82,1
437,85,1
437,87,1
437,89,1
437,103,1
437,109,1
437,114,1
437,142,1
437,149,1
437,158,1
438,5,1
438,7,1
438,8,1
438,9,1
438,44,1
438,48,1
438,50,1
438,51,1
438,52,1
438,67,1
438,70,1
438,71,1
438,87,1
438,91,1
438,99,1
438,111,1
438,113,1
438,117,1
438,118,1
438,119,1
438,125,1
438,129,1
438,130,1
438,136,1
438,153,1
438,160,1
439,7,1
439,46,1
439,51,1
439,111,1
439,113,1
439,121,1
439,130,1
439,158,1
440,17,1
440,37,1
440,38,1
440,44,1
440,52,1
440,75,1
440,76,1
440,117,1
440,130,1
440,146,1
441,5,1
441,6,1
441,7,1
441,8,1
441,9,1
441,24,1
441,34,1
441,37,1
441,38,1
441,41,1
441,48,1
441,50,1
441,52,1
441,67,1
441,70,1
441,81,1
441,87,1
441,91,1
441,99,1
441,111,1
441,113,1
441,117,1
441,118,1
441,119,1
441,125,1
441,132,1
441,136,1
441,145,1
441,153,1
441,160,1
441,164,1
442,3,1
442,7,1
442,11,1
442,16,1
442,17,1
442,20,1
442,21,1
442,32,1
442,39,1
442,48,1
442,52,1
442,58,1
442,59,1
442,61,1
442,67,1
442,71,1
442,75,1
442,76,1
442,80,1
442,87,1
442,89,1
442,111,1
442,117,1
442,130,1
442,143,1
442,149,1
443,8,1
443,17,1
443,18,1
443,21,1
443,24,1
443,37,1
443,38,1
443,48,1
443,52,1
443,58,1
443,64,1
443,70,1
443,75,1
443,76,1
443,111,1
443,117,1
443,129,1
443,130,1
443,137,1
443,138,1
443,139,1
443,141,1
443,142,1
444,8,1
444,11,1
444,13,1
444,16,1
444,17,1
444,19,1
444,20,1
444,21,1
444,23,1
444,25,1
444,26,1
444,28,1
444,31,1
444,32,1
444,33,1
444,34,1
444,39,1
444,47,1
444,54,1
444,59,1
444,60,1
444,61,1
444,62,1
444,64,1
444,67,1
444,71,1
444,76,1
444,80,1
444,82,1
444,85,1
444,88,1
444,89,1
444,90,1
444,94,1
444,109,1
444,124,1
444,125,1
444,135,1
445,5,1
445,7,1
445,8,1
445,9,1
445,38,1
445,44,1
445,51,1
445,52,1
445,71,1
445,99,1
445,111,1
445,113,1
445,117,1
445,118,1
445,119,1
445,125,1
445,129,1
445,130,1
445,136,1
445,153,1
446,2,1
446,17,1
446,18,1
446,24,1
446,37,1
446,38,1
446,44,1
446,70,1
446,75,1
446,76,1
446,86,1
446,111,1
446,119,1
446,153,1
447,5,1
447,35,1
447,37,1
447,38,1
447,44,1
447,52,1
447,67,1
447,70,1
447,86,1
447,87,1
447,111,1
447,117,1
447,118,1
447,119,1
447,129,1
447,130,1
447,136,1
447,140,1
447,153,1
447,172,1
447,173,1
447,179,1
448,4,1
448,5,1
448,6,1
448,8,1
448,9,1
448,13,1
448,14,1
448,17,1
448,18,1
448,21,1
448,24,1
448,27,1
448,36,1
448,37,1
448,38,1
448,43,1
448,44,1
448,46,1
448,48,1
448,50,1
448,51,1
448,52,1
448,56,1
448,60,1
448,61,1
448,66,1
448,67,1
448,69,1
448,70,1
448,71,1
448,75,1
448,76,1
448,81,1
448,85,1
448,86,1
448,87,1
448,91,1
448,95,1
448,97,1
448,99,1
448,101,1
448,110,1
448,111,1
448,113,1
448,117,1
448,118,1
448,119,1
448,124,1
448,125,1
448,129,1
448,130,1
448,131,1
448,136,1
448,137,1
448,138,1
448,139,1
448,141,1
448,144,1
448,147,1
448,148,1
448,149,1
448,152,1
448,153,1
448,154,1
448,156,1
448,163,1
448,164,1
448,165,1
448,166,1
448,167,1
449,0,1
449,8,1
449,17,1
449,35,1
449,36,1
449,60,1
449,75,1
449,76,1
449,91,1
449,145,1
450,2,1
450,5,1
450,8,1
450,19,1
450,20,1
450,21,1
450,23,1
450,34,1
450,45,1
450,48,1
450,50,1
450,51,1
450,61,1
450,67,1
450,80,1
450,81,1
450,86,1
450,98,1
450,99,1
450,105,1
450,111,1
450,113,1
450,115,1
450,122,1
450,125,1
450,131,1
450,132,1
450,134,1
450,136,1
450,170,1
450,179,1
451,11,1
451,12,1
451,16,1
451,17,1
451,19,1
451,20,1
451,21,1
451,23,1
451,25,1
451,32,1
451,34,1
451,36,1
451,48,1
451,52,1
451,59,1
451,60,1
451,61,1
451,71,1
451,75,1
451,76,1
451,109,1
451,117,1
451,130,1
451,131,1
451,132,1
451,134,1
451,137,1
451,138,1
451,139,1
451,146,1
452,3,1
452,7,1
452,17,1
452,18,1
452,27,1
452,37,1
452,38,1
452,48,1
452,51,1
452,56,1
452,59,1
452,70,1
452,75,1
452,76,1
452,85,1
452,86,1
452,99,1
452,111,1
452,113,1
452,130,1
452,136,1
452,155,1
452,156,1
453,15,1
453,16,1
453,17,1
453,20,1
453,21,1
453,22,1
453,31,1
453,39,1
453,48,1
453,51,1
453,53,1
453,59,1
453,67,1
453,75,1
453,76,1
454,0,1
454,36,1
454,73,1
454,145,1
455,8,1
455,17,1
455,91,1
455,117,1
455,130,1
456,3,1
456,13,1
456,16,1
456,17,1
456,19,1
456,21,1
456,25,1
456,32,1
456,39,1
456,41,1
456,48,1
456,50,1
456,54,1
456,57,1
456,59,1
456,67,1
456,71,1
456,75,1
456,76,1
456,90,1
456,94,1
456,105,1
456,106,1
456,114,1
456,115,1
456,122,1
456,124,1
456,129,1
456,136,1
456,157,1
456,160,1
456,169,1
456,171,1
457,6,1
457,13,1
457,17,1
457,21,1
457,36,1
457,39,1
457,52,1
457,61,1
457,75,1
457,76,1
457,80,1
457,85,1
457,89,1
457,117,1
457,130,1
457,141,1
457,145,1
458,3,1
458,6,1
458,7,1
458,8,1
458,9,1
458,15,1
458,16,1
458,17,1
458,18,1
458,19,1
458,20,1
458,25,1
458,31,1
458,32,1
458,33,1
458,36,1
458,37,1
458,38,1
458,39,1
458,41,1
458,44,1
458,46,1
458,48,1
458,50,1
458,51,1
458,52,1
458,58,1
458,59,1
458,61,1
458,67,1
458,70,1
458,71,1
458,75,1
458,76,1
458,80,1
458,82,1
458,85,1
458,86,1
458,87,1
458,88,1
458,89,1
458,95,1
458,103,1
458,113,1
458,117,1
458,123,1
458,124,1
458,125,1
458,129,1
458,131,1
458,133,1
458,134,1
458,136,1
458,141,1
458,144,1
458,148,1
458,149,1
458,153,1
458,164,1
458,166,1
458,167,1
459,17,1
459,34,1
459,38,1
459,42,1
459,55,1
459,59,1
459,60,1
459,63,1
459,75,1
459,86,1
459,90,1
459,94,1
459,136,1
459,141,1
459,146,1
459,161,1
459,164,1
460,7,1
460,99,1
460,111,1
460,138,1
460,155,1
460,156,1
461,0,1
461,8,1
461,11,1
461,13,1
461,16,1
461,17,1
461,19,1
461,20,1
461,23,1
461,26,1
461,33,1
461,34,1
461,38,1
461,39,1
461,48,1
461,51,1
461,60,1
461,61,1
461,62,1
461,63,1
461,64,1
461,67,1
461,71,1
461,75,1
461,76,1
461,87,1
461,89,1
461,90,1
461,94,1
461,95,1
461,103,1
461,104,1
461,113,1
461,124,1
461,125,1
461,130,1
461,134,1
461,135,1
461,149,1
461,164,1
461,167,1
462,5,1
462,7,1
462,8,1
462,9,1
462,24,1
462,38,1
462,41,1
462,44,1
462,48,1
462,50,1
462,51,1
462,52,1
462,67,1
462,70,1
462,71,1
462,91,1
462,99,1
462,111,1
462,113,1
462,117,1
462,118,1
462,119,1
462,125,1
462,129,1
462,130,1
462,136,1
462,145,1
462,153,1
462,160,1
462,164,1
463,5,1
463,17,1
463,24,1
463,38,1
463,59,1
463,75,1
463,76,1
463,80,1
463,88,1
463,113,1
463,136,1
463,146,1
463,153,1
464,0,1
464,2,1
464,3,1
464,4,1
464,5,1
464,6,1
464,7,1
464,10,1
464,11,1
464,16,1
464,17,1
464,18,1
464,19,1
464,24,1
464,27,1
464,31,1
464,32,1
464,35,1
464,36,1
464,37,1
464,39,1
464,40,1
464,41,1
464,42,1
464,43,1
464,48,1
464,51,1
464,58,1
464,59,1
464,60,1
464,61,1
464,64,1
464,67,1
464,68,1
464,69,1
464,71,1
464,75,1
464,76,1
464,80,1
464,84,1
464,85,1
464,86,1
464,87,1
464,88,1
464,89,1
464,91,1
464,95,1
464,103,1
464,110,1
464,113,1
464,114,1
464,117,1
464,123,1
464,125,1
464,129,1
464,130,1
464,131,1
464,136,1
464,137,1
464,141,1
464,142,1
464,145,1
464,146,1
464,147,1
464,148,1
464,149,1
464,161,1
464,168,1
465,17,1
465,75,1
465,76,1
465,130,1
465,138,1
465,153,1
466,8,1
466,14,1
466,17,1
466,18,1
466,27,1
466,37,1
466,38,1
466,46,1
466,48,1
466,51,1
466,56,1
466,59,1
466,60,1
466,61,1
466,65,1
466,67,1
466,70,1
466,75,1
466,76,1
466,85,1
466,91,1
466,104,1
466,113,1
466,125,1
466,130,1
467,5,1
467,6,1
467,17,1
467,29,1
467,41,1
467,75,1
467,130,1
468,8,1
468,9,1
468,10,1
468,11,1
468,12,1
468,15,1
468,19,1
468,21,1
468,23,1
468,25,1
468,31,1
468,32,1
468,36,1
468,47,1
468,49,1
468,50,1
468,53,1
468,59,1
468,60,1
468,62,1
468,67,1
468,71,1
468,75,1
468,76,1
468,82,1
468,85,1
468,87,1
468,89,1
468,91,1
468,94,1
468,95,1
468,103,1
468,109,1
468,124,1
468,131,1
468,132,1
468,134,1
468,135,1
469,7,1
469,8,1
469,17,1
469,50,1
469,52,1
469,67,1
469,71,1
469,89,1
469,124,1
469,125,1
469,130,1
469,135,1
469,138,1
469,142,1
469,167,1
470,8,1
470,11,1
470,17,1
470,19,1
470,20,1
470,23,1
470,25,1
470,31,1
470,32,1
470,39,1
470,40,1
470,48,1
470,61,1
470,67,1
470,71,1
470,75,1
470,76,1
470,109,1
470,125,1
470,130,1
471,7,1
471,8,1
471,9,1
471,10,1
471,11,1
471,14,1
471,17,1
471,20,1
471,34,1
471,39,1
471,42,1
471,46,1
471,48,1
471,51,1
471,52,1
471,56,1
471,61,1
471,69,1
471,75,1
471,76,1
471,85,1
471,87,1
471,95,1
471,98,1
471,99,1
471,104,1
471,111,1
471,113,1
471,122,1
471,124,1
471,125,1
471,129,1
471,130,1
471,134,1
471,136,1
471,140,1
471,141,1
471,146,1
471,148,1
471,156,1
472,3,1
472,6,1
472,15,1
472,16,1
472,17,1
472,20,1
472,21,1
472,26,1
472,32,1
472,34,1
472,39,1
472,48,1
472,59,1
472,61,1
472,75,1
472,76,1
472,94,1
472,134,1
472,135,1
473,5,1
473,7,1
473,10,1
473,17,1
473,26,1
473,27,1
473,30,1
473,33,1
473,38,1
473,39,1
473,46,1
473,51,1
473,52,1
473,56,1
473,58,1
473,59,1
473,60,1
473,66,1
473,69,1
473,70,1
473,75,1
473,76,1
473,80,1
473,81,1
473,85,1
473,86,1
473,87,1
473,88,1
473,91,1
473,95,1
473,97,1
473,103,1
473,104,1
473,110,1
473,111,1
473,113,1
473,117,1
473,129,1
473,130,1
473,136,1
473,137,1
473,138,1
473,139,1
473,141,1
473,148,1
473,149,1
473,153,1
473,155,1
473,156,1
473,158,1
473,165,1
474,5,1
474,7,1
474,9,1
474,10,1
474,17,1
474,18,1
474,27,1
474,30,1
474,36,1
474,44,1
474,48,1
474,50,1
474,51,1
474,57,1
474,58,1
474,60,1
474,61,1
474,65,1
474,67,1
474,69,1
474,70,1
474,75,1
474,76,1
474,81,1
474,85,1
474,86,1
474,87,1
474,95,1
474,101,1
474,103,1
474,104,1
474,112,1
474,113,1
474,125,1
474,131,1
474,136,1
474,137,1
474,138,1
474,139,1
474,142,1
474,144,1
474,146,1
474,147,1
474,148,1
474,149,1
474,153,1
474,154,1
474,155,1
474,156,1
474,158,1
474,160,1
474,161,1
474,164,1
474,165,1
474,166,1
474,167,1
474,175,1
475,17,1
475,31,1
475,75,1
475,76,1
476,5,1
476,8,1
476,9,1
476,24,1
476,41,1
476,44,1
476,48,1
476,50,1
476,52,1
476,67,1
476,70,1
476,71,1
476,81,1
476,87,1
476,91,1
476,99,1
476,111,1
476,113,1
476,117,1
476,118,1
476,119,1
476,125,1
476,129,1
476,136,1
476,145,1
476,153,1
476,160,1
476,164,1
477,5,1
477,7,1
477,8,1
477,44,1
477,51,1
477,52,1
477,76,1
477,87,1
477,99,1
477,111,1
477,117,1
477,118,1
477,119,1
477,125,1
477,129,1
477,130,1
477,136,1
477,140,1
477,153,1
477,160,1
478,7,1
478,17,1
478,51,1
478,75,1
478,76,1
478,92,1
478,99,1
478,111,1
478,130,1
478,156,1
479,0,1
479,3,1
479,4,1
479,5,1
479,6,1
479,7,1
479,8,1
479,13,1
479,16,1
479,17,1
479,19,1
479,20,1
479,21,1
479,23,1
479,25,1
479,28,1
479,33,1
479,34,1
479,39,1
479,43,1
479,45,1
479,47,1
479,48,1
479,50,1
479,51,1
479,54,1
479,57,1
479,58,1
479,61,1
479,63,1
479,67,1
479,69,1
479,71,1
479,75,1
479,76,1
479,80,1
479,81,1
479,85,1
479,87,1
479,89,1
479,90,1
479,92,1
479,94,1
479,95,1
479,103,1
479,109,1
479,114,1
479,116,1
479,123,1
479,124,1
479,125,1
479,129,1
479,132,1
479,133,1
479,134,1
479,142,1
479,149,1
479,158,1
480,7,1
480,8,1
480,15,1
480,18,1
480,22,1
480,34,1
480,36,1
480,51,1
480,52,1
480,70,1
480,71,1
480,76,1
480,86,1
480,91,1
480,113,1
480,117,1
480,130,1
480,136,1
480,152,1
480,158,1
480,163,1
481,50,1
481,87,1
481,95,1
481,98,1
481,120,1
481,126,1
481,128,1
481,136,1
482,16,1
482,17,1
482,25,1
482,39,1
482,61,1
482,67,1
482,75,1
482,76,1
482,82,1
482,124,1
483,17,1
483,25,1
483,31,1
483,32,1
483,75,1
484,3,1
484,13,1
484,16,1
484,17,1
484,19,1
484,21,1
484,25,1
484,32,1
484,39,1
484,48,1
484,50,1
484,51,1
484,54,1
484,57,1
484,59,1
484,67,1
484,71,1
484,75,1
484,76,1
484,90,1
484,94,1
484,105,1
484,106,1
484,114,1
484,115,1
484,118,1
484,122,1
484,124,1
484,129,1
484,130,1
484,132,1
484,136,1
484,157,1
484,160,1
484,169,1
484,171,1
485,7,1
485,17,1
485,27,1
485,31,1
485,37,1
485,38,1
485,46,1
485,51,1
485,71,1
485,75,1
485,76,1
485,99,1
485,111,1
485,113,1
485,130,1
485,155,1
485,156,1
485,158,1
486,8,1
486,11,1
486,12,1
486,17,1
486,20,1
486,26,1
486,33,1
486,37,1
486,38,1
486,67,1
486,71,1
486,75,1
486,76,1
487,17,1
487,75,1
487,138,1
488,17,1
488,37,1
488,38,1
488,75,1
488,76,1
488,130,1
489,5,1
489,17,1
489,21,1
489,22,1
489,31,1
489,46,1
489,48,1
489,52,1
489,60,1
489,75,1
489,76,1
489,80,1
489,104,1
489,117,1
489,129,1
489,130,1
489,136,1
489,144,1
489,146,1
489,161,1
490,0,1
490,3,1
490,4,1
490,5,1
490,6,1
490,7,1
490,8,1
490,9,1
490,10,1
490,14,1
490,17,1
490,18,1
490,21,1
490,24,1
490,25,1
490,26,1
490,27,1
490,29,1
490,31,1
490,33,1
490,34,1
490,35,1
490,36,1
490,41,1
490,43,1
490,44,1
490,46,1
490,48,1
490,50,1
490,51,1
490,52,1
490,58,1
490,59,1
490,60,1
490,64,1
490,65,1
490,66,1
490,67,1
490,69,1
490,71,1
490,75,1
490,76,1
490,80,1
490,81,1
490,85,1
490,86,1
490,87,1
490,91,1
490,95,1
490,96,1
490,99,1
490,103,1
490,104,1
490,109,1
490,110,1
490,111,1
490,113,1
490,117,1
490,124,1
490,129,1
490,134,1
490,136,1
490,137,1
490,138,1
490,139,1
490,142,1
490,144,1
490,145,1
490,146,1
490,148,1
490,152,1
490,153,1
490,155,1
490,156,1
490,164,1
490,167,1
491,5,1
491,37,1
491,38,1
491,41,1
491,44,1
491,48,1
491,51,1
491,52,1
491,86,1
491,99,1
491,111,1
491,114,1
491,117,1
491,118,1
491,119,1
491,121,1
491,130,1
491,136,1
491,140,1
491,160,1
491,171,1
491,172,1
492,3,1
492,8,1
492,17,1
492,33,1
492,41,1
492,44,1
492,48,1
492,50,1
492,52,1
492,61,1
492,67,1
492,68,1
492,70,1
492,75,1
492,76,1
492,85,1
492,89,1
492,95,1
492,103,1
492,117,1
492,123,1
492,124,1
492,125,1
492,130,1
492,131,1
492,136,1
492,148,1
492,153,1
492,164,1
492,167,1
493,17,1
493,50,1
493,59,1
493,61,1
493,67,1
493,75,1
493,76,1
493,85,1
493,117,1
493,124,1
493,130,1
493,175,1
494,3,1
494,7,1
494,10,1
494,13,1
494,16,1
494,17,1
494,18,1
494,19,1
494,20,1
494,21,1
494,23,1
494,25,1
494,28,1
494,31,1
494,32,1
494,33,1
494,38,1
494,39,1
494,40,1
494,48,1
494,50,1
494,51,1
494,54,1
494,57,1
494,58,1
494,61,1
494,63,1
494,64,1
494,67,1
494,75,1
494,76,1
494,80,1
494,81,1
494,82,1
494,85,1
494,86,1
494,87,1
494,89,1
494,103,1
494,109,1
494,111,1
494,129,1
494,130,1
494,134,1
494,143,1
494,149,1
494,158,1
494,164,1
494,167,1
495,2,1
495,5,1
495,8,1
495,10,1
495,17,1
495,18,1
495,24,1
495,31,1
495,39,1
495,41,1
495,48,1
495,52,1
495,59,1
495,61,1
495,65,1
495,67,1
495,71,1
495,75,1
495,76,1
495,80,1
495,81,1
495,85,1
495,89,1
495,110,1
495,117,1
495,125,1
495,129,1
495,130,1
495,136,1
495,141,1
495,142,1
495,144,1
495,161,1
496,5,1
496,8,1
496,17,1
496,24,1
496,52,1
496,65,1
496,75,1
496,76,1
496,110,1
496,117,1
496,129,1
496,130,1
496,136,1
496,137,1
496,141,1
496,144,1
496,146,1
496,148,1
496,149,1
496,152,1
496,153,1
496,162,1
497,3,1
497,6,1
497,16,1
497,17,1
497,21,1
497,25,1
497,29,1
497,31,1
497,33,1
497,41,1
497,45,1
497,47,1
497,48,1
497,50,1
497,59,1
497,61,1
497,70,1
497,71,1
497,75,1
497,76,1
497,80,1
497,86,1
497,94,1
497,95,1
497,103,1
497,110,1
497,113,1
497,123,1
497,124,1
497,130,1
497,132,1
497,133,1
497,134,1
497,149,1
497,153,1
497,158,1
497,163,1
497,164,1
497,167,1
498,0,1
498,17,1
498,36,1
498,60,1
498,75,1
498,76,1
498,91,1
498,145,1
499,0,1
499,17,1
499,35,1
499,36,1
499,75,1
499,76,1
500,7,1
500,8,1
500,17,1
500,50,1
500,51,1
500,59,1
500,67,1
500,75,1
500,76,1
500,81,1
500,161,1
501,0,1
501,8,1
501,17,1
501,33,1
501,36,1
501,75,1
501,76,1
501,139,1
501,145,1
502,8,1
502,10,1
502,32,1
502,34,1
502,35,1
502,39,1
502,59,1
502,67,1
502,115,1
502,130,1
502,133,1
502,134,1
502,140,1
502,153,1
502,160,1
503,17,1
503,19,1
503,21,1
503,32,1
503,33,1
503,58,1
503,71,1
503,75,1
503,76,1
503,124,1
504,2,1
504,5,1
504,8,1
504,10,1
504,11,1
504,17,1
504,18,1
504,34,1
504,35,1
504,37,1
504,38,1
504,41,1
504,44,1
504,48,1
504,57,1
504,59,1
504,63,1
504,65,1
504,70,1
504,75,1
504,76,1
504,86,1
504,87,1
504,110,1
504,111,1
504,113,1
504,124,1
504,131,1
504,141,1
504,147,1
504,149,1
504,153,1
504,158,1
504,162,1
504,163,1
504,168,1
504,172,1
505,7,1
505,17,1
505,37,1
505,38,1
505,39,1
505,46,1
505,51,1
505,56,1
505,70,1
505,71,1
505,75,1
505,76,1
505,99,1
505,111,1
505,113,1
505,117,1
505,130,1
505,141,1
505,158,1
506,2,1
506,17,1
506,75,1
506,76,1
506,81,1
507,2,1
507,8,1
507,10,1
507,11,1
507,17,1
507,34,1
507,39,1
507,53,1
507,60,1
507,61,1
507,75,1
507,76,1
507,87,1
507,91,1
507,94,1
507,110,1
507,134,1
507,147,1
507,148,1
507,153,1
508,3,1
508,7,1
508,17,1
508,19,1
508,20,1
508,21,1
508,23,1
508,25,1
508,28,1
508,31,1
508,32,1
508,33,1
508,47,1
508,51,1
508,54,1
508,57,1
508,58,1
508,59,1
508,61,1
508,67,1
508,71,1
508,75,1
508,76,1
508,80,1
508,85,1
508,89,1
508,92,1
508,94,1
508,106,1
508,124,1
508,158,1
509,17,1
509,52,1
509,75,1
509,76,1
509,117,1
509,130,1
510,130,1
510,136,1
511,3,1
511,7,1
511,8,1
511,13,1
511,16,1
511,17,1
511,19,1
511,20,1
511,21,1
511,23,1
511,25,1
511,26,1
511,28,1
511,31,1
511,32,1
511,33,1
511,39,1
511,40,1
511,45,1
511,47,1
511,48,1
511,50,1
511,51,1
511,54,1
511,58,1
511,61,1
511,71,1
511,75,1
511,76,1
511,80,1
511,85,1
511,87,1
511,89,1
511,94,1
511,109,1
511,114,1
511,125,1
511,132,1
511,134,1
511,149,1
512,0,1
512,17,1
512,36,1
512,75,1
512,76,1
512,145,1
513,0,1
513,2,1
513,4,1
513,5,1
513,6,1
513,7,1
513,8,1
513,10,1
513,11,1
513,13,1
513,14,1
513,16,1
513,17,1
513,18,1
513,20,1
513,21,1
513,23,1
513,25,1
513,26,1
513,27,1
513,31,1
513,32,1
513,33,1
513,35,1
513,36,1
513,37,1
513,38,1
513,39,1
513,41,1
513,44,1
513,46,1
513,48,1
513,49,1
513,50,1
513,51,1
513,52,1
513,54,1
513,56,1
513,57,1
513,58,1
513,59,1
513,60,1
513,61,1
513,63,1
513,65,1
513,66,1
513,67,1
513,68,1
513,69,1
513,70,1
513,71,1
513,75,1
513,76,1
513,80,1
513,82,1
513,86,1
513,87,1
513,88,1
513,89,1
513,91,1
513,94,1
513,95,1
513,99,1
513,101,1
513,103,1
513,104,1
513,110,1
513,111,1
513,113,1
513,124,1
513,125,1
513,129,1
513,131,1
513,134,1
513,136,1
513,137,1
513,141,1
513,144,1
513,145,1
513,147,1
513,148,1
513,149,1
513,153,1
513,154,1
513,155,1
513,156,1
513,158,1
513,161,1
513,163,1
513,164,1
513,166,1
513,167,1
514,3,1
514,5,1
514,7,1
514,8,1
514,17,1
514,24,1
514,34,1
514,37,1
514,38,1
514,58,1
514,65,1
514,71,1
514,75,1
514,87,1
514,124,1
514,130,1
514,146,1
514,149,1
514,152,1
514,153,1
514,167,1
515,0,1
515,17,1
515,35,1
515,36,1
515,75,1
515,76,1
515,82,1
516,3,1
516,7,1
516,8,1
516,13,1
516,15,1
516,16,1
516,17,1
516,19,1
516,20,1
516,23,1
516,25,1
516,26,1
516,28,1
516,32,1
516,33,1
516,34,1
516,39,1
516,40,1
516,45,1
516,48,1
516,50,1
516,51,1
516,53,1
516,54,1
516,57,1
516,58,1
516,60,1
516,61,1
516,62,1
516,75,1
516,76,1
516,80,1
516,81,1
516,85,1
516,89,1
516,90,1
516,94,1
516,95,1
516,103,1
516,109,1
516,114,1
516,123,1
516,124,1
516,125,1
516,133,1
516,134,1
517,2,1
517,6,1
517,7,1
517,11,1
517,19,1
517,21,1
517,24,1
517,25,1
517,29,1
517,32,1
517,38,1
517,41,1
517,66,1
517,70,1
517,71,1
517,76,1
517,80,1
517,99,1
517,129,1
517,130,1
517,131,1
517,135,1
517,136,1
517,152,1
518,8,1
518,13,1
518,16,1
518,17,1
518,19,1
518,20,1
518,23,1
518,31,1
518,32,1
518,39,1
518,67,1
518,71,1
518,75,1
518,76,1
518,85,1
518,87,1
518,89,1
518,111,1
518,155,1
519,5,1
519,7,1
519,10,1
519,14,1
519,16,1
519,17,1
519,21,1
519,30,1
519,51,1
519,59,1
519,71,1
519,75,1
519,76,1
519,86,1
519,87,1
519,91,1
519,95,1
519,111,1
519,117,1
519,130,1
519,137,1
519,138,1
519,141,1
519,156,1
519,161,1
520,5,1
520,37,1
520,38,1
520,44,1
520,52,1
520,70,1
520,87,1
520,111,1
520,117,1
520,118,1
520,129,1
520,130,1
520,136,1
520,153,1
520,160,1
521,3,1
521,6,1
521,8,1
521,10,1
521,13,1
521,17,1
521,18,1
521,21,1
521,27,1
521,31,1
521,33,1
521,37,1
521,38,1
521,41,1
521,44,1
521,48,1
521,50,1
521,54,1
521,59,1
521,61,1
521,67,1
521,70,1
521,71,1
521,75,1
521,76,1
521,86,1
521,87,1
521,88,1
521,89,1
521,95,1
521,103,1
521,109,1
521,110,1
521,113,1
521,117,1
521,118,1
521,119,1
521,130,1
521,153,1
522,3,1
522,6,1
522,8,1
522,10,1
522,13,1
522,15,1
522,17,1
522,19,1
522,20,1
522,21,1
522,31,1
522,32,1
522,34,1
522,36,1
522,39,1
522,41,1
522,47,1
522,50,1
522,54,1
522,59,1
522,67,1
522,71,1
522,75,1
522,76,1
522,80,1
522,81,1
522,85,1
522,89,1
522,109,1
522,117,1
522,123,1
522,124,1
522,130,1
522,132,1
522,134,1
522,153,1
522,164,1
522,167,1
523,5,1
523,7,1
523,8,1
523,14,1
523,17,1
523,18,1
523,24,1
523,27,1
523,30,1
523,36,1
523,37,1
523,38,1
523,44,1
523,46,1
523,48,1
523,50,1
523,51,1
523,56,1
523,59,1
523,60,1
523,65,1
523,66,1
523,67,1
523,70,1
523,71,1
523,75,1
523,76,1
523,85,1
523,86,1
523,87,1
523,91,1
523,92,1
523,97,1
523,99,1
523,104,1
523,111,1
523,112,1
523,113,1
523,125,1
523,129,1
523,136,1
523,137,1
523,138,1
523,139,1
523,141,1
523,146,1
523,148,1
523,152,1
523,154,1
523,155,1
523,156,1
523,158,1
523,164,1
523,166,1
523,167,1
524,7,1
524,18,1
524,46,1
524,51,1
524,69,1
524,75,1
524,85,1
524,91,1
524,99,1
524,111,1
524,113,1
524,115,1
524,121,1
524,130,1
524,140,1
524,156,1
524,158,1
524,160,1
524,173,1
525,7,1
525,8,1
525,70,1
525,99,1
525,118,1
525,119,1
525,130,1
525,131,1
525,136,1
525,149,1
526,7,1
526,8,1
526,17,1
526,36,1
526,48,1
526,52,1
526,59,1
526,70,1
526,75,1
526,76,1
526,91,1
526,113,1
526,117,1
526,129,1
526,130,1
526,136,1
526,138,1
526,153,1
526,156,1
526,163,1
527,5,1
527,17,1
527,24,1
527,52,1
527,65,1
527,75,1
527,76,1
527,117,1
527,129,1
527,130,1
527,136,1
527,141,1
527,146,1
527,149,1
527,152,1
528,7,1
528,17,1
528,37,1
528,51,1
528,75,1
528,76,1
528,99,1
528,111,1
528,113,1
528,130,1
528,155,1
528,156,1
528,158,1
529,29,1
529,34,1
529,95,1
530,17,1
530,34,1
530,48,1
530,64,1
530,67,1
530,71,1
530,134,1
530,149,1
531,37,1
531,38,1
531,70,1
532,0,1
532,3,1
532,4,1
532,5,1
532,6,1
532,8,1
532,10,1
532,14,1
532,17,1
532,18,1
532,21,1
532,26,1
532,27,1
532,33,1
532,35,1
532,43,1
532,44,1
532,46,1
532,48,1
532,52,1
532,58,1
532,59,1
532,66,1
532,67,1
532,70,1
532,71,1
532,75,1
532,76,1
532,80,1
532,81,1
532,85,1
532,86,1
532,90,1
532,91,1
532,95,1
532,96,1
532,104,1
532,111,1
532,117,1
532,118,1
532,119,1
532,124,1
532,125,1
532,129,1
532,134,1
532,136,1
532,137,1
532,138,1
532,139,1
532,141,1
532,142,1
532,144,1
532,145,1
532,146,1
532,148,1
532,152,1
532,153,1
532,156,1
532,158,1
532,164,1
532,167,1
533,7,1
533,8,1
533,38,1
533,70,1
533,129,1
533,130,1
533,136,1
533,149,1
534,17,1
534,31,1
534,37,1
534,38,1
534,52,1
534,75,1
534,76,1
534,117,1
534,130,1
534,153,1
535,3,1
535,8,1
535,13,1
535,15,1
535,16,1
535,17,1
535,19,1
535,20,1
535,21,1
535,23,1
535,25,1
535,26,1
535,31,1
535,33,1
535,39,1
535,48,1
535,50,1
535,51,1
535,54,1
535,58,1
535,61,1
535,71,1
535,75,1
535,76,1
535,80,1
535,85,1
535,89,1
535,94,1
535,105,1
535,106,1
535,109,1
535,114,1
535,115,1
535,122,1
535,124,1
535,125,1
535,134,1
535,157,1
535,160,1
535,170,1
535,171,1
536,3,1
536,7,1
536,13,1
536,16,1
536,17,1
536,19,1
536,21,1
536,28,1
536,32,1
536,33,1
536,39,1
536,51,1
536,54,1
536,59,1
536,62,1
536,67,1
536,71,1
536,75,1
536,76,1
536,80,1
536,85,1
536,89,1
536,114,1
536,132,1
537,63,1
537,86,1
537,136,1
537,152,1
537,161,1
537,168,1
538,0,1
538,11,1
538,12,1
538,17,1
538,35,1
538,36,1
538,60,1
538,75,1
538,76,1
538,91,1
539,161,1
540,38,1
540,59,1
540,62,1
540,63,1
540,86,1
540,90,1
540,94,1
540,136,1
540,146,1
540,147,1
540,161,1
540,168,1
541,7,1
541,38,1
541,70,1
541,99,1
541,130,1
541,136,1
541,149,1
542,3,1
542,6,1
542,7,1
542,8,1
542,10,1
542,13,1
542,15,1
542,16,1
542,17,1
542,19,1
542,20,1
542,21,1
542,22,1
542,23,1
542,25,1
542,26,1
542,28,1
542,29,1
542,31,1
542,32,1
542,33,1
542,34,1
542,39,1
542,40,1
542,41,1
542,45,1
542,47,1
542,48,1
542,50,1
542,51,1
542,54,1
542,57,1
542,58,1
542,60,1
542,61,1
542,62,1
542,64,1
542,69,1
542,71,1
542,75,1
542,76,1
542,80,1
542,85,1
542,87,1
542,95,1
542,103,1
542,106,1
542,109,1
542,112,1
542,114,1
542,115,1
542,116,1
542,123,1
542,125,1
542,129,1
542,132,1
542,134,1
542,149,1
542,158,1
543,7,1
543,8,1
543,15,1
543,17,1
543,21,1
543,23,1
543,32,1
543,46,1
543,48,1
543,51,1
543,59,1
543,71,1
543,75,1
543,76,1
543,80,1
543,95,1
543,130,1
544,0,1
544,36,1
545,37,1
545,38,1
545,46,1
545,51,1
545,99,1
545,104,1
545,130,1
545,156,1
546,5,1
546,6,1
546,29,1
546,41,1
546,52,1
546,104,1
546,113,1
546,130,1
547,17,1
547,27,1
547,37,1
547,38,1
547,46,1
547,51,1
547,58,1
547,75,1
547,76,1
547,81,1
547,85,1
547,99,1
547,104,1
547,111,1
547,113,1
547,155,1
547,156,1
547,158,1
548,7,1
548,51,1
548,146,1
549,5,1
549,7,1
549,8,1
549,9,1
549,24,1
549,38,1
549,41,1
549,44,1
549,48,1
549,50,1
549,51,1
549,52,1
549,67,1
549,70,1
549,71,1
549,87,1
549,91,1
549,99,1
549,111,1
549,113,1
549,119,1
549,125,1
549,129,1
549,130,1
549,136,1
549,153,1
549,160,1
550,17,1
550,42,1
550,63,1
550,75,1
550,76,1
551,0,1
551,5,1
551,10,1
551,17,1
551,21,1
551,27,1
551,31,1
551,32,1
551,58,1
551,59,1
551,60,1
551,69,1
551,71,1
551,75,1
551,76,1
551,80,1
551,87,1
551,88,1
551,91,1
551,95,1
551,103,1
551,130,1
551,149,1
551,153,1
552,5,1
552,7,1
552,8,1
552,9,1
552,24,1
552,38,1
552,41,1
552,44,1
552,48,1
552,50,1
552,52,1
552,67,1
552,70,1
552,71,1
552,91,1
552,99,1
552,111,1
552,113,1
552,117,1
552,118,1
552,119,1
552,125,1
552,129,1
552,136,1
552,145,1
552,153,1
552,164,1
553,5,1
553,6,1
553,8,1
553,17,1
553,27,1
553,52,1
553,59,1
553,60,1
553,91,1
553,117,1
553,130,1
553,153,1
554,3,1
554,6,1
554,7,1
554,8,1
554,13,1
554,15,1
554,16,1
554,17,1
554,19,1
554,20,1
554,23,1
554,25,1
554,26,1
554,28,1
554,39,1
554,40,1
554,41,1
554,45,1
554,47,1
554,48,1
554,50,1
554,51,1
554,54,1
554,57,1
554,58,1
554,61,1
554,64,1
554,69,1
554,71,1
554,75,1
554,76,1
554,80,1
554,85,1
554,95,1
554,109,1
554,114,1
554,125,1
554,129,1
554,138,1
554,149,1
554,158,1
554,178,1
555,5,1
555,7,1
555,8,1
555,9,1
555,38,1
555,44,1
555,48,1
555,50,1
555,51,1
555,52,1
555,67,1
555,70,1
555,71,1
555,87,1
555,91,1
555,99,1
555,111,1
555,113,1
555,117,1
555,118,1
555,119,1
555,125,1
555,129,1
555,130,1
555,136,1
555,153,1
555,160,1
555,164,1
556,8,1
556,16,1
556,17,1
556,19,1
556,20,1
556,21,1
556,31,1
556,32,1
556,33,1
556,39,1
556,48,1
556,50,1
556,58,1
556,59,1
556,61,1
556,67,1
556,71,1
556,75,1
556,76,1
556,80,1
556,124,1
556,129,1
556,137,1
556,138,1
556,149,1
557,3,1
557,5,1
557,6,1
557,8,1
557,9,1
557,10,1
557,11,1
557,13,1
557,14,1
557,15,1
557,16,1
557,17,1
557,19,1
557,20,1
557,21,1
557,22,1
557,25,1
557,26,1
557,28,1
557,29,1
557,31,1
557,32,1
557,33,1
557,34,1
557,37,1
557,39,1
557,41,1
557,45,1
557,47,1
557,48,1
557,50,1
557,51,1
557,54,1
557,59,1
557,61,1
557,62,1
557,67,1
557,69,1
557,71,1
557,75,1
557,76,1
557,80,1
557,82,1
557,85,1
557,86,1
557,87,1
557,89,1
557,94,1
557,95,1
557,103,1
557,109,1
557,110,1
557,113,1
557,117,1
557,123,1
557,124,1
557,125,1
557,130,1
557,131,1
557,132,1
557,134,1
557,153,1
557,155,1
557,156,1
558,5,1
558,7,1
558,17,1
558,51,1
558,56,1
558,75,1
558,76,1
558,111,1
558,136,1
558,138,1
558,139,1
558,149,1
558,153,1
559,0,1
559,3,1
559,5,1
559,7,1
559,8,1
559,17,1
559,18,1
559,27,1
559,35,1
559,37,1
559,38,1
559,41,1
559,44,1
559,46,1
559,51,1
559,52,1
559,56,1
559,59,1
559,70,1
559,75,1
559,76,1
559,95,1
559,99,1
559,103,1
559,111,1
559,113,1
559,117,1
559,130,1
559,136,1
559,139,1
559,146,1
559,153,1
559,155,1
559,156,1
559,158,1
559,162,1
560,34,1
560,136,1
560,168,1
561,14,1
561,17,1
561,46,1
561,51,1
561,75,1
561,76,1
561,99,1
561,104,1
561,111,1
561,113,1
561,155,1
561,156,1
562,24,1
562,117,1
562,130,1
562,152,1
563,8,1
563,30,1
563,37,1
563,38,1
563,42,1
563,55,1
563,59,1
563,63,1
563,81,1
563,86,1
563,111,1
563,136,1
563,147,1
563,154,1
563,158,1
563,161,1
563,168,1
563,180,1
564,5,1
564,7,1
564,8,1
564,17,1
564,18,1
564,27,1
564,31,1
564,36,1
564,37,1
564,42,1
564,44,1
564,51,1
564,52,1
564,56,1
564,60,1
564,70,1
564,75,1
564,76,1
564,87,1
564,95,1
564,98,1
564,99,1
564,104,1
564,113,1
564,119,1
564,124,1
564,125,1
564,129,1
564,131,1
564,134,1
564,136,1
564,137,1
564,138,1
564,139,1
564,140,1
564,141,1
564,144,1
564,146,1
564,149,1
564,154,1
564,156,1
564,160,1
564,161,1
564,167,1
565,7,1
565,51,1
565,52,1
565,99,1
565,130,1
565,136,1
565,140,1
565,145,1
565,160,1
566,5,1
566,7,1
566,8,1
566,9,1
566,24,1
566,38,1
566,44,1
566,48,1
566,50,1
566,52,1
566,67,1
566,70,1
566,71,1
566,91,1
566,99,1
566,111,1
566,113,1
566,117,1
566,118,1
566,119,1
566,125,1
566,129,1
566,136,1
566,145,1
566,153,1
566,160,1
567,0,1
567,3,1
567,8,1
567,11,1
567,12,1
567,15,1
567,16,1
567,17,1
567,19,1
567,20,1
567,21,1
567,22,1
567,26,1
567,31,1
567,32,1
567,33,1
567,37,1
567,38,1
567,39,1
567,40,1
567,41,1
567,50,1
567,53,1
567,56,1
567,57,1
567,59,1
567,61,1
567,62,1
567,63,1
567,64,1
567,67,1
567,168,1
568,3,1
568,6,1
568,8,1
568,11,1
568,16,1
568,17,1
568,19,1
568,20,1
568,23,1
568,25,1
568,26,1
568,28,1
568,29,1
568,31,1
568,32,1
568,39,1
568,40,1
568,41,1
568,48,1
568,50,1
568,57,1
568,59,1
568,60,1
568,61,1
568,64,1
568,67,1
568,71,1
568,75,1
568,76,1
568,82,1
568,85,1
568,89,1
568,109,1
568,125,1
568,130,1
568,142,1
569,17,1
569,52,1
569,75,1
569,76,1
569,130,1
569,138,1
569,152,1
570,8,1
570,17,1
570,38,1
570,48,1
570,52,1
570,70,1
570,75,1
570,76,1
570,117,1
570,124,1
570,125,1
570,130,1
570,149,1
571,2,1
571,8,1
571,17,1
571,59,1
571,75,1
571,76,1
571,81,1
571,87,1
572,3,1
572,6,1
572,8,1
572,10,1
572,13,1
572,15,1
572,17,1
572,19,1
572,20,1
572,21,1
572,31,1
572,32,1
572,34,1
572,39,1
572,41,1
572,47,1
572,50,1
572,54,1
572,59,1
572,61,1
572,69,1
572,71,1
572,75,1
572,76,1
572,80,1
572,81,1
572,85,1
572,86,1
572,88,1
572,89,1
572,94,1
572,103,1
572,109,1
572,124,1
572,130,1
572,132,1
572,134,1
572,153,1
573,17,1
573,51,1
573,70,1
573,75,1
573,76,1
573,111,1
573,113,1
573,125,1
573,130,1
573,141,1
573,155,1
573,156,1
574,5,1
574,8,1
574,37,1
574,38,1
574,44,1
574,48,1
574,51,1
574,52,1
574,57,1
574,81,1
574,91,1
574,98,1
574,99,1
574,111,1
574,117,1
574,118,1
574,119,1
574,121,1
574,130,1
574,136,1
574,140,1
574,160,1
574,173,1
575,24,1
576,0,1
576,17,1
576,35,1
576,75,1
576,124,1
576,130,1
577,7,1
577,8,1
577,17,1
577,36,1
577,47,1
577,75,1
577,110,1
577,117,1
577,124,1
577,130,1
577,131,1
577,137,1
577,138,1
577,144,1
578,10,1
578,16,1
578,19,1
578,32,1
578,39,1
578,58,1
578,63,1
578,71,1
578,75,1
578,76,1
578,130,1
579,7,1
579,8,1
579,18,1
579,38,1
579,70,1
579,99,1
579,129,1
579,131,1
579,136,1
579,149,1
580,3,1
580,7,1
580,16,1
580,17,1
580,20,1
580,21,1
580,25,1
580,28,1
580,31,1
580,32,1
580,33,1
580,34,1
580,39,1
580,48,1
580,54,1
580,57,1
580,58,1
580,59,1
580,61,1
580,63,1
580,67,1
580,71,1
580,75,1
580,76,1
580,85,1
580,87,1
580,89,1
580,129,1
580,130,1
580,143,1
580,149,1
581,11,1
581,181,1
581,182,1
581,183,1
581,184,1
582,11,1
582,181,1
582,183,1
582,184,1
583,3,1
583,7,1
583,17,1
583,19,1
583,21,1
583,23,1
583,25,1
583,31,1
583,32,1
583,33,1
583,50,1
583,51,1
583,58,1
583,59,1
583,71,1
583,75,1
583,76,1
583,80,1
583,85,1
583,89,1
583,92,1
583,124,1
583,130,1
583,131,1
583,156,1
583,158,1
584,3,1
584,5,1
584,7,1
584,14,1
584,17,1
584,24,1
584,30,1
584,37,1
584,38,1
584,46,1
584,51,1
584,56,1
584,59,1
584,75,1
584,76,1
584,80,1
584,81,1
584,85,1
584,97,1
584,99,1
584,101,1
584,104,1
584,111,1
584,113,1
584,129,1
584,130,1
584,136,1
584,148,1
584,149,1
584,153,1
584,155,1
584,156,1
584,158,1
584,165,1
584,185,1
585,4,1
585,5,1
585,7,1
585,10,1
585,18,1
585,36,1
585,37,1
585,38,1
585,42,1
585,43,1
585,44,1
585,46,1
585,51,1
585,52,1
585,58,1
585,60,1
585,63,1
585,65,1
585,70,1
585,80,1
585,91,1
585,96,1
585,111,1
585,113,1
585,117,1
585,119,1
585,121,1
585,125,1
585,129,1
585,130,1
585,136,1
585,137,1
585,138,1
585,139,1
585,140,1
585,141,1
585,144,1
585,145,1
585,149,1
585,153,1
585,154,1
585,155,1
585,156,1
585,160,1
585,162,1
585,163,1
585,168,1
586,5,1
586,8,1
586,10,1
586,17,1
586,24,1
586,27,1
586,35,1
586,36,1
586,52,1
586,55,1
586,59,1
586,60,1
586,65,1
586,75,1
586,76,1
586,80,1
586,91,1
586,96,1
586,130,1
586,137,1
586,138,1
586,141,1
586,146,1
586,152,1
586,153,1
586,154,1
586,164,1
586,168,1
587,5,1
587,8,1
587,10,1
587,11,1
587,17,1
587,24,1
587,35,1
587,52,1
587,55,1
587,60,1
587,67,1
587,75,1
587,76,1
587,80,1
587,91,1
587,125,1
587,130,1
587,137,1
587,138,1
587,141,1
587,168,1
588,3,1
588,7,1
588,16,1
588,17,1
588,21,1
588,25,1
588,31,1
588,32,1
588,39,1
588,48,1
588,51,1
588,58,1
588,59,1
588,67,1
588,71,1
588,75,1
588,76,1
588,85,1
588,89,1
588,117,1
588,130,1
588,143,1
588,158,1
589,6,1
589,7,1
589,29,1
589,41,1
589,51,1
589,87,1
589,95,1
589,103,1
589,113,1
589,126,1
590,17,1
590,33,1
590,37,1
590,38,1
590,46,1
590,50,1
590,67,1
590,70,1
590,75,1
590,81,1
590,86,1
590,117,1
590,121,1
590,125,1
590,144,1
590,164,1
590,167,1
591,2,1
591,6,1
591,8,1
591,17,1
591,21,1
591,59,1
591,75,1
591,76,1
591,81,1
591,87,1
592,3,1
592,8,1
592,16,1
592,17,1
592,20,1
592,21,1
592,25,1
592,26,1
592,28,1
592,31,1
592,32,1
592,33,1
592,39,1
592,47,1
592,57,1
592,59,1
592,61,1
592,67,1
592,73,1
592,75,1
592,76,1
592,80,1
592,89,1
592,105,1
592,106,1
592,109,1
592,115,1
592,125,1
592,132,1
592,135,1
592,157,1
592,159,1
593,0,1
593,8,1
593,17,1
593,33,1
593,36,1
593,67,1
593,75,1
593,76,1
593,125,1
593,145,1
594,16,1
594,17,1
594,19,1
594,20,1
594,23,1
594,33,1
594,73,1
594,75,1
594,76,1
594,141,1
595,17,1
595,18,1
595,37,1
595,38,1
595,75,1
595,76,1
595,117,1
595,130,1
596,3,1
596,16,1
596,17,1
596,20,1
596,21,1
596,23,1
596,25,1
596,28,1
596,31,1
596,32,1
596,33,1
596,34,1
596,39,1
596,54,1
596,58,1
596,59,1
596,61,1
596,63,1
596,67,1
596,71,1
596,75,1
596,76,1
596,87,1
596,89,1
596,130,1
596,143,1
596,149,1
596,158,1
596,159,1
597,3,1
597,6,1
597,16,1
597,17,1
597,19,1
597,20,1
597,21,1
597,23,1
597,28,1
597,31,1
597,32,1
597,33,1
597,39,1
597,45,1
597,48,1
597,54,1
597,58,1
597,59,1
597,61,1
597,63,1
597,67,1
597,71,1
597,75,1
597,76,1
597,80,1
597,81,1
597,85,1
597,89,1
597,92,1
597,94,1
597,103,1
597,116,1
597,117,1
597,123,1
597,124,1
597,132,1
597,134,1
597,149,1
597,158,1
598,7,1
598,16,1
598,17,1
598,19,1
598,20,1
598,21,1
598,23,1
598,25,1
598,31,1
598,32,1
598,33,1
598,39,1
598,51,1
598,58,1
598,59,1
598,67,1
598,71,1
598,75,1
598,76,1
598,85,1
598,129,1
598,134,1
598,143,1
598,158,1
599,8,1
599,16,1
599,17,1
599,20,1
599,36,1
599,67,1
599,73,1
599,75,1
599,76,1
599,82,1
599,87,1
599,91,1
599,145,1
599,146,1
600,10,1
600,16,1
600,17,1
600,18,1
600,20,1
600,31,1
600,37,1
600,38,1
600,44,1
600,50,1
600,70,1
600,75,1
600,76,1
600,80,1
600,95,1
600,102,1
600,119,1
600,136,1
601,11,1
601,12,1
601,16,1
601,17,1
601,19,1
601,20,1
601,21,1
601,23,1
601,25,1
601,26,1
601,28,1
601,31,1
601,32,1
601,33,1
601,36,1
601,39,1
601,53,1
601,54,1
601,62,1
601,75,1
601,76,1
601,81,1
601,82,1
601,85,1
601,94,1
601,124,1
601,130,1
601,135,1
601,186,1
602,0,1
602,4,1
602,8,1
602,17,1
602,33,1
602,36,1
602,38,1
602,43,1
602,72,1
602,73,1
602,75,1
602,145,1
603,5,1
603,7,1
603,8,1
603,14,1
603,17,1
603,18,1
603,19,1
603,33,1
603,36,1
603,37,1
603,38,1
603,46,1
603,51,1
603,52,1
603,56,1
603,60,1
603,70,1
603,71,1
603,75,1
603,76,1
603,81,1
603,82,1
603,85,1
603,91,1
603,99,1
603,111,1
603,113,1
603,117,1
603,124,1
603,130,1
603,131,1
603,136,1
603,137,1
603,138,1
603,141,1
603,144,1
603,155,1
603,156,1
603,158,1
604,7,1
604,17,1
604,46,1
604,51,1
604,75,1
604,76,1
604,91,1
604,92,1
604,113,1
604,130,1
604,141,1
604,144,1
604,158,1
605,0,1
605,8,1
605,11,1
605,17,1
605,31,1
605,32,1
605,33,1
605,35,1
605,36,1
605,53,1
605,64,1
605,72,1
605,73,1
605,75,1
605,76,1
605,91,1
605,125,1
605,135,1
605,138,1
605,145,1
606,3,1
606,7,1
606,13,1
606,16,1
606,17,1
606,19,1
606,20,1
606,21,1
606,23,1
606,25,1
606,28,1
606,31,1
606,32,1
606,33,1
606,39,1
606,40,1
606,48,1
606,51,1
606,54,1
606,57,1
606,58,1
606,59,1
606,61,1
606,63,1
606,64,1
606,67,1
606,71,1
606,75,1
606,76,1
606,80,1
606,81,1
606,85,1
606,89,1
606,90,1
606,109,1
606,124,1
606,129,1
606,133,1
606,134,1
606,138,1
606,141,1
606,142,1
606,144,1
606,149,1
606,159,1
606,167,1
607,0,1
607,1,1
607,17,1
607,19,1
607,27,1
607,35,1
607,60,1
607,75,1
607,85,1
607,87,1
607,91,1
608,6,1
608,8,1
608,15,1
608,18,1
608,19,1
608,24,1
608,29,1
608,32,1
608,38,1
608,41,1
608,47,1
608,71,1
608,76,1
608,80,1
608,99,1
608,129,1
608,131,1
608,136,1
608,149,1
608,152,1
609,16,1
609,17,1
609,19,1
609,20,1
609,21,1
609,31,1
609,32,1
609,39,1
609,67,1
609,75,1
609,76,1
609,87,1
609,124,1
610,8,1
610,17,1
610,18,1
610,42,1
610,46,1
610,50,1
610,61,1
610,67,1
610,70,1
610,81,1
610,86,1
610,91,1
610,121,1
610,138,1
610,148,1
610,164,1
610,167,1
611,3,1
611,7,1
611,16,1
611,17,1
611,19,1
611,20,1
611,21,1
611,23,1
611,25,1
611,28,1
611,32,1
611,33,1
611,39,1
611,51,1
611,58,1
611,59,1
611,67,1
611,71,1
611,75,1
611,76,1
611,85,1
611,89,1
611,92,1
611,124,1
611,158,1
612,3,1
612,7,1
612,16,1
612,17,1
612,20,1
612,21,1
612,23,1
612,25,1
612,28,1
612,31,1
612,32,1
612,33,1
612,39,1
612,48,1
612,51,1
612,58,1
612,59,1
612,67,1
612,71,1
612,75,1
612,76,1
612,85,1
612,89,1
612,117,1
612,130,1
612,143,1
613,2,1
613,21,1
613,31,1
613,59,1
613,81,1
613,87,1
613,95,1
613,103,1
613,164,1
613,167,1
614,3,1
614,16,1
614,17,1
614,19,1
614,20,1
614,21,1
614,23,1
614,28,1
614,31,1
614,32,1
614,33,1
614,39,1
614,52,1
614,58,1
614,59,1
614,67,1
614,71,1
614,75,1
614,76,1
614,85,1
614,89,1
614,114,1
614,124,1
614,132,1
614,137,1
615,7,1
615,19,1
615,20,1
615,21,1
615,23,1
615,28,1
615,31,1
615,32,1
615,33,1
615,36,1
615,39,1
615,51,1
615,52,1
615,57,1
615,58,1
615,59,1
615,67,1
615,71,1
615,75,1
615,76,1
615,85,1
615,89,1
615,92,1
615,114,1
615,124,1
615,137,1
615,138,1
615,139,1
616,3,1
616,4,1
616,5,1
616,6,1
616,7,1
616,8,1
616,10,1
616,13,1
616,16,1
616,17,1
616,19,1
616,23,1
616,28,1
616,31,1
616,32,1
616,39,1
616,41,1
616,45,1
616,48,1
616,50,1
616,51,1
616,54,1
616,58,1
616,59,1
616,61,1
616,67,1
616,71,1
616,75,1
616,76,1
616,80,1
616,87,1
616,89,1
616,114,1
616,117,1
616,123,1
616,125,1
616,129,1
616,130,1
616,132,1
616,141,1
616,144,1
616,149,1
617,17,1
617,37,1
617,38,1
617,75,1
617,76,1
618,17,1
618,18,1
618,37,1
618,38,1
618,52,1
618,75,1
618,117,1
618,130,1
619,4,1
619,18,1
619,24,1
619,34,1
619,37,1
619,38,1
619,43,1
619,44,1
619,52,1
619,56,1
619,57,1
619,70,1
619,91,1
619,115,1
619,116,1
619,118,1
619,119,1
619,121,1
619,132,1
619,140,1
619,160,1
619,161,1
620,0,1
620,1,1
620,17,1
620,19,1
620,27,1
620,35,1
620,75,1
620,141,1
621,0,1
621,1,1
621,3,1
621,5,1
621,6,1
621,10,1
621,11,1
621,12,1
621,15,1
621,18,1
621,21,1
621,22,1
621,25,1
621,27,1
621,32,1
621,33,1
621,35,1
621,42,1
621,45,1
621,47,1
621,52,1
621,53,1
621,58,1
621,59,1
621,62,1
621,71,1
621,80,1
621,81,1
621,86,1
621,87,1
621,88,1
621,91,1
621,94,1
621,109,1
621,110,1
621,114,1
621,115,1
621,117,1
621,118,1
621,120,1
621,122,1
621,126,1
621,127,1
621,128,1
621,129,1
621,130,1
621,131,1
621,132,1
621,133,1
621,134,1
621,135,1
621,136,1
621,140,1
621,141,1
621,142,1
621,144,1
621,146,1
621,154,1
621,164,1
621,167,1
621,170,1
622,0,1
622,5,1
622,22,1
622,35,1
622,45,1
622,81,1
622,89,1
622,91,1
622,115,1
622,117,1
622,130,1
622,132,1
622,134,1
622,136,1
622,146,1
622,173,1
623,17,1
623,24,1
623,65,1
623,75,1
623,76,1
623,152,1
624,3,1
624,5,1
624,6,1
624,16,1
624,17,1
624,19,1
624,20,1
624,24,1
624,25,1
624,31,1
624,32,1
624,39,1
624,40,1
624,41,1
624,42,1
624,50,1
624,52,1
624,54,1
624,59,1
624,63,1
624,67,1
624,75,1
624,76,1
624,80,1
624,82,1
624,85,1
624,86,1
624,88,1
624,89,1
624,109,1
624,114,1
624,117,1
624,123,1
624,130,1
624,131,1
624,132,1
624,146,1
625,17,1
625,42,1
625,61,1
625,63,1
625,67,1
625,75,1
625,76,1
626,3,1
626,4,1
626,7,1
626,10,1
626,13,1
626,23,1
626,28,1
626,32,1
626,33,1
626,45,1
626,54,1
626,58,1
626,61,1
626,71,1
626,80,1
626,85,1
626,87,1
626,90,1
626,105,1
626,106,1
626,114,1
626,124,1
626,130,1
626,131,1
626,142,1
626,144,1
626,149,1
626,160,1
627,0,1
627,3,1
627,5,1
627,6,1
627,7,1
627,8,1
627,17,1
627,19,1
627,20,1
627,21,1
627,23,1
627,25,1
627,26,1
627,28,1
627,29,1
627,32,1
627,33,1
627,34,1
627,35,1
627,36,1
627,39,1
627,40,1
627,41,1
627,44,1
627,50,1
627,51,1
627,52,1
627,58,1
627,59,1
627,60,1
627,61,1
627,69,1
627,70,1
627,71,1
627,76,1
627,80,1
627,86,1
627,88,1
627,91,1
627,95,1
627,104,1
627,105,1
627,106,1
627,109,1
627,110,1
627,115,1
627,117,1
627,119,1
627,124,1
627,129,1
627,130,1
627,131,1
627,134,1
627,136,1
627,137,1
627,142,1
627,144,1
627,145,1
627,146,1
627,149,1
627,153,1
627,170,1
627,171,1
627,172,1
627,176,1
628,3,1
628,11,1
628,16,1
628,21,1
628,25,1
628,26,1
628,28,1
628,32,1
628,33,1
628,39,1
628,45,1
628,59,1
628,69,1
628,75,1
628,76,1
628,80,1
628,81,1
628,94,1
628,99,1
628,109,1
628,115,1
628,124,1
628,134,1
628,170,1
629,10,1
629,17,1
629,47,1
629,59,1
629,61,1
629,75,1
629,81,1
629,117,1
629,130,1
629,131,1
629,142,1
629,144,1
630,0,1
630,3,1
630,6,1
630,8,1
630,15,1
630,17,1
630,18,1
630,19,1
630,20,1
630,29,1
630,31,1
630,32,1
630,33,1
630,34,1
630,35,1
630,39,1
630,41,1
630,59,1
630,63,1
630,67,1
630,70,1
630,71,1
630,75,1
630,76,1
630,80,1
630,82,1
630,85,1
630,89,1
630,94,1
630,109,1
630,124,1
630,131,1
630,133,1
630,134,1
630,144,1
631,3,1
631,5,1
631,8,1
631,17,1
631,24,1
631,37,1
631,38,1
631,48,1
631,52,1
631,56,1
631,58,1
631,61,1
631,64,1
631,65,1
631,75,1
631,76,1
631,87,1
631,104,1
631,111,1
631,113,1
631,129,1
631,130,1
631,136,1
631,137,1
631,141,1
631,142,1
631,144,1
631,146,1
631,149,1
631,153,1
631,162,1
632,7,1
632,17,1
632,36,1
632,51,1
632,52,1
632,60,1
632,75,1
632,76,1
632,85,1
632,136,1
633,3,1
633,7,1
633,8,1
633,13,1
633,17,1
633,19,1
633,20,1
633,21,1
633,23,1
633,26,1
633,28,1
633,32,1
633,33,1
633,34,1
633,40,1
633,47,1
633,50,1
633,54,1
633,58,1
633,59,1
633,61,1
633,62,1
633,67,1
633,75,1
633,76,1
633,80,1
633,82,1
633,87,1
633,89,1
633,94,1
633,124,1
633,129,1
633,130,1
633,133,1
633,134,1
633,135,1
633,141,1
634,8,1
634,9,1
634,10,1
634,18,1
634,20,1
634,26,1
634,31,1
634,37,1
634,38,1
634,44,1
634,48,1
634,50,1
634,56,1
634,67,1
634,69,1
634,70,1
634,80,1
634,88,1
634,95,1
634,102,1
634,103,1
634,113,1
634,119,1
634,125,1
634,136,1
634,144,1
634,146,1
634,157,1
634,160,1
634,162,1
635,8,1
635,11,1
635,13,1
635,17,1
635,19,1
635,23,1
635,31,1
635,32,1
635,40,1
635,41,1
635,42,1
635,45,1
635,50,1
635,61,1
635,63,1
635,67,1
635,71,1
635,75,1
635,76,1
635,80,1
635,87,1
635,88,1
635,89,1
635,105,1
635,123,1
635,130,1
635,147,1
635,148,1
635,156,1
635,158,1
635,168,1
636,10,1
636,17,1
636,47,1
636,52,1
636,59,1
636,61,1
636,75,1
636,76,1
636,81,1
636,117,1
636,130,1
636,138,1
636,144,1
636,161,1
637,27,1
637,38,1
637,42,1
637,96,1
637,119,1
637,136,1
638,5,1
638,8,1
638,17,1
638,24,1
638,27,1
638,36,1
638,37,1
638,38,1
638,52,1
638,70,1
638,75,1
638,76,1
638,81,1
638,86,1
638,117,1
638,129,1
638,130,1
638,136,1
638,146,1
638,152,1
638,153,1
638,154,1
639,3,1
639,4,1
639,8,1
639,12,1
639,13,1
639,17,1
639,21,1
639,22,1
639,30,1
639,37,1
639,38,1
639,40,1
639,42,1
639,55,1
639,63,1
639,66,1
639,69,1
639,75,1
639,76,1
639,81,1
639,86,1
639,87,1
639,90,1
639,91,1
639,94,1
639,96,1
639,97,1
639,111,1
639,116,1
639,129,1
639,136,1
639,146,1
639,147,1
639,154,1
639,168,1
640,2,1
640,8,1
640,21,1
640,52,1
640,124,1
640,130,1
640,146,1
640,149,1
640,152,1
640,153,1
640,161,1
641,13,1
641,16,1
641,18,1
641,23,1
641,31,1
641,44,1
641,70,1
641,75,1
641,77,1
641,118,1
642,8,1
642,14,1
642,24,1
642,31,1
642,32,1
642,37,1
642,38,1
642,41,1
642,42,1
642,46,1
642,50,1
642,61,1
642,65,1
642,67,1
642,70,1
642,81,1
642,85,1
642,86,1
642,100,1
642,101,1
642,104,1
642,113,1
642,121,1
642,122,1
642,125,1
642,134,1
642,152,1
642,156,1
642,164,1
642,165,1
642,167,1
642,173,1
642,187,1
642,188,1
642,189,1
643,5,1
643,8,1
643,17,1
643,22,1
643,24,1
643,34,1
643,52,1
643,65,1
643,75,1
643,76,1
643,85,1
643,94,1
643,111,1
643,124,1
643,129,1
643,130,1
643,136,1
643,146,1
643,152,1
643,153,1
643,158,1
643,163,1
644,4,1
644,5,1
644,7,1
644,10,1
644,14,1
644,18,1
644,34,1
644,36,1
644,37,1
644,38,1
644,46,1
644,49,1
644,50,1
644,51,1
644,56,1
644,58,1
644,60,1
644,61,1
644,65,1
644,66,1
644,67,1
644,69,1
644,70,1
644,80,1
644,86,1
644,87,1
644,88,1
644,89,1
644,91,1
644,95,1
644,96,1
644,97,1
644,99,1
644,101,1
644,103,1
644,104,1
644,110,1
644,111,1
644,113,1
644,120,1
644,123,1
644,125,1
644,126,1
644,128,1
644,129,1
644,130,1
644,136,1
644,140,1
644,141,1
644,142,1
644,146,1
644,148,1
644,149,1
644,152,1
644,153,1
644,154,1
644,155,1
644,156,1
644,158,1
644,164,1
644,165,1
644,167,1
644,168,1
644,178,1
645,18,1
645,44,1
645,70,1
645,102,1
646,0,1
646,1,1
646,3,1
646,5,1
646,8,1
646,10,1
646,14,1
646,19,1
646,21,1
646,31,1
646,33,1
646,34,1
646,35,1
646,36,1
646,38,1
646,39,1
646,41,1
646,48,1
646,50,1
646,52,1
646,54,1
646,59,1
646,60,1
646,64,1
646,65,1
646,69,1
646,70,1
646,71,1
646,76,1
646,80,1
646,85,1
646,87,1
646,88,1
646,91,1
646,95,1
646,104,1
646,110,1
646,114,1
646,116,1
646,117,1
646,124,1
646,125,1
646,129,1
646,130,1
646,131,1
646,133,1
646,134,1
646,141,1
646,145,1
646,146,1
646,149,1
646,152,1
646,153,1
647,0,1
647,8,1
647,11,1
647,16,1
647,17,1
647,18,1
647,35,1
647,36,1
647,73,1
647,75,1
647,76,1
647,145,1
647,169,1
647,182,1
647,187,1
647,188,1
648,7,1
648,8,1
648,9,1
648,11,1
648,16,1
648,17,1
648,19,1
648,21,1
648,22,1
648,25,1
648,26,1
648,32,1
648,48,1
648,51,1
648,75,1
648,76,1
648,82,1
648,90,1
648,91,1
648,95,1
648,98,1
648,99,1
648,105,1
648,106,1
648,115,1
648,121,1
648,122,1
648,130,1
648,132,1
648,145,1
648,157,1
648,170,1
648,177,1
648,181,1
648,183,1
648,190,1
648,191,1
649,11,1
649,26,1
649,32,1
649,75,1
649,177,1
649,181,1
649,183,1
649,190,1
650,26,1
650,75,1
650,177,1
650,181,1
650,183,1
650,184,1
650,191,1
650,192,1
651,11,1
651,26,1
651,32,1
651,75,1
651,177,1
651,181,1
651,183,1
651,184,1
651,190,1
651,191,1
651,192,1
652,11,1
652,177,1
652,181,1
652,184,1
653,26,1
653,75,1
653,177,1
653,183,1
653,184,1
654,26,1
654,177,1
655,26,1
655,177,1
655,181,1
655,183,1
655,184,1
655,192,1
656,26,1
656,75,1
656,177,1
656,181,1
656,183,1
656,184,1
656,190,1
656,192,1
657,26,1
657,32,1
657,75,1
657,177,1
657,181,1
657,183,1
657,184,1
658,26,1
658,177,1
658,181,1
659,11,1
659,26,1
659,177,1
659,181,1
659,183,1
659,184,1
659,192,1
660,26,1
660,32,1
660,75,1
660,177,1
660,181,1
660,184,1
661,26,1
661,32,1
661,75,1
661,177,1
661,181,1
661,183,1
661,184,1
662,26,1
662,75,1
662,177,1
662,181,1
662,183,1
662,184,1
662,192,1
663,26,1
663,75,1
663,177,1
663,181,1
663,183,1
663,184,1
664,26,1
664,75,1
664,177,1
664,181,1
664,183,1
664,184,1
664,192,1
665,181,1
665,184,1
666,11,1
666,26,1
666,75,1
666,177,1
667,26,1
667,75,1
667,177,1
668,26,1
668,75,1
668,177,1
668,181,1
668,183,1
668,184,1
668,190,1
669,11,1
669,26,1
669,32,1
669,75,1
669,177,1
669,181,1
669,183,1
669,184,1
669,190,1
669,192,1
670,26,1
670,75,1
670,177,1
670,181,1
670,184,1
671,26,1
671,32,1
671,177,1
672,11,1
672,26,1
672,32,1
672,75,1
672,177,1
672,181,1
672,183,1
672,184,1
672,190,1
673,11,1
673,26,1
673,75,1
673,177,1
673,181,1
673,184,1
673,190,1
674,11,1
674,26,1
674,75,1
674,177,1
674,181,1
674,184,1
674,190,1
675,192,1
676,11,1
676,26,1
676,32,1
676,75,1
676,177,1
676,181,1
676,183,1
676,184,1
676,190,1
676,191,1
676,192,1
677,26,1
677,32,1
677,75,1
677,177,1
677,181,1
677,183,1
677,184,1
678,11,1
678,26,1
678,32,1
678,75,1
678,177,1
678,181,1
678,183,1
678,184,1
678,190,1
678,191,1
679,26,1
679,181,1
679,184,1
680,181,1
681,11,1
682,177,1
682,181,1
682,184,1
683,26,1
684,11,1
684,26,1
684,32,1
684,75,1
684,177,1
684,181,1
684,183,1
684,184,1
684,190,1
684,192,1
685,26,1
685,32,1
685,75,1
685,177,1
685,181,1
685,183,1
685,184,1
685,190,1
685,192,1
686,26,1
686,32,1
686,75,1
686,177,1
686,181,1
686,183,1
686,184,1
686,190,1
686,192,1
687,181,1
688,26,1
688,177,1
688,181,1
688,183,1
688,184,1
689,181,1
689,183,1
689,184,1
690,32,1
690,177,1
690,181,1
690,183,1
690,184,1
691,181,1
691,184,1
691,192,1
692,26,1
692,177,1
693,26,1
693,32,1
693,75,1
693,177,1
693,181,1
693,190,1
693,192,1
694,181,1
694,184,1
695,177,1
695,181,1
695,183,1
695,184,1
695,192,1
696,181,1
697,26,1
697,75,1
697,177,1
697,181,1
697,183,1
697,184,1
697,192,1
698,26,1
699,26,1
699,177,1
699,181,1
700,26,1
700,75,1
700,177,1
700,181,1
701,26,1
701,177,1
702,181,1
703,26,1
703,177,1
703,181,1
704,26,1
704,177,1
704,181,1
704,183,1
704,184,1
704,192,1
705,26,1
705,75,1
705,177,1
705,181,1
705,183,1
705,184,1
705,190,1
705,191,1
706,181,1
707,181,1
708,181,1
708,184,1
709,181,1
709,183,1
709,184,1
709,192,1
710,26,1
710,183,1
710,184,1
711,11,1
711,26,1
711,32,1
711,75,1
711,177,1
711,181,1
711,183,1
711,190,1
712,11,1
712,26,1
712,32,1
712,75,1
712,177,1
712,181,1
712,183,1
712,184,1
712,190,1
713,26,1
713,177,1
713,181,1
713,183,1
713,184,1
713,191,1
714,26,1
714,177,1
714,181,1
714,190,1
715,181,1
715,184,1
716,181,1
717,26,1
717,32,1
717,75,1
717,177,1
717,181,1
717,183,1
717,184,1
718,26,1
718,75,1
718,177,1
718,181,1
718,190,1
719,26,1
719,32,1
719,75,1
719,177,1
719,181,1
720,11,1
720,26,1
720,177,1
720,181,1
720,183,1
720,184,1
720,191,1
721,26,1
721,32,1
721,75,1
721,177,1
721,181,1
721,183,1
721,184,1
721,192,1
722,26,1
722,32,1
722,75,1
722,177,1
722,181,1
722,183,1
722,184,1
722,190,1
722,192,1
723,11,1
723,181,1
723,184,1
724,26,1
724,181,1
724,183,1
724,184,1
725,11,1
725,26,1
725,32,1
725,75,1
725,177,1
725,181,1
725,183,1
725,184,1
725,190,1
725,192,1
726,11,1
726,26,1
726,32,1
726,75,1
726,177,1
726,181,1
726,183,1
726,184,1
726,190,1
726,192,1
727,26,1
727,177,1
728,11,1
728,26,1
728,32,1
728,75,1
728,177,1
728,181,1
728,183,1
728,184,1
728,190,1
728,192,1
729,11,1
729,26,1
729,32,1
729,75,1
729,177,1
729,181,1
729,183,1
729,184,1
729,190,1
729,192,1
730,26,1
730,181,1
730,184,1
731,26,1
732,181,1
732,183,1
732,184,1
733,26,1
733,181,1
733,183,1
733,184,1
733,192,1
734,11,1
734,26,1
734,32,1
734,75,1
734,177,1
734,181,1
734,183,1
734,184,1
734,190,1
734,192,1
735,26,1
735,75,1
735,177,1
735,181,1
736,11,1
736,26,1
736,32,1
736,75,1
736,177,1
736,181,1
736,183,1
736,184,1
736,190,1
736,192,1
737,26,1
737,32,1
737,177,1
737,181,1
738,11,1
738,26,1
738,32,1
738,75,1
738,177,1
738,181,1
738,183,1
738,184,1
739,26,1
739,181,1
739,183,1
739,184,1
739,192,1
740,11,1
740,26,1
740,32,1
740,75,1
740,177,1
740,181,1
740,183,1
740,190,1
741,11,1
741,26,1
741,32,1
741,75,1
741,177,1
741,181,1
741,183,1
741,184,1
741,190,1
742,11,1
742,26,1
742,32,1
742,75,1
742,177,1
742,181,1
742,183,1
742,184,1
742,190,1
743,11,1
743,26,1
743,32,1
743,75,1
743,177,1
743,181,1
743,183,1
743,184,1
743,190,1
743,192,1
744,26,1
744,32,1
744,75,1
744,177,1
744,181,1
744,183,1
744,184,1
744,190,1
744,192,1
745,26,1
745,75,1
745,177,1
745,184,1
746,26,1
746,177,1
746,181,1
746,183,1
746,192,1
747,177,1
747,181,1
747,183,1
748,11,1
748,26,1
748,32,1
748,75,1
748,177,1
748,181,1
748,183,1
748,184,1
748,192,1
749,11,1
749,26,1
749,32,1
749,75,1
749,177,1
749,181,1
749,183,1
750,26,1
750,32,1
750,75,1
750,177,1
750,181,1
750,183,1
750,184,1
750,192,1
751,26,1
751,75,1
751,177,1
751,183,1
751,184,1
751,192,1
752,26,1
752,75,1
752,177,1
752,181,1
752,183,1
752,184,1
752,192,1
753,181,1
753,184,1
754,26,1
754,177,1
754,181,1
754,183,1
755,11,1
755,26,1
755,32,1
755,75,1
755,177,1
755,181,1
755,183,1
755,184,1
756,11,1
756,26,1
756,75,1
756,177,1
756,181,1
756,183,1
756,184,1
756,192,1
757,26,1
757,32,1
757,75,1
757,177,1
757,181,1
757,183,1
757,184,1
758,26,1
758,32,1
758,75,1
758,177,1
758,181,1
758,183,1
759,26,1
759,75,1
759,177,1
759,181,1
759,184,1
759,192,1
760,11,1
760,26,1
760,32,1
760,75,1
760,177,1
760,181,1
760,183,1
760,184,1
760,190,1
761,181,1
761,184,1
762,11,1
762,26,1
762,32,1
762,75,1
762,177,1
762,181,1
762,183,1
762,184,1
763,26,1
763,32,1
763,75,1
763,177,1
763,181,1
763,183,1
763,184,1
763,192,1
764,11,1
764,26,1
764,32,1
764,75,1
764,177,1
764,181,1
764,190,1
765,11,1
765,26,1
765,32,1
765,75,1
765,177,1
765,181,1
765,183,1
765,184,1
765,190,1
766,26,1
766,32,1
766,75,1
766,177,1
766,181,1
766,184,1
766,190,1
766,192,1
767,26,1
767,177,1
767,181,1
767,183,1
767,184,1
768,26,1
768,75,1
768,177,1
768,190,1
769,32,1
769,177,1
770,11,1
770,26,1
770,32,1
770,75,1
770,177,1
770,181,1
770,184,1
770,190,1
771,11,1
771,26,1
771,32,1
771,75,1
771,177,1
771,181,1
771,190,1
772,11,1
772,177,1
772,181,1
772,183,1
772,184,1
773,26,1
773,32,1
773,75,1
773,177,1
773,181,1
773,183,1
773,184,1
773,190,1
774,11,1
774,26,1
774,32,1
774,75,1
774,177,1
774,181,1
774,183,1
774,184,1
774,190,1
775,26,1
775,177,1
776,181,1
776,183,1
776,184,1
776,192,1
777,26,1
777,75,1
777,177,1
777,181,1
778,11,1
778,26,1
778,75,1
778,177,1
778,181,1
778,190,1
779,181,1
779,183,1
779,184,1
780,26,1
781,26,1
781,177,1
781,181,1
782,26,1
783,26,1
783,75,1
783,177,1
783,181,1
784,181,1
785,26,1
785,177,1
785,181,1
786,26,1
786,75,1
786,177,1
787,11,1
787,26,1
787,32,1
787,75,1
787,177,1
787,184,1
787,190,1
788,11,1
788,26,1
788,32,1
788,75,1
788,177,1
788,184,1
788,190,1
789,20,1
789,25,1
789,32,1
789,107,1
789,108,1
789,109,1
790,2,1
790,19,1
790,48,1
790,67,1
790,82,1
790,114,1
790,115,1
790,118,1
790,130,1
790,132,1
790,181,1
790,183,1
790,184,1
790,192,1
791,7,1
791,24,1
791,65,1
791,113,1
791,145,1
791,152,1
791,166,1
791,193,1
792,8,1
792,52,1
792,125,1
792,130,1
792,141,1
792,181,1
792,183,1
792,191,1
792,192,1
793,184,1
794,181,1
794,183,1
794,192,1
795,183,1
795,192,1
796,130,1
797,134,1
798,37,1
798,38,1
798,111,1
799,7,1
799,51,1
799,99,1
799,111,1
799,113,1
799,130,1
799,156,1
800,111,1
801,7,1
801,99,1
801,111,1
801,130,1
801,158,1
802,35,1
803,24,1
803,152,1
804,0,1
804,33,1
804,36,1
804,145,1
805,5,1
805,24,1
806,7,1
806,51,1
806,99,1
806,111,1
806,113,1
806,130,1
807,24,1
807,152,1
808,130,1
809,59,1
809,63,1
809,80,1
810,52,1
810,130,1
810,163,1
811,8,1
811,11,1
811,125,1
812,71,1
812,76,1
813,1,1
813,2,1
813,3,1
813,4,1
813,5,1
813,6,1
813,7,1
813,8,1
813,9,1
813,10,1
813,11,1
813,12,1
813,13,1
813,14,1
813,15,1
813,16,1
813,17,1
813,18,1
813,19,1
813,20,1
813,21,1
813,22,1
813,23,1
813,25,1
813,26,1
813,27,1
813,28,1
813,30,1
813,31,1
813,32,1
813,34,1
813,35,1
813,37,1
813,38,1
813,39,1
813,41,1
813,43,1
813,44,1
813,45,1
813,46,1
813,47,1
813,48,1
813,49,1
813,50,1
813,51,1
813,52,1
813,53,1
813,54,1
813,56,1
813,57,1
813,59,1
813,60,1
813,65,1
813,66,1
813,67,1
813,68,1
813,69,1
813,71,1
813,75,1
813,76,1
813,80,1
813,81,1
813,82,1
813,84,1
813,85,1
813,86,1
813,87,1
813,90,1
813,91,1
813,94,1
813,95,1
813,96,1
813,97,1
813,98,1
813,99,1
813,101,1
813,103,1
813,104,1
813,105,1
813,106,1
813,109,1
813,111,1
813,112,1
813,113,1
813,114,1
813,115,1
813,117,1
813,118,1
813,119,1
813,120,1
813,121,1
813,122,1
813,124,1
813,126,1
813,127,1
813,128,1
813,129,1
813,130,1
813,131,1
813,132,1
813,134,1
813,140,1
813,153,1
813,157,1
813,160,1
813,169,1
813,170,1
813,171,1
813,172,1
813,173,1
813,174,1
813,177,1
813,179,1
814,11,1
814,21,1
814,31,1
814,52,1
814,117,1
814,130,1
814,142,1
815,7,1
815,37,1
815,38,1
815,51,1
815,56,1
815,58,1
815,85,1
815,156,1
816,89,1
817,111,1
817,130,1
817,153,1
818,8,1
819,24,1
819,152,1
820,11,1
821,7,1
821,51,1
821,52,1
821,99,1
821,111,1
821,113,1
821,130,1
821,155,1
821,156,1
822,18,1
822,38,1
822,70,1
822,130,1
823,8,1
823,24,1
823,36,1
823,130,1
823,153,1
824,24,1
824,65,1
824,132,1
824,146,1
824,152,1
825,0,1
825,7,1
825,51,1
826,2,1
826,10,1
826,37,1
826,38,1
826,51,1
826,56,1
826,58,1
826,85,1
826,113,1
826,130,1
826,138,1
826,139,1
826,156,1
827,59,1
828,153,1
829,18,1
830,8,1
830,19,1
830,52,1
830,87,1
830,125,1
831,24,1
831,38,1
831,59,1
831,63,1
831,65,1
831,86,1
831,111,1
831,143,1
831,147,1
831,161,1
831,168,1
832,8,1
832,32,1
832,48,1
832,59,1
832,71,1
832,76,1
832,124,1
832,125,1
833,3,1
833,10,1
833,111,1
833,124,1
833,130,1
833,137,1
833,139,1
834,8,1
834,17,1
834,48,1
834,71,1
834,89,1
834,124,1
834,130,1
835,11,1
835,38,1
835,63,1
836,0,1
836,36,1
836,145,1
837,36,1
837,52,1
837,130,1
838,56,1
839,130,1
839,146,1
839,152,1
840,2,1
840,11,1
840,12,1
840,18,1
840,69,1
840,113,1
840,149,1
841,24,1
842,11,1
842,52,1
842,59,1
842,71,1
842,130,1
842,149,1
843,42,1
843,63,1
843,89,1
843,146,1
844,0,1
844,36,1
845,35,1
846,3,1
846,8,1
846,18,1
846,31,1
846,37,1
846,44,1
846,59,1
846,70,1
846,76,1
846,80,1
846,130,1
846,137,1
847,19,1
847,130,1
848,18,1
848,44,1
848,70,1
848,117,1
848,118,1
848,119,1
848,130,1
849,34,1
850,18,1
850,27,1
850,38,1
850,44,1
850,70,1
850,77,1
850,102,1
851,18,1
851,27,1
851,38,1
851,44,1
851,70,1
851,102,1
852,3,1
852,18,1
852,27,1
852,38,1
852,44,1
852,70,1
852,77,1
852,102,1
853,37,1
853,38,1
853,70,1
853,80,1
853,117,1
853,118,1
853,119,1
853,130,1
853,140,1
853,188,1
853,194,1
854,20,1
854,52,1
854,59,1
854,71,1
854,95,1
855,3,1
855,32,1
855,47,1
855,59,1
855,71,1
856,16,1
856,17,1
856,20,1
856,24,1
856,26,1
856,39,1
856,71,1
857,56,1
857,124,1
858,6,1
858,47,1
858,65,1
859,3,1
859,5,1
859,6,1
859,7,1
859,10,1
859,17,1
859,18,1
859,27,1
859,37,1
859,38,1
859,44,1
859,51,1
859,52,1
859,56,1
859,59,1
859,70,1
859,75,1
859,76,1
859,85,1
859,95,1
859,97,1
859,99,1
859,104,1
860,3,1
860,5,1
860,6,1
860,7,1
860,17,1
860,37,1
860,38,1
860,51,1
860,52,1
860,59,1
860,70,1
860,75,1
860,76,1
860,85,1
860,99,1
861,3,1
861,6,1
861,7,1
861,17,1
861,19,1
861,31,1
861,32,1
861,51,1
861,59,1
861,71,1
861,75,1
861,76,1
861,80,1
861,85,1
861,99,1
861,104,1
862,2,1
862,3,1
862,5,1
862,7,1
862,10,1
862,17,1
862,18,1
862,27,1
862,31,1
862,32,1
862,40,1
862,42,1
862,44,1
862,59,1
862,60,1
862,63,1
862,69,1
862,70,1
862,71,1
862,75,1
862,76,1
862,80,1
862,82,1
862,86,1
862,95,1
862,96,1
862,103,1
862,146,1
863,3,1
863,17,1
863,18,1
863,19,1
863,25,1
863,31,1
863,32,1
863,37,1
863,52,1
863,59,1
863,75,1
863,76,1
863,80,1
863,99,1
863,109,1
864,15,1
864,16,1
864,17,1
864,20,1
864,22,1
864,31,1
864,36,1
864,39,1
864,71,1
864,75,1
864,76,1
864,82,1
865,7,1
865,21,1
865,51,1
865,59,1
865,65,1
865,85,1
865,86,1
865,91,1
865,130,1
865,164,1
866,5,1
866,7,1
866,10,1
866,14,1
866,17,1
866,18,1
866,23,1
866,24,1
866,27,1
866,30,1
866,31,1
866,32,1
866,36,1
866,37,1
866,38,1
866,44,1
866,46,1
866,49,1
866,50,1
866,51,1
866,52,1
866,56,1
866,59,1
866,60,1
866,63,1
866,66,1
866,69,1
866,70,1
866,71,1
866,75,1
866,76,1
866,80,1
866,81,1
866,82,1
866,85,1
866,86,1
866,95,1
866,97,1
866,99,1
866,101,1
866,103,1
866,104,1
866,146,1
867,3,1
867,13,1
867,17,1
867,36,1
867,37,1
867,38,1
867,70,1
867,75,1
867,76,1
867,80,1
868,7,1
868,17,1
868,30,1
868,51,1
868,52,1
868,66,1
868,75,1
868,76,1
868,97,1
868,99,1
869,3,1
869,18,1
869,36,1
869,37,1
869,38,1
869,44,1
869,70,1
870,0,1
870,3,1
870,6,1
870,7,1
870,11,1
870,13,1
870,15,1
870,16,1
870,17,1
870,19,1
870,20,1
870,22,1
870,23,1
870,25,1
870,26,1
870,28,1
870,29,1
870,31,1
870,32,1
870,39,1
870,40,1
870,41,1
870,47,1
870,50,1
870,51,1
870,54,1
870,59,1
870,63,1
870,69,1
870,75,1
870,76,1
870,80,1
870,81,1
870,82,1
870,85,1
870,103,1
870,109,1
870,114,1
871,5,1
871,10,1
871,17,1
871,37,1
871,38,1
871,52,1
871,59,1
871,65,1
871,75,1
871,76,1
871,80,1
871,86,1
871,146,1
872,4,1
872,5,1
872,6,1
872,7,1
872,11,1
872,13,1
872,14,1
872,16,1
872,17,1
872,18,1
872,19,1
872,21,1
872,24,1
872,25,1
872,26,1
872,27,1
872,29,1
872,33,1
872,36,1
872,38,1
872,39,1
872,41,1
872,43,1
872,44,1
872,46,1
872,47,1
872,51,1
872,52,1
872,54,1
872,56,1
872,57,1
872,58,1
872,59,1
872,60,1
872,61,1
872,64,1
872,70,1
872,71,1
872,75,1
872,76,1
872,85,1
872,86,1
872,87,1
872,91,1
872,95,1
872,99,1
872,104,1
872,111,1
872,113,1
872,117,1
872,118,1
872,119,1
872,124,1
872,129,1
872,131,1
872,132,1
872,134,1
872,135,1
872,137,1
872,138,1
872,139,1
872,141,1
872,144,1
872,145,1
872,148,1
872,149,1
872,152,1
872,153,1
872,156,1
872,158,1
872,164,1
872,167,1
873,0,1
873,3,1
873,4,1
873,6,1
873,13,1
873,16,1
873,17,1
873,19,1
873,20,1
873,23,1
873,25,1
873,26,1
873,28,1
873,31,1
873,32,1
873,36,1
873,39,1
873,40,1
873,41,1
873,47,1
873,50,1
873,51,1
873,54,1
873,59,1
873,63,1
873,69,1
873,71,1
873,75,1
873,76,1
873,80,1
873,81,1
873,85,1
873,95,1
873,103,1
873,104,1
873,109,1
873,114,1
873,132,1
874,3,1
874,7,1
874,8,1
874,10,1
874,11,1
874,13,1
874,15,1
874,16,1
874,17,1
874,19,1
874,20,1
874,21,1
874,26,1
874,28,1
874,32,1
874,39,1
874,40,1
874,47,1
874,50,1
874,54,1
874,57,1
874,59,1
874,63,1
874,67,1
874,69,1
874,71,1
874,75,1
874,76,1
874,80,1
874,82,1
874,85,1
874,103,1
874,106,1
874,109,1
874,114,1
874,115,1
874,122,1
874,157,1
875,130,1
875,153,1
876,3,1
876,9,1
876,10,1
876,11,1
876,12,1
876,17,1
876,19,1
876,26,1
876,40,1
876,51,1
876,53,1
876,56,1
876,59,1
876,75,1
876,76,1
876,80,1
876,82,1
877,5,1
877,10,1
877,17,1
877,18,1
877,24,1
877,36,1
877,37,1
877,38,1
877,44,1
877,50,1
877,52,1
877,63,1
877,65,1
877,70,1
877,75,1
877,76,1
877,80,1
877,81,1
877,86,1
877,109,1
878,36,1
878,37,1
878,80,1
879,3,1
879,6,1
879,7,1
879,13,1
879,16,1
879,17,1
879,19,1
879,20,1
879,23,1
879,25,1
879,26,1
879,28,1
879,31,1
879,32,1
879,39,1
879,51,1
879,54,1
879,59,1
879,71,1
879,75,1
879,76,1
879,80,1
879,82,1
879,85,1
880,59,1
881,6,1
882,2,1
882,3,1
882,6,1
882,10,1
882,17,1
882,59,1
882,71,1
882,75,1
882,76,1
882,81,1
883,71,1
884,7,1
884,124,1
884,130,1
885,152,1
886,7,1
886,17,1
886,24,1
886,36,1
886,37,1
886,38,1
886,46,1
886,51,1
886,52,1
886,60,1
886,65,1
886,66,1
886,71,1
886,75,1
886,76,1
886,81,1
886,85,1
886,97,1
886,99,1
887,19,1
887,24,1
887,37,1
887,38,1
887,63,1
887,76,1
887,146,1
888,3,1
888,5,1
888,10,1
888,24,1
888,37,1
888,38,1
888,52,1
888,65,1
889,138,1
890,5,1
890,10,1
890,17,1
890,18,1
890,24,1
890,31,1
890,32,1
890,36,1
890,37,1
890,38,1
890,44,1
890,46,1
890,52,1
890,70,1
890,75,1
890,76,1
891,3,1
891,7,1
891,32,1
891,51,1
891,76,1
891,85,1
892,65,1
893,3,1
893,5,1
893,7,1
893,13,1
893,15,1
893,16,1
893,17,1
893,19,1
893,20,1
893,25,1
893,26,1
893,28,1
893,31,1
893,32,1
893,35,1
893,36,1
893,39,1
893,40,1
893,50,1
893,51,1
893,52,1
893,53,1
893,54,1
893,71,1
893,75,1
893,76,1
893,80,1
893,82,1
893,85,1
893,103,1
893,104,1
893,109,1
893,112,1
893,114,1
893,131,1
894,124,1
895,7,1
895,38,1
895,51,1
895,56,1
895,85,1
895,99,1
896,33,1
896,85,1
897,5,1
897,41,1
897,46,1
898,2,1
898,17,1
898,19,1
898,50,1
898,75,1
898,76,1
898,81,1
899,2,1
899,17,1
899,35,1
899,38,1
899,69,1
899,75,1
899,76,1
900,152,1
901,0,1
901,3,1
901,5,1
901,6,1
901,7,1
901,12,1
901,13,1
901,15,1
901,16,1
901,17,1
901,19,1
901,20,1
901,23,1
901,25,1
901,26,1
901,28,1
901,29,1
901,39,1
901,40,1
901,41,1
901,47,1
901,50,1
901,51,1
901,54,1
901,75,1
901,80,1
901,81,1
901,82,1
901,85,1
901,103,1
901,109,1
901,114,1
902,2,1
902,17,1
903,0,1
903,17,1
903,35,1
903,75,1
903,76,1
904,3,1
904,7,1
904,17,1
904,27,1
904,38,1
904,51,1
904,52,1
904,56,1
904,75,1
904,76,1
904,85,1
904,99,1
905,8,1
905,19,1
905,59,1
905,67,1
905,125,1
905,152,1
906,3,1
906,7,1
906,17,1
906,19,1
906,31,1
906,32,1
906,50,1
906,51,1
906,59,1
906,71,1
906,75,1
906,76,1
906,80,1
906,99,1
906,104,1
907,2,1
907,17,1
907,75,1
907,76,1
908,7,1
908,17,1
908,51,1
908,52,1
908,75,1
908,76,1
908,99,1
909,3,1
909,4,1
909,5,1
909,6,1
909,7,1
909,11,1
909,13,1
909,15,1
909,16,1
909,17,1
909,19,1
909,20,1
909,22,1
909,23,1
909,24,1
909,25,1
909,26,1
909,28,1
909,31,1
909,32,1
909,36,1
909,37,1
909,38,1
909,39,1
909,40,1
909,41,1
909,51,1
909,54,1
909,59,1
909,71,1
909,75,1
909,76,1
909,80,1
909,81,1
909,85,1
909,95,1
909,103,1
909,109,1
909,112,1
909,114,1
910,5,1
910,7,1
910,17,1
910,30,1
910,46,1
910,51,1
910,59,1
910,66,1
910,75,1
910,76,1
910,81,1
910,82,1
910,85,1
910,97,1
910,99,1
911,15,1
911,16,1
911,17,1
911,20,1
911,22,1
911,39,1
911,45,1
911,71,1
911,75,1
911,76,1
911,85,1
912,3,1
912,17,1
912,24,1
912,31,1
912,39,1
912,41,1
912,47,1
912,52,1
912,63,1
912,71,1
912,75,1
912,80,1
912,146,1
913,39,1
913,51,1
913,85,1
913,99,1
914,0,1
914,3,1
914,11,1
914,13,1
914,16,1
914,17,1
914,18,1
914,20,1
914,24,1
914,27,1
914,32,1
914,39,1
914,50,1
914,51,1
914,59,1
914,69,1
914,71,1
914,75,1
914,76,1
914,80,1
914,84,1
914,95,1
914,103,1
914,131,1
914,160,1
915,3,1
916,3,1
916,5,1
916,7,1
916,10,1
916,14,1
916,17,1
916,24,1
916,30,1
916,37,1
916,38,1
916,41,1
916,46,1
916,51,1
916,66,1
916,75,1
916,76,1
916,81,1
916,85,1
916,95,1
916,97,1
916,99,1
916,103,1
917,5,1
917,7,1
917,42,1
917,51,1
918,5,1
918,24,1
918,63,1
919,2,1
919,5,1
919,7,1
919,10,1
919,14,1
919,18,1
919,24,1
919,30,1
919,46,1
919,49,1
919,50,1
919,51,1
919,55,1
919,56,1
919,60,1
919,65,1
919,66,1
919,68,1
919,70,1
919,81,1
919,85,1
919,96,1
919,97,1
919,101,1
920,7,1
920,37,1
920,51,1
920,52,1
920,99,1
921,3,1
922,17,1
922,24,1
922,37,1
922,38,1
922,43,1
922,75,1
922,76,1
923,27,1
923,56,1
924,5,1
924,7,1
924,14,1
924,24,1
924,46,1
924,49,1
924,50,1
924,51,1
924,56,1
924,66,1
924,81,1
924,85,1
924,97,1
924,101,1
925,0,1
925,11,1
925,16,1
925,18,1
925,19,1
925,24,1
925,31,1
925,32,1
925,35,1
925,39,1
925,52,1
925,53,1
925,70,1
925,71,1
925,76,1
926,5,1
926,24,1
926,51,1
926,60,1
927,34,1
928,5,1
928,10,1
928,24,1
928,36,1
928,37,1
928,38,1
928,52,1
928,65,1
928,80,1
929,24,1
929,52,1
929,81,1
929,97,1
930,7,1
930,17,1
930,46,1
930,51,1
930,56,1
930,75,1
930,76,1
931,145,1
932,8,1
932,125,1
933,3,1
933,11,1
933,13,1
933,16,1
933,17,1
933,19,1
933,20,1
933,23,1
933,28,1
933,31,1
933,32,1
933,39,1
933,41,1
933,47,1
933,54,1
933,59,1
933,71,1
933,75,1
933,76,1
933,80,1
934,4,1
935,5,1
935,10,1
935,18,1
935,25,1
935,36,1
935,37,1
935,38,1
935,44,1
935,52,1
935,63,1
935,65,1
935,70,1
935,76,1
935,80,1
935,81,1
936,11,1
936,12,1
936,16,1
936,17,1
936,20,1
936,26,1
936,39,1
936,53,1
936,60,1
936,71,1
936,75,1
936,76,1
937,24,1
938,5,1
938,10,1
938,17,1
938,18,1
938,24,1
938,25,1
938,27,1
938,37,1
938,38,1
938,44,1
938,52,1
938,56,1
938,63,1
938,65,1
938,70,1
938,75,1
938,76,1
938,85,1
938,86,1
938,104,1
938,109,1
939,17,1
939,31,1
939,35,1
939,37,1
939,38,1
939,75,1
939,76,1
940,5,1
940,7,1
940,10,1
940,14,1
940,15,1
940,17,1
940,18,1
940,22,1
940,24,1
940,26,1
940,30,1
940,36,1
940,38,1
940,44,1
940,46,1
940,50,1
940,51,1
940,56,1
940,59,1
940,60,1
940,65,1
940,66,1
940,70,1
940,75,1
940,76,1
940,82,1
940,85,1
940,86,1
940,95,1
940,97,1
940,99,1
940,112,1
940,131,1
941,2,1
941,5,1
941,6,1
941,7,1
941,10,1
941,17,1
941,18,1
941,24,1
941,30,1
941,40,1
941,41,1
941,42,1
941,44,1
941,46,1
941,49,1
941,50,1
941,51,1
941,55,1
941,56,1
941,59,1
941,60,1
941,65,1
941,66,1
941,68,1
941,70,1
941,75,1
941,76,1
941,80,1
941,81,1
941,82,1
941,85,1
941,86,1
941,95,1
941,96,1
941,97,1
941,131,1
942,111,1
943,2,1
943,69,1
943,75,1
944,3,1
944,10,1
944,17,1
944,19,1
944,47,1
944,59,1
944,71,1
944,75,1
944,95,1
944,103,1
945,37,1
945,38,1
945,52,1
946,17,1
946,26,1
946,75,1
946,76,1
947,5,1
947,17,1
947,18,1
947,24,1
947,29,1
947,39,1
947,52,1
947,65,1
947,75,1
947,76,1
947,146,1
948,3,1
948,17,1
948,31,1
948,37,1
948,38,1
948,44,1
948,70,1
948,75,1
948,80,1
948,85,1
949,0,1
949,11,1
949,12,1
949,17,1
949,35,1
949,36,1
949,60,1
949,75,1
949,76,1
950,0,1
950,17,1
950,19,1
950,27,1
950,35,1
950,75,1
950,76,1
951,7,1
951,19,1
951,21,1
951,23,1
951,28,1
951,31,1
951,32,1
951,39,1
951,47,1
951,54,1
951,71,1
951,73,1
951,85,1
951,105,1
951,106,1
951,124,1
951,160,1
952,65,1
952,96,1
953,0,1
953,35,1
954,0,1
954,17,1
954,75,1
954,76,1
955,3,1
955,5,1
955,7,1
955,17,1
955,18,1
955,24,1
955,25,1
955,36,1
955,37,1
955,38,1
955,44,1
955,46,1
955,51,1
955,52,1
955,60,1
955,70,1
955,75,1
955,76,1
955,85,1
955,97,1
955,99,1
955,104,1
955,146,1
956,15,1
956,16,1
956,17,1
956,19,1
956,20,1
956,22,1
956,23,1
956,25,1
956,32,1
956,39,1
956,71,1
956,75,1
956,76,1
957,31,1
957,32,1
957,38,1
957,45,1
957,71,1
957,76,1
957,80,1
957,105,1
957,106,1
958,2,1
958,17,1
958,75,1
958,76,1
959,0,1
959,17,1
959,27,1
959,35,1
959,75,1
959,76,1
960,3,1
960,6,1
960,7,1
960,17,1
960,19,1
960,20,1
960,23,1
960,29,1
960,31,1
960,32,1
960,39,1
960,50,1
960,54,1
960,59,1
960,71,1
960,75,1
960,76,1
960,80,1
961,2,1
961,17,1
961,19,1
961,50,1
961,75,1
961,76,1
961,81,1
962,0,1
962,3,1
962,4,1
962,5,1
962,6,1
962,8,1
962,10,1
962,11,1
962,15,1
962,16,1
962,17,1
962,18,1
962,19,1
962,21,1
962,22,1
962,24,1
962,25,1
962,26,1
962,28,1
962,29,1
962,32,1
962,33,1
962,34,1
962,35,1
962,36,1
962,37,1
962,38,1
962,39,1
962,41,1
962,42,1
962,43,1
962,44,1
962,48,1
962,50,1
962,52,1
962,53,1
962,57,1
962,58,1
962,59,1
962,60,1
962,61,1
962,63,1
962,65,1
962,67,1
962,69,1
962,70,1
962,71,1
962,75,1
962,76,1
962,80,1
962,90,1
962,91,1
962,94,1
962,104,1
962,109,1
962,114,1
962,116,1
962,125,1
962,129,1
962,130,1
962,131,1
962,132,1
962,133,1
962,134,1
962,135,1
962,137,1
962,138,1
962,139,1
962,141,1
962,142,1
962,144,1
962,145,1
962,146,1
962,149,1
962,152,1
962,153,1
962,178,1
963,0,1
963,2,1
963,4,1
963,5,1
963,6,1
963,7,1
963,8,1
963,10,1
963,11,1
963,15,1
963,16,1
963,17,1
963,18,1
963,19,1
963,21,1
963,22,1
963,23,1
963,24,1
963,25,1
963,26,1
963,27,1
963,28,1
963,29,1
963,32,1
963,33,1
963,34,1
963,35,1
963,36,1
963,39,1
963,40,1
963,41,1
963,42,1
963,43,1
963,44,1
963,48,1
963,50,1
963,51,1
963,52,1
963,53,1
963,57,1
963,58,1
963,60,1
963,61,1
963,63,1
963,65,1
963,67,1
963,69,1
963,70,1
963,71,1
963,75,1
963,76,1
963,80,1
963,81,1
963,85,1
963,86,1
963,88,1
963,91,1
963,95,1
963,104,1
963,109,1
963,113,1
963,114,1
963,116,1
963,117,1
963,119,1
963,125,1
963,129,1
963,130,1
963,131,1
963,133,1
963,134,1
963,137,1
963,138,1
963,139,1
963,141,1
963,142,1
963,144,1
963,146,1
963,149,1
963,152,1
963,153,1
963,154,1
963,160,1
963,164,1
963,167,1
964,17,1
964,37,1
964,38,1
964,75,1
964,76,1
965,3,1
965,4,1
965,6,1
965,7,1
965,10,1
965,13,1
965,16,1
965,17,1
965,18,1
965,19,1
965,23,1
965,28,1
965,31,1
965,32,1
965,39,1
965,41,1
965,47,1
965,50,1
965,51,1
965,54,1
965,59,1
965,60,1
965,68,1
965,71,1
965,75,1
965,76,1
965,80,1
965,84,1
965,85,1
965,95,1
965,103,1
965,114,1
966,11,1
967,3,1
967,7,1
967,9,1
967,10,1
967,11,1
967,12,1
967,14,1
967,17,1
967,18,1
967,20,1
967,24,1
967,25,1
967,27,1
967,29,1
967,31,1
967,32,1
967,35,1
967,37,1
967,38,1
967,39,1
967,41,1
967,44,1
967,46,1
967,47,1
967,51,1
967,52,1
967,59,1
967,60,1
967,69,1
967,70,1
967,71,1
967,75,1
967,76,1
967,80,1
967,81,1
967,82,1
967,85,1
967,95,1
967,99,1
967,103,1
967,131,1
967,187,1
967,188,1
967,195,1
968,12,1
968,17,1
968,24,1
968,75,1
968,76,1
969,16,1
969,17,1
969,37,1
969,38,1
969,70,1
969,75,1
969,76,1
970,7,1
970,17,1
970,19,1
970,31,1
970,32,1
970,50,1
970,51,1
970,59,1
970,71,1
970,75,1
970,76,1
970,85,1
971,7,1
971,17,1
971,51,1
971,75,1
971,76,1
971,99,1
971,111,1
971,113,1
971,121,1
971,130,1
971,196,1
971,197,1
972,0,1
972,4,1
972,5,1
972,6,1
972,7,1
972,8,1
972,10,1
972,11,1
972,12,1
972,13,1
972,15,1
972,16,1
972,17,1
972,18,1
972,19,1
972,21,1
972,22,1
972,24,1
972,25,1
972,28,1
972,29,1
972,32,1
972,33,1
972,34,1
972,35,1
972,36,1
972,37,1
972,38,1
972,39,1
972,41,1
972,42,1
972,43,1
972,44,1
972,48,1
972,50,1
972,51,1
972,52,1
972,53,1
972,57,1
972,58,1
972,59,1
972,60,1
972,61,1
972,63,1
972,65,1
972,67,1
972,69,1
972,70,1
972,71,1
972,75,1
972,76,1
972,80,1
972,81,1
972,85,1
972,86,1
972,88,1
972,91,1
972,94,1
972,95,1
972,104,1
972,109,1
972,113,1
972,114,1
972,117,1
972,119,1
972,124,1
972,125,1
972,129,1
972,130,1
972,131,1
972,133,1
972,134,1
972,137,1
972,138,1
972,139,1
972,141,1
972,142,1
972,144,1
972,145,1
972,146,1
972,149,1
972,153,1
972,154,1
972,164,1
973,3,1
973,11,1
973,12,1
973,15,1
973,22,1
973,26,1
973,31,1
973,32,1
973,42,1
973,45,1
973,59,1
973,70,1
973,71,1
973,77,1
973,80,1
973,97,1
973,105,1
973,114,1
973,146,1
973,159,1
973,190,1
973,198,1
973,199,1
974,2,1
974,3,1
974,17,1
974,19,1
974,24,1
974,38,1
974,42,1
974,50,1
974,63,1
974,75,1
974,76,1
974,81,1
974,84,1
974,85,1
974,86,1
974,95,1
974,96,1
974,97,1
975,0,1
975,1,1
975,5,1
975,17,1
975,27,1
975,35,1
975,36,1
975,37,1
975,44,1
975,60,1
975,65,1
975,70,1
975,73,1
975,75,1
975,76,1
975,82,1
975,99,1
976,3,1
976,11,1
976,12,1
976,15,1
976,22,1
976,26,1
976,31,1
976,32,1
976,42,1
976,45,1
976,59,1
976,70,1
976,71,1
976,77,1
976,80,1
976,97,1
976,105,1
976,114,1
976,146,1
976,159,1
976,190,1
976,198,1
976,199,1
977,3,1
977,11,1
977,12,1
977,15,1
977,22,1
977,26,1
977,31,1
977,32,1
977,42,1
977,45,1
977,59,1
977,70,1
977,71,1
977,77,1
977,80,1
977,97,1
977,105,1
977,114,1
977,146,1
977,159,1
977,190,1
977,198,1
977,199,1
978,3,1
978,11,1
978,12,1
978,15,1
978,22,1
978,26,1
978,31,1
978,32,1
978,42,1
978,45,1
978,59,1
978,70,1
978,71,1
978,77,1
978,80,1
978,97,1
978,105,1
978,114,1
978,146,1
978,159,1
978,190,1
978,198,1
978,199,1
979,3,1
979,11,1
979,12,1
979,15,1
979,22,1
979,26,1
979,31,1
979,32,1
979,42,1
979,45,1
979,59,1
979,70,1
979,71,1
979,77,1
979,80,1
979,97,1
979,105,1
979,114,1
979,146,1
979,159,1
979,190,1
979,198,1
979,199,1
980,3,1
980,11,1
980,12,1
980,15,1
980,22,1
980,26,1
980,31,1
980,32,1
980,42,1
980,45,1
980,59,1
980,70,1
980,71,1
980,77,1
980,80,1
980,97,1
980,105,1
980,114,1
980,146,1
980,159,1
980,190,1
980,198,1
980,199,1
981,10,1
981,17,1
981,26,1
981,36,1
981,47,1
981,52,1
981,71,1
981,75,1
981,76,1
981,109,1
981,131,1
982,3,1
982,59,1
982,159,1
983,3,1
983,11,1
983,12,1
983,15,1
983,22,1
983,26,1
983,31,1
983,32,1
983,42,1
983,45,1
983,59,1
983,70,1
983,71,1
983,77,1
983,80,1
983,97,1
983,105,1
983,114,1
983,146,1
983,159,1
983,190,1
983,198,1
983,199,1
984,7,1
984,17,1
984,19,1
984,32,1
984,39,1
984,47,1
984,59,1
984,71,1
984,75,1
984,76,1
984,146,1
985,3,1
985,11,1
985,12,1
985,15,1
985,22,1
985,26,1
985,31,1
985,32,1
985,42,1
985,45,1
985,59,1
985,70,1
985,71,1
985,77,1
985,80,1
985,97,1
985,105,1
985,114,1
985,146,1
985,159,1
985,190,1
985,198,1
985,199,1
986,24,1
986,35,1
986,52,1
986,70,1
986,130,1
986,146,1
986,152,1
987,3,1
987,11,1
987,12,1
987,15,1
987,22,1
987,26,1
987,31,1
987,32,1
987,42,1
987,45,1
987,59,1
987,70,1
987,71,1
987,77,1
987,80,1
987,97,1
987,105,1
987,114,1
987,146,1
987,159,1
987,190,1
987,198,1
987,199,1
988,3,1
988,11,1
988,12,1
988,15,1
988,22,1
988,26,1
988,31,1
988,32,1
988,42,1
988,45,1
988,59,1
988,70,1
988,71,1
988,77,1
988,80,1
988,97,1
988,105,1
988,114,1
988,146,1
988,159,1
988,190,1
988,198,1
988,199,1
989,3,1
989,11,1
989,12,1
989,15,1
989,22,1
989,26,1
989,31,1
989,32,1
989,42,1
989,45,1
989,59,1
989,70,1
989,71,1
989,77,1
989,80,1
989,97,1
989,105,1
989,114,1
989,146,1
989,159,1
989,190,1
989,198,1
989,199,1
990,3,1
990,11,1
990,12,1
990,15,1
990,22,1
990,26,1
990,31,1
990,32,1
990,42,1
990,45,1
990,59,1
990,70,1
990,71,1
990,77,1
990,80,1
990,97,1
990,105,1
990,114,1
990,146,1
990,159,1
990,190,1
990,198,1
990,199,1
991,31,1
991,32,1
992,3,1
992,11,1
992,12,1
992,15,1
992,22,1
992,26,1
992,31,1
992,32,1
992,42,1
992,45,1
992,59,1
992,70,1
992,71,1
992,77,1
992,80,1
992,97,1
992,105,1
992,114,1
992,146,1
992,159,1
992,190,1
992,198,1
992,199,1
993,3,1
993,11,1
993,12,1
993,15,1
993,22,1
993,26,1
993,31,1
993,32,1
993,42,1
993,45,1
993,59,1
993,70,1
993,71,1
993,77,1
993,80,1
993,97,1
993,105,1
993,114,1
993,146,1
993,159,1
993,190,1
993,198,1
993,199,1
994,11,1
994,15,1
994,22,1
994,26,1
994,32,1
994,114,1
994,146,1
994,159,1
994,198,1
995,6,1
995,16,1
995,17,1
995,22,1
995,35,1
995,45,1
995,57,1
995,75,1
995,77,1
995,105,1
995,115,1
995,119,1
995,130,1
995,157,1
995,170,1
996,17,1
996,20,1
996,26,1
996,46,1
996,100,1
996,121,1
996,177,1
996,189,1
997,46,1
997,100,1
997,121,1
997,189,1
998,26,1
998,73,1
998,75,1
998,187,1
998,200,1
999,200,1
1000,183,1
1001,183,1
1002,183,1
1002,184,1
1003,6,1
1003,7,1
1003,19,1
1003,21,1
1003,22,1
1003,32,1
1003,41,1
1003,45,1
1003,48,1
1003,54,1
1003,57,1
1003,59,1
1003,67,1
1003,75,1
1003,86,1
1003,105,1
1003,114,1
1003,115,1
1003,121,1
1003,122,1
1003,124,1
1003,132,1
1003,170,1
1004,52,1
1005,2,1
1005,3,1
1005,6,1
1005,7,1
1005,11,1
1005,16,1
1005,27,1
1005,32,1
1005,36,1
1005,59,1
1005,63,1
1005,70,1
1005,81,1
1005,84,1
1005,97,1
1005,114,1
1005,147,1
1005,188,1
1005,201,1
1006,2,1
1006,3,1
1006,16,1
1006,32,1
1006,59,1
1006,63,1
1006,131,1
1007,2,1
1007,3,1
1007,13,1
1007,24,1
1007,25,1
1007,38,1
1007,52,1
1007,82,1
1007,90,1
1007,114,1
1007,119,1
1007,130,1
1007,140,1
1007,145,1
1007,160,1
1007,169,1
1007,173,1
1008,23,1
1008,25,1
1008,31,1
1008,32,1
1008,35,1
1008,71,1
1008,76,1
1008,105,1
1009,2,1
1009,3,1
1009,6,1
1009,7,1
1009,11,1
1009,16,1
1009,22,1
1009,27,1
1009,32,1
1009,36,1
1009,40,1
1009,50,1
1009,59,1
1009,63,1
1009,70,1
1009,71,1
1009,81,1
1009,84,1
1009,97,1
1009,114,1
1009,131,1
1009,147,1
1009,188,1
1009,190,1
1009,201,1
1010,2,1
1010,3,1
1010,6,1
1010,7,1
1010,11,1
1010,22,1
1010,27,1
1010,32,1
1010,36,1
1010,40,1
1010,50,1
1010,59,1
1010,63,1
1010,70,1
1010,71,1
1010,81,1
1010,84,1
1010,97,1
1010,114,1
1010,147,1
1010,188,1
1010,190,1
1010,201,1
1011,2,1
1011,3,1
1011,6,1
1011,7,1
1011,11,1
1011,16,1
1011,22,1
1011,27,1
1011,32,1
1011,36,1
1011,40,1
1011,50,1
1011,59,1
1011,63,1
1011,70,1
1011,71,1
1011,81,1
1011,84,1
1011,97,1
1011,114,1
1011,131,1
1011,147,1
1011,188,1
1011,190,1
1011,201,1
1012,5,1
1012,6,1
1012,7,1
1012,44,1
1012,51,1
1012,52,1
1012,70,1
1013,5,1
1013,7,1
1013,51,1
1013,52,1
1013,82,1
1014,24,1
1014,37,1
1014,38,1
1014,70,1
1014,117,1
1014,130,1
1015,56,1
1016,5,1
1016,7,1
1016,44,1
1016,52,1
1016,57,1
1016,77,1
1016,78,1
1016,81,1
1016,91,1
1016,117,1
1016,119,1
1016,130,1
1016,140,1
1017,73,1
1018,5,1
1018,21,1
1018,32,1
1018,59,1
1018,81,1
1018,106,1
1019,3,1
1019,13,1
1019,16,1
1019,19,1
1019,21,1
1019,25,1
1019,32,1
1019,40,1
1019,48,1
1019,51,1
1019,54,1
1019,57,1
1019,59,1
1019,71,1
1019,75,1
1019,76,1
1019,81,1
1019,90,1
1019,105,1
1019,106,1
1019,114,1
1019,115,1
1019,122,1
1019,124,1
1019,160,1
1019,171,1
1020,0,1
1020,73,1
1020,160,1
1021,13,1
1021,21,1
1021,54,1
1021,71,1
1021,105,1
1021,115,1
1021,124,1
1021,160,1
1022,44,1
1022,59,1
1022,75,1
1022,118,1
1022,130,1
1023,3,1
1023,8,1
1023,13,1
1023,16,1
1023,19,1
1023,21,1
1023,24,1
1023,25,1
1023,32,1
1023,48,1
1023,51,1
1023,54,1
1023,59,1
1023,71,1
1023,75,1
1023,76,1
1023,90,1
1023,94,1
1023,99,1
1023,105,1
1023,106,1
1023,114,1
1023,115,1
1023,122,1
1023,124,1
1023,160,1
1023,170,1
1024,179,1
1025,19,1
1025,32,1
1025,59,1
1025,71,1
1025,105,1
1025,106,1
1025,160,1
1026,17,1
1026,27,1
1026,37,1
1026,51,1
1026,52,1
1026,59,1
1026,75,1
1026,99,1
1027,44,1
1027,51,1
1027,52,1
1027,117,1
1027,119,1
1027,121,1
1027,130,1
1027,140,1
1027,160,1
1028,37,1
1028,38,1
1028,44,1
1028,52,1
1028,99,1
1028,119,1
1028,121,1
1028,130,1
1028,140,1
1028,160,1
1029,130,1
1030,3,1
1030,51,1
1030,59,1
1030,105,1
1030,106,1
1030,111,1
1030,160,1
1031,59,1
1032,2,1
1032,3,1
1032,82,1
1032,119,1
1032,130,1
1033,82,1
1034,2,1
1034,5,1
1034,24,1
1034,44,1
1034,52,1
1034,117,1
1034,119,1
1034,130,1
1034,140,1
1034,160,1
1035,44,1
1035,119,1
1035,130,1
1035,160,1
1036,3,1
1036,8,1
1036,13,1
1036,16,1
1036,17,1
1036,19,1
1036,21,1
1036,22,1
1036,25,1
1036,32,1
1036,40,1
1036,45,1
1036,48,1
1036,51,1
1036,54,1
1036,57,1
1036,71,1
1036,73,1
1036,75,1
1036,76,1
1036,81,1
1036,90,1
1036,94,1
1036,98,1
1036,105,1
1036,106,1
1036,114,1
1036,115,1
1036,122,1
1036,124,1
1036,132,1
1036,157,1
1036,160,1
1036,169,1
1036,170,1
1036,171,1
1037,2,1
1037,3,1
1037,13,1
1037,24,1
1037,25,1
1037,35,1
1037,38,1
1037,40,1
1037,44,1
1037,48,1
1037,52,1
1037,59,1
1037,71,1
1037,75,1
1037,81,1
1037,82,1
1037,86,1
1037,90,1
1037,91,1
1037,98,1
1037,99,1
1037,105,1
1037,106,1
1037,114,1
1037,115,1
1037,118,1
1037,119,1
1037,121,1
1037,124,1
1037,130,1
1037,140,1
1037,160,1
1037,169,1
1037,173,1
1037,179,1
1038,10,1
1038,17,1
1038,18,1
1038,37,1
1038,44,1
1038,59,1
1038,75,1
1038,76,1
1039,130,1
1039,140,1
1040,170,1
1041,0,1
1041,3,1
1041,5,1
1041,19,1
1041,21,1
1041,32,1
1041,35,1
1041,44,1
1041,115,1
1041,118,1
1041,119,1
1041,130,1
1041,170,1
1042,119,1
1042,130,1
1043,94,1
1044,0,1
1044,2,1
1044,3,1
1044,5,1
1044,8,1
1044,9,1
1044,13,1
1044,21,1
1044,24,1
1044,25,1
1044,38,1
1044,40,1
1044,41,1
1044,44,1
1044,45,1
1044,48,1
1044,52,1
1044,59,1
1044,75,1
1044,76,1
1044,81,1
1044,82,1
1044,86,1
1044,90,1
1044,91,1
1044,94,1
1044,99,1
1044,106,1
1044,111,1
1044,114,1
1044,115,1
1044,117,1
1044,118,1
1044,119,1
1044,121,1
1044,122,1
1044,124,1
1044,130,1
1044,132,1
1044,140,1
1044,145,1
1044,157,1
1044,160,1
1044,170,1
1044,171,1
1044,172,1
1044,173,1
1044,174,1
1044,179,1
1045,59,1
1046,44,1
1046,51,1
1046,52,1
1046,130,1
1046,140,1
1046,157,1
1046,160,1
1047,2,1
1047,82,1
1047,130,1
1048,44,1
1048,51,1
1048,52,1
1048,130,1
1048,140,1
1049,65,1
1050,3,1
1050,5,1
1050,6,1
1050,7,1
1050,17,1
1050,18,1
1050,27,1
1050,37,1
1050,44,1
1050,46,1
1050,51,1
1050,52,1
1050,56,1
1050,59,1
1050,70,1
1050,75,1
1050,76,1
1050,81,1
1050,86,1
1050,95,1
1050,99,1
1051,3,1
1051,8,1
1051,35,1
1051,37,1
1051,38,1
1051,44,1
1051,59,1
1051,75,1
1051,90,1
1051,119,1
1051,130,1
1051,140,1
1051,157,1
1052,2,1
1052,3,1
1052,73,1
1052,82,1
1052,90,1
1052,105,1
1052,111,1
1052,119,1
1052,179,1
1053,16,1
1053,34,1
1053,40,1
1053,44,1
1053,75,1
1053,121,1
1053,170,1
1054,2,1
1054,82,1
1055,40,1
1056,16,1
1056,17,1
1056,21,1
1056,32,1
1056,94,1
1056,98,1
1056,105,1
1056,106,1
1056,160,1
1056,169,1
1056,170,1
1057,13,1
1057,16,1
1057,17,1
1057,19,1
1057,21,1
1057,32,1
1057,54,1
1057,71,1
1057,75,1
1057,76,1
1057,94,1
1057,105,1
1057,106,1
1057,124,1
1057,160,1
1057,170,1
1058,3,1
1058,5,1
1058,6,1
1058,8,1
1058,9,1
1058,16,1
1058,17,1
1058,19,1
1058,21,1
1058,25,1
1058,32,1
1058,35,1
1058,37,1
1058,38,1
1058,41,1
1058,44,1
1058,45,1
1058,48,1
1058,51,1
1058,52,1
1058,54,1
1058,59,1
1058,75,1
1058,76,1
1058,82,1
1058,86,1
1058,99,1
1058,114,1
1058,115,1
1058,117,1
1058,118,1
1058,119,1
1058,121,1
1058,122,1
1058,124,1
1058,130,1
1058,132,1
1058,140,1
1058,157,1
1058,160,1
1058,170,1
1058,173,1
1058,174,1
1059,73,1
1060,130,1
1061,0,1
1061,3,1
1061,8,1
1061,22,1
1061,24,1
1061,35,1
1061,44,1
1061,59,1
1061,114,1
1061,115,1
1061,117,1
1061,119,1
1061,130,1
1061,132,1
1061,140,1
1061,160,1
1061,171,1
1062,3,1
1062,7,1
1062,8,1
1062,9,1
1062,13,1
1062,16,1
1062,17,1
1062,19,1
1062,21,1
1062,23,1
1062,25,1
1062,32,1
1062,38,1
1062,40,1
1062,45,1
1062,48,1
1062,51,1
1062,52,1
1062,54,1
1062,57,1
1062,59,1
1062,71,1
1062,75,1
1062,76,1
1062,81,1
1062,90,1
1062,91,1
1062,94,1
1062,98,1
1062,99,1
1062,105,1
1062,106,1
1062,111,1
1062,114,1
1062,115,1
1062,118,1
1062,122,1
1062,124,1
1062,132,1
1062,140,1
1062,145,1
1062,160,1
1062,169,1
1062,170,1
1062,171,1
1062,179,1
1063,3,1
1063,21,1
1063,44,1
1063,59,1
1063,118,1
1063,130,1
1064,5,1
1064,32,1
1064,37,1
1064,38,1
1064,44,1
1064,48,1
1064,91,1
1064,98,1
1064,99,1
1064,119,1
1064,121,1
1064,130,1
1064,140,1
1064,145,1
1064,160,1
1065,0,1
1065,2,1
1065,3,1
1065,13,1
1065,24,1
1065,35,1
1065,38,1
1065,40,1
1065,82,1
1065,114,1
1065,119,1
1065,130,1
1065,160,1
1065,169,1
1065,179,1
1066,3,1
1066,6,1
1066,13,1
1066,37,1
1066,38,1
1066,44,1
1066,71,1
1066,75,1
1066,105,1
1066,114,1
1066,118,1
1066,124,1
1067,51,1
1068,24,1
1069,0,1
1069,2,1
1069,3,1
1069,5,1
1069,6,1
1069,8,1
1069,9,1
1069,13,1
1069,16,1
1069,17,1
1069,19,1
1069,21,1
1069,22,1
1069,25,1
1069,32,1
1069,35,1
1069,41,1
1069,44,1
1069,45,1
1069,48,1
1069,51,1
1069,52,1
1069,54,1
1069,57,1
1069,59,1
1069,71,1
1069,75,1
1069,76,1
1069,81,1
1069,82,1
1069,86,1
1069,90,1
1069,91,1
1069,94,1
1069,98,1
1069,99,1
1069,105,1
1069,106,1
1069,114,1
1069,115,1
1069,117,1
1069,118,1
1069,119,1
1069,122,1
1069,124,1
1069,130,1
1069,132,1
1069,140,1
1069,157,1
1069,169,1
1069,170,1
1069,171,1
1069,172,1
1069,176,1
1069,179,1
1070,2,1
1070,3,1
1070,13,1
1070,24,1
1070,37,1
1070,38,1
1070,82,1
1070,114,1
1070,160,1
1070,169,1
1071,44,1
1071,57,1
1071,119,1
1072,2,1
1072,5,1
1072,6,1
1072,8,1
1072,21,1
1072,24,1
1072,32,1
1072,37,1
1072,38,1
1072,41,1
1072,48,1
1072,54,1
1072,57,1
1072,59,1
1072,75,1
1072,76,1
1072,81,1
1072,86,1
1072,105,1
1072,106,1
1072,115,1
1072,119,1
1072,121,1
1072,122,1
1072,124,1
1072,132,1
1072,140,1
1072,173,1
1072,179,1
1073,2,1
1073,3,1
1073,5,1
1073,6,1
1073,8,1
1073,9,1
1073,13,1
1073,16,1
1073,17,1
1073,19,1
1073,21,1
1073,24,1
1073,25,1
1073,32,1
1073,37,1
1073,38,1
1073,41,1
1073,44,1
1073,48,1
1073,51,1
1073,52,1
1073,54,1
1073,57,1
1073,59,1
1073,71,1
1073,73,1
1073,75,1
1073,76,1
1073,81,1
1073,82,1
1073,86,1
1073,90,1
1073,91,1
1073,98,1
1073,99,1
1073,105,1
1073,106,1
1073,111,1
1073,114,1
1073,115,1
1073,117,1
1073,118,1
1073,119,1
1073,121,1
1073,122,1
1073,124,1
1073,130,1
1073,132,1
1073,140,1
1073,157,1
1073,169,1
1073,171,1
1073,172,1
1073,173,1
1073,174,1
1073,179,1
1074,3,1
1074,6,1
1074,19,1
1074,21,1
1074,32,1
1074,35,1
1075,37,1
1075,38,1
1075,130,1
1075,157,1
1076,2,1
1077,2,1
1077,21,1
1077,40,1
1077,48,1
1077,52,1
1077,71,1
1077,82,1
1077,90,1
1077,106,1
1077,114,1
1077,119,1
1077,130,1
1077,140,1
1077,179,1
1078,85,1
1079,145,1
1080,24,1
1081,12,1
1081,129,1
1082,38,1
1082,48,1
1082,59,1
1082,124,1
1082,175,1
1083,0,1
1083,3,1
1083,6,1
1083,9,1
1083,21,1
1083,32,1
1083,35,1
1083,37,1
1083,38,1
1083,41,1
1083,44,1
1083,45,1
1083,52,1
1083,54,1
1083,59,1
1083,76,1
1083,81,1
1083,86,1
1083,98,1
1083,115,1
1083,117,1
1083,118,1
1083,119,1
1083,130,1
1083,140,1
1083,145,1
1083,169,1
1083,171,1
1083,172,1
1084,8,1
1084,54,1
1084,99,1
1084,130,1
1084,160,1
1085,2,1
1085,3,1
1085,5,1
1085,8,1
1085,9,1
1085,19,1
1085,21,1
1085,25,1
1085,32,1
1085,35,1
1085,37,1
1085,38,1
1085,41,1
1085,44,1
1085,48,1
1085,52,1
1085,54,1
1085,59,1
1085,75,1
1085,76,1
1085,81,1
1085,82,1
1085,86,1
1085,91,1
1085,98,1
1085,99,1
1085,105,1
1085,106,1
1085,114,1
1085,115,1
1085,117,1
1085,122,1
1085,124,1
1085,130,1
1085,132,1
1085,140,1
1085,145,1
1085,157,1
1085,160,1
1085,170,1
1085,171,1
1085,172,1
1086,3,1
1086,13,1
1086,16,1
1086,19,1
1086,21,1
1086,25,1
1086,32,1
1086,40,1
1086,45,1
1086,48,1
1086,51,1
1086,54,1
1086,59,1
1086,71,1
1086,73,1
1086,75,1
1086,76,1
1086,81,1
1086,90,1
1086,105,1
1086,106,1
1086,114,1
1086,115,1
1086,124,1
1086,132,1
1086,160,1
1086,171,1
1087,0,1
1087,2,1
1087,3,1
1087,5,1
1087,6,1
1087,8,1
1087,9,1
1087,16,1
1087,17,1
1087,19,1
1087,21,1
1087,22,1
1087,25,1
1087,32,1
1087,35,1
1087,40,1
1087,41,1
1087,44,1
1087,45,1
1087,51,1
1087,52,1
1087,54,1
1087,57,1
1087,59,1
1087,71,1
1087,73,1
1087,75,1
1087,76,1
1087,81,1
1087,82,1
1087,86,1
1087,90,1
1087,91,1
1087,98,1
1087,99,1
1087,105,1
1087,106,1
1087,111,1
1087,114,1
1087,115,1
1087,117,1
1087,118,1
1087,119,1
1087,122,1
1087,130,1
1087,140,1
1087,145,1
1087,157,1
1087,160,1
1087,169,1
1087,170,1
1087,171,1
1087,172,1
1087,176,1
1088,3,1
1088,37,1
1088,38,1
1088,52,1
1088,57,1
1088,71,1
1088,82,1
1088,90,1
1088,114,1
1088,118,1
1088,119,1
1088,130,1
1088,140,1
1088,160,1
1088,169,1
1088,179,1
1089,19,1
1090,71,1
1090,105,1
1090,106,1
1091,34,1
1092,2,1
1092,52,1
1092,82,1
1092,90,1
1092,114,1
1092,119,1
1092,130,1
1092,173,1
1093,44,1
1093,119,1
1093,130,1
1094,6,1
1094,9,1
1094,32,1
1094,35,1
1094,122,1
1094,130,1
1095,0,1
1095,35,1
1095,36,1
1095,73,1
1095,82,1
1095,145,1
1096,44,1
1096,71,1
1096,105,1
1096,130,1
1097,8,1
1097,22,1
1097,35,1
1097,37,1
1097,38,1
1097,44,1
1097,54,1
1097,118,1
1097,119,1
1097,130,1
1097,157,1
1098,8,1
1098,19,1
1098,21,1
1098,32,1
1098,37,1
1098,38,1
1098,52,1
1098,59,1
1098,71,1
1098,81,1
1098,105,1
1098,115,1
1098,117,1
1098,118,1
1098,119,1
1098,122,1
1098,130,1
1098,140,1
1098,145,1
1098,169,1
1098,172,1
1098,173,1
1099,51,1
1099,99,1
1099,111,1
1099,130,1
1100,160,1
1101,24,1
1102,2,1
1103,19,1
1103,21,1
1103,32,1
1103,48,1
1103,54,1
1103,59,1
1103,71,1
1103,105,1
1103,115,1
1103,124,1
1103,145,1
1104,3,1
1104,19,1
1104,59,1
1104,73,1
1104,105,1
1104,106,1
1104,160,1
1105,37,1
1105,38,1
1105,130,1
1106,8,1
1106,44,1
1106,51,1
1106,52,1
1106,99,1
1106,111,1
1106,117,1
1106,119,1
1106,130,1
1106,140,1
1106,160,1
1107,0,1
1107,17,1
1107,36,1
1107,75,1
1107,76,1
1107,82,1
1108,65,1
1108,95,1
1109,157,1
1110,0,1
1110,2,1
1110,3,1
1110,5,1
1110,6,1
1110,9,1
1110,13,1
1110,17,1
1110,19,1
1110,21,1
1110,22,1
1110,24,1
1110,25,1
1110,35,1
1110,37,1
1110,38,1
1110,40,1
1110,41,1
1110,44,1
1110,48,1
1110,52,1
1110,54,1
1110,59,1
1110,71,1
1110,81,1
1110,82,1
1110,86,1
1110,90,1
1110,98,1
1110,99,1
1110,105,1
1110,111,1
1110,114,1
1110,115,1
1110,118,1
1110,119,1
1110,121,1
1110,122,1
1110,124,1
1110,130,1
1110,132,1
1110,140,1
1110,145,1
1110,160,1
1110,169,1
1110,170,1
1110,173,1
1110,174,1
1110,179,1
1111,0,1
1111,2,1
1111,3,1
1111,5,1
1111,6,1
1111,8,1
1111,9,1
1111,13,1
1111,16,1
1111,17,1
1111,19,1
1111,21,1
1111,22,1
1111,24,1
1111,25,1
1111,32,1
1111,35,1
1111,37,1
1111,38,1
1111,40,1
1111,41,1
1111,44,1
1111,45,1
1111,48,1
1111,51,1
1111,52,1
1111,54,1
1111,57,1
1111,59,1
1111,71,1
1111,73,1
1111,75,1
1111,76,1
1111,81,1
1111,82,1
1111,86,1
1111,90,1
1111,91,1
1111,94,1
1111,98,1
1111,99,1
1111,105,1
1111,106,1
1111,111,1
1111,114,1
1111,115,1
1111,117,1
1111,118,1
1111,119,1
1111,121,1
1111,122,1
1111,124,1
1111,130,1
1111,132,1
1111,140,1
1111,145,1
1111,157,1
1111,160,1
1111,169,1
1111,170,1
1111,171,1
1111,172,1
1111,173,1
1111,174,1
1111,179,1
1112,3,1
1112,8,1
1112,16,1
1112,17,1
1112,19,1
1112,21,1
1112,32,1
1112,54,1
1112,59,1
1112,71,1
1112,75,1
1112,90,1
1112,98,1
1112,105,1
1112,106,1
1112,115,1
1112,124,1
1112,132,1
1112,170,1
1113,82,1
1113,115,1
1113,119,1
1113,130,1
1113,140,1
1113,145,1
1113,160,1
1114,82,1
1114,130,1
1115,44,1
1115,57,1
1115,117,1
1115,118,1
1115,119,1
1115,121,1
1115,132,1
1116,3,1
1116,8,1
1116,16,1
1116,17,1
1116,19,1
1116,32,1
1116,40,1
1116,44,1
1116,48,1
1116,51,1
1116,59,1
1116,71,1
1116,75,1
1116,82,1
1116,86,1
1116,90,1
1116,91,1
1116,94,1
1116,98,1
1116,105,1
1116,106,1
1116,111,1
1116,114,1
1116,122,1
1116,169,1
1116,170,1
1116,171,1
1117,6,1
1117,16,1
1117,19,1
1117,32,1
1117,35,1
1117,37,1
1117,38,1
1117,44,1
1117,52,1
1117,59,1
1117,75,1
1117,118,1
1117,119,1
1117,130,1
1117,140,1
1117,157,1
1118,8,1
1118,29,1
1119,24,1
1120,106,1
1121,2,1
1121,3,1
1121,5,1
1121,8,1
1121,13,1
1121,21,1
1121,40,1
1121,41,1
1121,44,1
1121,45,1
1121,48,1
1121,51,1
1121,52,1
1121,59,1
1121,71,1
1121,73,1
1121,75,1
1121,76,1
1121,82,1
1121,86,1
1121,90,1
1121,91,1
1121,94,1
1121,98,1
1121,99,1
1121,105,1
1121,106,1
1121,111,1
1121,114,1
1121,115,1
1121,119,1
1121,121,1
1121,124,1
1121,130,1
1121,140,1
1121,157,1
1121,170,1
1121,172,1
1121,174,1
1121,179,1
1122,52,1
1122,130,1
1123,2,1
1123,3,1
1123,13,1
1123,24,1
1123,25,1
1123,38,1
1123,82,1
1123,114,1
1123,119,1
1123,160,1
1123,169,1
1123,179,1
1124,2,1
1124,5,1
1124,44,1
1124,82,1
1124,91,1
1124,119,1
1124,130,1
1124,140,1
1124,145,1
1124,160,1
1125,21,1
1125,25,1
1125,32,1
1125,44,1
1125,48,1
1125,54,1
1125,75,1
1125,76,1
1125,98,1
1125,118,1
1125,124,1
1125,130,1
1125,170,1
1125,172,1
1126,38,1
1126,99,1
1127,3,1
1127,6,1
1127,13,1
1127,17,1
1127,19,1
1127,21,1
1127,22,1
1127,25,1
1127,32,1
1127,37,1
1127,38,1
1127,44,1
1127,48,1
1127,54,1
1127,59,1
1127,71,1
1127,75,1
1127,81,1
1127,86,1
1127,98,1
1127,105,1
1127,118,1
1127,119,1
1127,124,1
1127,130,1
1127,179,1
1128,0,1
1128,19,1
1128,35,1
1128,44,1
1129,9,1
1129,21,1
1129,32,1
1129,44,1
1129,48,1
1129,52,1
1129,54,1
1129,82,1
1129,98,1
1129,99,1
1129,115,1
1129,117,1
1129,122,1
1129,130,1
1129,132,1
1129,140,1
1129,145,1
1129,157,1
1129,160,1
1129,169,1
1130,0,1
1130,19,1
1130,35,1
1130,37,1
1130,38,1
1130,44,1
1130,48,1
1130,51,1
1130,57,1
1130,81,1
1130,91,1
1130,99,1
1130,115,1
1130,130,1
1130,140,1
1130,145,1
1130,160,1
1130,169,1
1131,124,1
1132,17,1
1132,24,1
1132,52,1
1132,75,1
1132,76,1
1133,3,1
1133,35,1
1133,38,1
1133,44,1
1133,119,1
1133,130,1
1133,145,1
1133,157,1
1133,160,1
1134,2,1
1134,3,1
1134,51,1
1134,59,1
1134,99,1
1134,121,1
1134,130,1
1135,38,1
1136,7,1
1136,51,1
1137,130,1
1138,38,1
1139,8,1
1139,19,1
1139,21,1
1139,25,1
1139,32,1
1139,44,1
1139,45,1
1139,54,1
1139,59,1
1139,71,1
1139,81,1
1139,105,1
1139,122,1
1139,124,1
1139,130,1
1139,145,1
1140,8,1
1141,160,1
1142,3,1
1142,13,1
1142,19,1
1142,21,1
1142,32,1
1142,54,1
1142,59,1
1142,71,1
1142,75,1
1142,76,1
1142,81,1
1142,86,1
1142,90,1
1142,105,1
1142,106,1
1142,114,1
1142,122,1
1142,124,1
1142,140,1
1143,2,1
1143,5,1
1143,9,1
1143,16,1
1143,21,1
1143,32,1
1143,35,1
1143,44,1
1143,48,1
1143,52,1
1143,75,1
1143,106,1
1143,115,1
1143,119,1
1143,130,1
1143,132,1
1143,140,1
1143,157,1
1144,2,1
1145,21,1
1145,32,1
1145,35,1
1145,59,1
1145,130,1
1146,6,1
1146,13,1
1146,19,1
1146,21,1
1146,22,1
1146,32,1
1146,35,1
1146,38,1
1146,59,1
1146,71,1
1146,81,1
1146,86,1
1146,90,1
1146,99,1
1146,122,1
1146,124,1
1146,140,1
1146,179,1
1147,44,1
1147,119,1
1147,130,1
1147,140,1
1148,2,1
1148,5,1
1148,8,1
1148,21,1
1148,40,1
1148,41,1
1148,44,1
1148,45,1
1148,51,1
1148,52,1
1148,73,1
1148,76,1
1148,82,1
1148,86,1
1148,91,1
1148,94,1
1148,106,1
1148,111,1
1148,114,1
1148,115,1
1148,117,1
1148,119,1
1148,122,1
1148,130,1
1148,140,1
1148,145,1
1148,157,1
1148,171,1
1148,172,1
1148,173,1
1149,52,1
1149,115,1
1149,130,1
1150,13,1
1150,21,1
1150,32,1
1150,54,1
1150,73,1
1150,105,1
1150,106,1
1150,124,1
1150,160,1
1151,2,1
1151,82,1
1151,130,1
1152,130,1
1153,8,1
1153,36,1
1154,73,1
1154,160,1
1155,42,1
1155,63,1
1155,146,1
1156,0,1
1156,2,1
1156,3,1
1156,5,1
1156,6,1
1156,9,1
1156,19,1
1156,21,1
1156,22,1
1156,23,1
1156,25,1
1156,32,1
1156,35,1
1156,40,1
1156,41,1
1156,44,1
1156,45,1
1156,48,1
1156,51,1
1156,52,1
1156,57,1
1156,59,1
1156,67,1
1156,71,1
1156,75,1
1156,76,1
1156,81,1
1156,82,1
1156,86,1
1156,90,1
1156,91,1
1156,98,1
1156,99,1
1156,105,1
1156,106,1
1156,114,1
1156,115,1
1156,117,1
1156,118,1
1156,119,1
1156,122,1
1156,130,1
1156,132,1
1156,140,1
1156,145,1
1156,157,1
1156,170,1
1156,171,1
1156,172,1
1156,176,1
1157,146,1
1158,114,1
1159,2,1
1159,40,1
1159,48,1
1159,82,1
1159,115,1
1159,130,1
1160,94,1
1160,117,1
1161,51,1
1161,130,1
1162,130,1
1163,35,1
1163,47,1
1164,146,1
1165,22,1
1165,35,1
1165,48,1
1165,115,1
1165,130,1
1165,145,1
1165,170,1
1166,5,1
1166,65,1
1166,111,1
1167,21,1
1167,32,1
1168,2,1
1168,115,1
1168,130,1
1168,173,1
1169,51,1
1169,99,1
1169,121,1
1169,122,1
1170,73,1
1170,160,1
1171,12,1
1171,38,1
1171,56,1
1172,2,1
1172,3,1
1172,13,1
1172,19,1
1172,24,1
1172,25,1
1172,37,1
1172,38,1
1172,48,1
1172,52,1
1172,82,1
1172,90,1
1172,98,1
1172,105,1
1172,114,1
1172,115,1
1172,119,1
1172,124,1
1172,130,1
1172,140,1
1172,160,1
1172,169,1
1172,179,1
1173,2,1
1174,37,1
1174,38,1
1174,52,1
1175,6,1
1175,21,1
1175,32,1
1175,35,1
1175,48,1
1175,59,1
1175,145,1
1175,172,1
1176,51,1
1176,99,1
1177,71,1
1178,32,1
1178,51,1
1178,52,1
1178,117,1
1178,130,1
1178,140,1
1179,24,1
1180,3,1
1180,5,1
1180,6,1
1180,21,1
1180,25,1
1180,32,1
1180,35,1
1180,37,1
1180,38,1
1180,41,1
1180,44,1
1180,54,1
1180,59,1
1180,75,1
1180,115,1
1180,122,1
1180,124,1
1180,132,1
1181,3,1
1181,13,1
1181,17,1
1181,21,1
1181,22,1
1181,25,1
1181,35,1
1181,37,1
1181,38,1
1181,54,1
1181,59,1
1181,71,1
1181,75,1
1181,98,1
1181,118,1
1181,124,1
1181,130,1
1182,7,1
1182,10,1
1182,17,1
1182,51,1
1182,75,1
1182,76,1
1182,81,1
1182,99,1
1183,0,1
1183,73,1
1183,160,1
1184,0,1
1184,35,1
1184,36,1
1184,73,1
1184,145,1
1185,51,1
1185,99,1
1185,111,1
1185,121,1
1185,130,1
1186,130,1
1186,153,1
1187,65,1
1188,44,1
1188,118,1
1188,119,1
1188,130,1
1188,140,1
1189,0,1
1189,2,1
1189,3,1
1189,5,1
1189,6,1
1189,8,1
1189,9,1
1189,17,1
1189,21,1
1189,22,1
1189,32,1
1189,35,1
1189,41,1
1189,44,1
1189,45,1
1189,48,1
1189,51,1
1189,54,1
1189,57,1
1189,59,1
1189,75,1
1189,81,1
1189,86,1
1189,90,1
1189,91,1
1189,98,1
1189,99,1
1189,115,1
1189,117,1
1189,118,1
1189,122,1
1189,130,1
1189,132,1
1189,140,1
1189,145,1
1189,169,1
1189,170,1
1189,171,1
1189,172,1
1190,6,1
1190,21,1
1190,54,1
1190,105,1
1190,124,1
1190,160,1
1191,19,1
1191,21,1
1191,32,1
1191,59,1
1191,71,1
1191,105,1
1191,106,1
1191,115,1
1191,124,1
1191,160,1
1192,37,1
1192,38,1
1192,52,1
1192,119,1
1192,130,1
1192,140,1
1193,9,1
1193,35,1
1193,90,1
1193,130,1
1194,2,1
1194,81,1
1195,3,1
1195,7,1
1195,16,1
1195,17,1
1195,21,1
1195,32,1
1195,59,1
1195,67,1
1195,98,1
1195,106,1
1195,115,1
1195,169,1
1195,170,1
1196,19,1
1197,0,1
1197,5,1
1197,6,1
1197,17,1
1197,21,1
1197,24,1
1197,29,1
1197,31,1
1197,35,1
1197,41,1
1197,45,1
1197,51,1
1197,59,1
1197,81,1
1197,84,1
1197,86,1
1197,91,1
1197,98,1
1197,99,1
1197,115,1
1197,121,1
1197,122,1
1197,130,1
1197,132,1
1197,169,1
1197,170,1
1197,171,1
1197,172,1
1197,173,1
1197,202,1
1198,2,1
1198,176,1
1199,23,1
1199,26,1
1199,32,1
1199,73,1
1199,105,1
1199,106,1
1199,109,1
1199,159,1
1199,182,1
1199,200,1
1200,90,1
1201,90,1
1202,8,1
1202,16,1
1202,90,1
1203,90,1
1204,8,1
1204,11,1
1204,16,1
1204,36,1
1204,50,1
1204,75,1
1204,90,1
1204,94,1
1204,203,1
1205,23,1
1205,32,1
1205,71,1
1205,105,1
1205,106,1
1205,182,1
1206,2,1
1206,35,1
1206,42,1
1206,146,1
1206,204,1
1206,205,1
1207,0,1
1207,3,1
1207,5,1
1207,6,1
1207,32,1
1207,35,1
1207,37,1
1207,38,1
1207,41,1
1207,44,1
1207,45,1
1207,48,1
1207,59,1
1207,75,1
1207,76,1
1207,81,1
1207,91,1
1207,115,1
1207,119,1
1207,130,1
1207,140,1
1207,145,1
1207,157,1
1207,160,1
1207,171,1
1207,172,1
1208,8,1
1208,130,1
1209,2,1
1209,24,1
1209,38,1
1209,81,1
1209,99,1
1209,117,1
1209,121,1
1209,122,1
1209,130,1
1209,140,1
1209,172,1
1210,10,1
1210,18,1
1210,27,1
1210,36,1
1210,38,1
1210,44,1
1210,70,1
1210,98,1
1210,102,1
1210,182,1
1210,188,1
1211,16,1
1211,18,1
1211,24,1
1211,38,1
1211,70,1
1211,86,1
1211,113,1
1211,130,1
1211,153,1
1211,187,1
1212,2,1
1212,5,1
1212,6,1
1212,8,1
1212,24,1
1212,34,1
1212,37,1
1212,41,1
1212,44,1
1212,48,1
1212,50,1
1212,52,1
1212,59,1
1212,67,1
1212,70,1
1212,75,1
1212,81,1
1212,86,1
1212,98,1
1212,99,1
1212,113,1
1212,121,1
1212,122,1
1212,125,1
1212,129,1
1212,145,1
1212,153,1
1212,157,1
1212,164,1
1212,169,1
1212,176,1
1212,179,1
1213,14,1
1213,18,1
1213,27,1
1213,30,1
1213,66,1
1213,97,1
1213,99,1
1213,196,1
1213,197,1
1214,1,1
1214,11,1
1214,16,1
1214,17,1
1214,32,1
1214,36,1
1214,73,1
1214,75,1
1214,87,1
1214,94,1
1214,98,1
1214,99,1
1214,105,1
1214,106,1
1214,128,1
1214,145,1
1214,157,1
1214,160,1
1214,169,1
1214,177,1
1215,3,1
1215,21,1
1215,23,1
1215,32,1
1215,59,1
1215,71,1
1215,105,1
1215,106,1
1216,26,1
1216,190,1
1216,206,1
1217,24,1
1218,203,1
1218,207,1
1219,203,1
1219,207,1
1220,19,1
1220,45,1
1220,73,1
1220,105,1
1220,190,1
1221,16,1
1221,17,1
1221,20,1
1221,26,1
1221,121,1
1221,177,1
1222,5,1
1222,17,1
1222,24,1
1222,50,1
1222,52,1
1222,65,1
1222,75,1
1222,76,1
1223,71,1
1224,82,1
1224,99,1
1224,119,1
1224,130,1
1225,2,1
1225,5,1
1225,44,1
1225,75,1
1225,90,1
1225,115,1
1225,119,1
1225,130,1
1225,140,1
1225,157,1
1226,38,1
1227,38,1
1228,2,1
1228,10,1
1228,14,1
1228,46,1
1228,91,1
1228,99,1
1228,100,1
1228,101,1
1228,121,1
1228,165,1
1228,187,1
1228,188,1
1228,189,1
1228,195,1
1228,196,1
1228,197,1
1229,2,1
1229,82,1
1230,3,1
1230,20,1
1230,39,1
1231,26,1
1231,46,1
1231,100,1
1231,121,1
1231,189,1
1232,73,1
1232,182,1
1232,200,1
1233,200,1
1234,4,1
1234,43,1
1234,72,1
1234,73,1
1235,11,1
1235,12,1
1235,53,1
1236,72,1
1236,73,1
1237,72,1
1237,73,1
1238,4,1
1238,17,1
1238,20,1
1238,26,1
1238,43,1
1238,72,1
1238,73,1
1238,177,1
1238,208,1
1238,209,1
1239,7,1
1239,51,1
1239,97,1
1239,158,1
1239,185,1
1240,38,1
1240,70,1
1241,11,1
1241,12,1
1241,53,1
1242,47,1
1243,11,1
1243,12,1
1243,53,1
1243,59,1
1243,98,1
1244,6,1
1244,23,1
1244,29,1
1244,31,1
1244,32,1
1244,41,1
1244,71,1
1244,76,1
1244,84,1
1244,85,1
1244,105,1
1244,106,1
1244,202,1
1244,203,1
1245,72,1
1245,73,1
1246,18,1
1246,70,1
1246,118,1
1246,119,1
1247,11,1
1247,12,1
1247,53,1
1247,200,1
1248,26,1
1248,69,1
1248,75,1
1248,210,1
1249,30,1
1249,32,1
1249,97,1
1250,4,1
1250,43,1
1250,72,1
1250,73,1
1251,15,1
1251,22,1
1252,199,1
1253,32,1
1253,51,1
1253,98,1
1253,99,1
1253,119,1
1253,130,1
1254,51,1
1254,84,1
1255,51,1
1255,84,1
1256,11,1
1256,20,1
1256,26,1
1256,98,1
1257,77,1
1258,0,1
1258,1,1
1258,35,1
1258,70,1
1259,38,1
1260,84,1
1261,84,1
1261,106,1
1262,30,1
1262,32,1
1262,97,1
1263,84,1
1264,84,1
1265,68,1
1265,84,1
1266,68,1
1266,84,1
1266,152,1
1267,42,1
1268,59,1
1269,23,1
1269,32,1
1269,76,1
1269,105,1
1269,106,1
1269,159,1
1269,200,1
1270,11,1
1270,22,1
1271,23,1
1271,32,1
1271,132,1
1271,149,1
1272,3,1
1272,11,1
1272,18,1
1272,22,1
1272,26,1
1272,32,1
1272,34,1
1272,38,1
1272,41,1
1272,42,1
1272,45,1
1272,54,1
1272,70,1
1272,71,1
1272,85,1
1272,98,1
1272,109,1
1272,114,1
1272,122,1
1272,132,1
1272,182,1
1273,69,1
1274,15,1
1274,26,1
1274,32,1
1274,75,1
1274,107,1
1274,132,1
1275,6,1
1275,11,1
1275,20,1
1275,21,1
1275,25,1
1275,26,1
1275,28,1
1275,31,1
1275,32,1
1275,41,1
1275,70,1
1275,71,1
1275,75,1
1275,76,1
1275,105,1
1275,106,1
1275,107,1
1275,108,1
1275,109,1
1275,159,1
1275,200,1
1275,202,1
1276,3,1
1276,6,1
1276,13,1
1276,21,1
1276,25,1
1276,31,1
1276,32,1
1276,54,1
1276,71,1
1276,74,1
1276,76,1
1276,106,1
1276,107,1
1276,109,1
1276,114,1
1276,122,1
1277,15,1
1277,132,1
1278,31,1
1278,32,1
1279,130,1
1279,157,1
1280,67,1
1280,73,1
1280,160,1
1281,6,1
1281,41,1
1281,51,1
1281,99,1
1281,111,1
1281,113,1
1281,179,1
1282,130,1
1283,37,1
1283,38,1
1283,44,1
1283,160,1
1284,37,1
1284,38,1
1284,130,1
1284,160,1
1285,0,1
1285,3,1
1285,5,1
1285,6,1
1285,8,1
1285,9,1
1285,13,1
1285,16,1
1285,17,1
1285,19,1
1285,21,1
1285,22,1
1285,25,1
1285,32,1
1285,35,1
1285,41,1
1285,44,1
1285,45,1
1285,48,1
1285,51,1
1285,54,1
1285,57,1
1285,71,1
1285,76,1
1285,81,1
1285,86,1
1285,90,1
1285,91,1
1285,94,1
1285,98,1
1285,99,1
1285,106,1
1285,114,1
1285,115,1
1285,117,1
1285,118,1
1285,119,1
1285,122,1
1285,124,1
1285,130,1
1285,132,1
1285,140,1
1285,157,1
1285,169,1
1285,170,1
1285,172,1
1285,176,1
1286,37,1
1286,38,1
1286,117,1
1286,130,1
1286,157,1
1287,9,1
1287,21,1
1287,48,1
1287,54,1
1287,73,1
1287,90,1
1287,91,1
1287,99,1
1287,105,1
1287,106,1
1287,111,1
1287,115,1
1287,118,1
1287,121,1
1287,132,1
1287,140,1
1288,51,1
1288,98,1
1288,99,1
1288,111,1
1288,130,1
1289,51,1
1289,111,1
1289,130,1
1290,0,1
1290,3,1
1290,6,1
1290,9,1
1290,16,1
1290,17,1
1290,19,1
1290,21,1
1290,22,1
1290,25,1
1290,32,1
1290,37,1
1290,44,1
1290,45,1
1290,57,1
1290,71,1
1290,76,1
1290,81,1
1290,86,1
1290,90,1
1290,98,1
1290,117,1
1290,118,1
1290,122,1
1290,130,1
1290,132,1
1290,140,1
1290,169,1
1290,170,1
1290,176,1
1291,98,1
1291,105,1
1291,106,1
1291,145,1
1291,157,1
1292,44,1
1293,0,1
1293,3,1
1293,6,1
1293,9,1
1293,16,1
1293,19,1
1293,21,1
1293,22,1
1293,32,1
1293,35,1
1293,41,1
1293,71,1
1293,75,1
1293,76,1
1293,81,1
1293,86,1
1293,99,1
1293,105,1
1293,106,1
1293,114,1
1293,115,1
1293,117,1
1293,130,1
1293,170,1
1293,171,1
1293,172,1
1294,0,1
1294,73,1
1294,113,1
1294,160,1
1295,59,1
1295,67,1
1295,73,1
1295,106,1
1295,130,1
1296,90,1
1296,130,1
1296,157,1
1297,37,1
1297,38,1
1298,37,1
1298,38,1
1298,160,1
1299,9,1
1299,21,1
1299,57,1
1299,111,1
1300,21,1
1300,57,1
1301,44,1
1302,37,1
1302,38,1
1302,90,1
1302,122,1
1302,130,1
1302,157,1
1303,3,1
1303,16,1
1303,21,1
1303,25,1
1303,32,1
1303,39,1
1303,50,1
1303,67,1
1303,69,1
1303,71,1
1303,81,1
1303,106,1
1303,115,1
1303,129,1
1303,134,1
1304,111,1
1305,5,1
1305,6,1
1305,7,1
1305,21,1
1305,41,1
1305,51,1
1305,95,1
1305,99,1
1305,115,1
1305,121,1
1305,173,1
1305,179,1
1306,9,1
1306,13,1
1306,32,1
1306,41,1
1306,54,1
1306,57,1
1306,59,1
1306,124,1
1306,169,1
1307,73,1
1307,113,1
1307,160,1
1308,37,1
1308,38,1
1308,44,1
1308,48,1
1308,51,1
1308,54,1
1308,99,1
1308,117,1
1308,121,1
1308,122,1
1308,124,1
1308,130,1
1308,140,1
1308,160,1
1309,5,1
1309,8,1
1309,24,1
1309,32,1
1309,37,1
1309,44,1
1309,46,1
1309,81,1
1309,86,1
1309,95,1
1309,98,1
1309,99,1
1309,100,1
1309,114,1
1309,115,1
1309,119,1
1309,121,1
1309,122,1
1309,173,1
1309,174,1
1309,187,1
1309,188,1
1309,189,1
1310,130,1
1310,140,1
1311,95,1
1312,37,1
1312,38,1
1312,157,1
1313,5,1
1313,6,1
1313,21,1
1313,41,1
1313,51,1
1313,99,1
1313,115,1
1313,130,1
1313,132,1
1313,170,1
1313,173,1
1313,174,1
1313,179,1
1314,37,1
1314,38,1
1314,130,1
1314,140,1
1314,160,1
1315,9,1
1315,21,1
1315,48,1
1315,54,1
1315,73,1
1315,91,1
1315,99,1
1315,105,1
1315,106,1
1315,115,1
1315,121,1
1315,124,1
1315,140,1
1316,0,1
1316,3,1
1316,5,1
1316,6,1
1316,9,1
1316,16,1
1316,17,1
1316,19,1
1316,21,1
1316,22,1
1316,25,1
1316,32,1
1316,35,1
1316,41,1
1316,44,1
1316,45,1
1316,48,1
1316,51,1
1316,54,1
1316,57,1
1316,59,1
1316,75,1
1316,76,1
1316,81,1
1316,86,1
1316,90,1
1316,91,1
1316,94,1
1316,98,1
1316,99,1
1316,105,1
1316,106,1
1316,114,1
1316,115,1
1316,117,1
1316,122,1
1316,130,1
1316,132,1
1316,145,1
1316,157,1
1316,169,1
1316,170,1
1316,171,1
1316,172,1
1317,37,1
1317,38,1
1317,130,1
1318,3,1
1318,6,1
1318,13,1
1318,16,1
1318,17,1
1318,21,1
1318,25,1
1318,32,1
1318,44,1
1318,45,1
1318,54,1
1318,71,1
1318,86,1
1318,115,1
1318,118,1
1318,119,1
1318,121,1
1318,122,1
1318,124,1
1318,130,1
1318,132,1
1318,170,1
1318,174,1
1318,179,1
1319,3,1
1319,10,1
1319,13,1
1319,19,1
1319,21,1
1319,25,1
1319,26,1
1319,32,1
1319,50,1
1319,54,1
1319,71,1
1319,76,1
1319,94,1
1319,106,1
1319,109,1
1319,132,1
1319,145,1
1319,159,1
1320,3,1
1320,11,1
1320,59,1
1321,11,1
1321,16,1
1321,19,1
1321,21,1
1321,23,1
1321,28,1
1321,32,1
1321,75,1
1321,105,1
1321,114,1
1321,182,1
1321,200,1
1322,15,1
1322,16,1
1322,21,1
1322,22,1
1322,23,1
1322,26,1
1322,32,1
1322,75,1
1322,94,1
1322,114,1
1322,122,1
1322,159,1
1323,11,1
1323,12,1
1323,53,1
1324,16,1
1324,17,1
1324,26,1
1324,38,1
1324,40,1
1324,60,1
1325,71,1
1326,3,1
1326,16,1
1326,32,1
1326,34,1
1326,38,1
1326,59,1
1326,71,1
1326,106,1
1326,107,1
1326,189,1
1327,3,1
1327,26,1
1327,31,1
1327,32,1
1327,54,1
1327,76,1
1327,77,1
1327,105,1
1327,106,1
1328,0,1
1328,1,1
1328,16,1
1328,26,1
1328,32,1
1328,34,1
1328,35,1
1328,41,1
1328,73,1
1328,94,1
1329,3,1
1329,8,1
1329,24,1
1329,35,1
1329,38,1
1329,59,1
1329,70,1
1329,129,1
1329,130,1
1329,149,1
1330,3,1
1330,18,1
1330,38,1
1330,59,1
1330,70,1
1330,75,1
1330,77,1
1330,118,1
1330,119,1
1330,210,1
1331,11,1
1331,12,1
1331,190,1
1332,22,1
1332,159,1
1333,16,1
1333,26,1
1333,32,1
1333,41,1
1333,73,1
1334,27,1
1334,71,1
1334,99,1
1334,196,1
1334,197,1
1335,18,1
1335,37,1
1335,38,1
1335,46,1
1335,70,1
1336,3,1
1336,16,1
1336,19,1
1336,31,1
1336,32,1
1336,59,1
1336,76,1
1336,105,1
1336,107,1
1336,114,1
1336,159,1
1337,3,1
1337,16,1
1337,32,1
1337,94,1
1337,114,1
1337,122,1
1337,159,1
1338,3,1
1338,16,1
1338,31,1
1338,32,1
1338,76,1
1338,94,1
1338,107,1
1338,114,1
1338,122,1
1338,159,1
1339,16,1
1339,19,1
1339,20,1
1339,22,1
1339,32,1
1339,39,1
1339,47,1
1339,71,1
1339,114,1
1339,122,1
1339,133,1
1339,186,1
1339,209,1
1339,211,1
1340,0,1
1340,3,1
1340,32,1
1340,38,1
1340,41,1
1340,96,1
1340,114,1
1340,168,1
1341,0,1
1341,3,1
1341,32,1
1341,35,1
1341,38,1
1341,96,1
1341,114,1
1341,168,1
1342,16,1
1342,26,1
1342,75,1
1343,0,1
1343,6,1
1343,8,1
1343,9,1
1343,16,1
1343,17,1
1343,19,1
1343,21,1
1343,25,1
1343,26,1
1343,32,1
1343,34,1
1343,35,1
1343,41,1
1343,45,1
1343,48,1
1343,50,1
1343,57,1
1343,67,1
1343,71,1
1343,73,1
1343,75,1
1343,76,1
1343,81,1
1343,86,1
1343,90,1
1343,91,1
1343,94,1
1343,98,1
1343,105,1
1343,106,1
1343,114,1
1343,115,1
1343,122,1
1343,125,1
1343,157,1
1343,169,1
1343,170,1
1343,176,1
1344,3,1
1344,22,1
1344,26,1
1345,3,1
1345,24,1
1346,3,1
1346,6,1
1346,21,1
1346,25,1
1346,29,1
1346,31,1
1346,32,1
1346,38,1
1346,41,1
1346,59,1
1346,71,1
1346,74,1
1346,75,1
1346,76,1
1346,81,1
1346,92,1
1346,107,1
1346,109,1
1346,150,1
1346,153,1
1346,195,1
1346,208,1
1347,3,1
1347,16,1
1347,19,1
1347,31,1
1347,32,1
1347,94,1
1347,114,1
1347,122,1
1347,159,1
1348,3,1
1348,29,1
1348,45,1
1348,59,1
1348,86,1
1348,92,1
1348,115,1
1348,123,1
1348,133,1
1348,158,1
1349,15,1
1349,22,1
1349,26,1
1349,190,1
1350,114,1
1351,89,1
1351,114,1
1351,122,1
1352,89,1
1352,114,1
1352,122,1
1353,138,1
1354,18,1
1354,20,1
1354,25,1
1354,27,1
1354,32,1
1354,37,1
1354,38,1
1354,68,1
1354,70,1
1354,73,1
1354,75,1
1354,96,1
1354,185,1
1354,188,1
1355,68,1
1356,68,1
1357,68,1
1358,68,1
1359,13,1
1359,16,1
1359,23,1
1359,26,1
1359,32,1
1359,39,1
1359,54,1
1359,59,1
1359,71,1
1359,74,1
1359,89,1
1359,90,1
1359,105,1
1359,114,1
1359,122,1
1359,149,1
1359,159,1
1360,51,1
1360,96,1
1360,138,1
1360,185,1
1361,68,1
1362,68,1
1363,68,1
1364,68,1
1365,68,1
1366,68,1
1367,68,1
1368,23,1
1368,105,1
1368,106,1
1369,23,1
1369,105,1
1369,106,1
1370,4,1
1370,43,1
1370,72,1
1370,73,1
1371,16,1
1371,17,1
1371,26,1
1371,41,1
1371,177,1
1372,38,1
1372,187,1
1373,98,1
1373,199,1
1374,199,1
1375,11,1
1375,12,1
1375,75,1
1375,212,1
1376,4,1
1376,43,1
1376,72,1
1376,73,1
1376,182,1
1377,4,1
1377,43,1
1377,72,1
1377,73,1
1378,23,1
1378,105,1
1378,106,1
1379,23,1
1379,105,1
1379,106,1
1380,37,1
1380,38,1
1380,187,1
1381,37,1
1381,38,1
1382,38,1
1382,187,1
1383,4,1
1383,16,1
1383,17,1
1383,20,1
1383,26,1
1383,41,1
1383,43,1
1383,72,1
1383,73,1
1383,75,1
1383,177,1
1383,208,1
1383,209,1
1384,70,1
1384,77,1
1385,98,1
1385,199,1
1386,98,1
1386,199,1
1387,23,1
1387,32,1
1387,76,1
1387,105,1
1388,23,1
1388,105,1
1388,106,1
1389,11,1
1389,16,1
1389,26,1
1389,186,1
1389,208,1
1390,16,1
1390,23,1
1390,26,1
1390,75,1
1390,186,1
1390,208,1
1391,11,1
1391,31,1
1391,32,1
1391,76,1
1392,11,1
1392,31,1
1392,32,1
1392,76,1
1393,13,1
1393,32,1
1393,203,1
1393,207,1
1394,170,1
1395,106,1
1396,0,1
1396,73,1
1396,113,1
1397,73,1
1398,122,1
1399,5,1
1399,34,1
1399,38,1
1399,44,1
1399,48,1
1399,50,1
1399,52,1
1399,70,1
1399,71,1
1399,87,1
1399,91,1
1399,119,1
1399,129,1
1399,130,1
1399,153,1
1400,73,1
1401,21,1
1401,51,1
1401,57,1
1401,73,1
1401,106,1
1401,111,1
1402,54,1
1402,91,1
1402,105,1
1402,130,1
1402,160,1
1403,73,1
1404,51,1
1404,54,1
1404,160,1
1405,73,1
1406,130,1
1407,73,1
1407,160,1
1408,13,1
1408,32,1
1408,203,1
1408,207,1
1409,5,1
1409,6,1
1409,24,1
1409,35,1
1409,37,1
1409,38,1
1409,41,1
1409,44,1
1409,48,1
1409,70,1
1409,71,1
1409,81,1
1409,91,1
1409,99,1
1409,117,1
1409,119,1
1409,129,1
1409,130,1
1409,145,1
1409,153,1
1409,160,1
1410,13,1
1410,32,1
1410,120,1
1410,203,1
1410,207,1
1411,14,1
1411,32,1
1411,46,1
1411,91,1
1411,100,1
1411,101,1
1411,121,1
1411,165,1
1411,187,1
1411,188,1
1411,189,1
1411,195,1
1411,203,1
1411,207,1
1412,5,1
1412,14,1
1412,32,1
1412,46,1
1412,91,1
1412,100,1
1412,101,1
1412,120,1
1412,121,1
1412,165,1
1412,187,1
1412,188,1
1412,189,1
1412,195,1
1412,203,1
1412,207,1
1413,5,1
1413,13,1
1413,14,1
1413,32,1
1413,46,1
1413,70,1
1413,77,1
1413,91,1
1413,100,1
1413,101,1
1413,110,1
1413,120,1
1413,121,1
1413,127,1
1413,165,1
1413,187,1
1413,188,1
1413,189,1
1413,195,1
1413,203,1
1413,207,1
1414,16,1
1414,26,1
1414,28,1
1414,32,1
1414,71,1
1414,76,1
1414,83,1
1414,86,1
1414,212,1
1414,213,1
1414,214,1
1414,215,1
1414,216,1
1414,217,1
1415,16,1
1415,28,1
1415,32,1
1415,71,1
1415,76,1
1415,83,1
1415,86,1
1415,185,1
1415,212,1
1415,213,1
1415,214,1
1415,215,1
1415,216,1
1415,217,1
1416,16,1
1416,26,1
1416,28,1
1416,32,1
1416,71,1
1416,76,1
1416,83,1
1416,86,1
1416,212,1
1416,213,1
1416,214,1
1416,215,1
1416,216,1
1416,217,1
1417,16,1
1417,26,1
1417,28,1
1417,32,1
1417,71,1
1417,76,1
1417,185,1
1417,212,1
1418,16,1
1418,32,1
1418,71,1
1418,76,1
1419,71,1
1420,16,1
1420,26,1
1420,28,1
1420,31,1
1420,32,1
1420,71,1
1420,76,1
1420,83,1
1420,86,1
1420,212,1
1420,213,1
1420,214,1
1420,215,1
1420,216,1
1420,217,1
1421,16,1
1421,26,1
1421,28,1
1421,32,1
1421,71,1
1421,76,1
1421,83,1
1421,86,1
1421,185,1
1421,212,1
1421,213,1
1421,214,1
1421,215,1
1421,216,1
1421,217,1
1422,37,1
1422,38,1
1422,52,1
1422,117,1
1422,130,1
1422,140,1
1422,141,1
1422,144,1
1422,154,1
1422,194,1
1423,52,1
1423,119,1
1423,140,1
1423,141,1
1423,194,1
1424,52,1
1425,10,1
1425,31,1
1425,35,1
1425,45,1
1425,71,1
1425,81,1
1425,132,1
1425,133,1
1425,134,1
1425,135,1
1425,170,1
1425,185,1
1425,198,1
1426,24,1
1426,32,1
1426,59,1
1427,24,1
1428,105,1
1428,106,1
1429,38,1
1429,70,1
1429,71,1
1430,34,1
1430,38,1
1430,70,1
1430,71,1
1430,131,1
1431,16,1
1431,23,1
1431,26,1
1431,75,1
1431,106,1
1431,177,1
1432,38,1
1432,70,1
1432,71,1
1432,184,1
1433,16,1
1433,59,1
1433,75,1
1433,159,1
1434,59,1
1435,59,1
1436,6,1
1436,13,1
1436,16,1
1436,21,1
1436,41,1
1436,70,1
1436,109,1
1436,123,1
1437,16,1
1437,19,1
1437,21,1
1437,22,1
1437,48,1
1437,50,1
1437,67,1
1437,114,1
1437,130,1
1438,19,1
1438,22,1
1438,32,1
1438,50,1
1438,57,1
1438,67,1
1438,109,1
1439,1,1
1439,6,1
1439,7,1
1439,8,1
1439,21,1
1439,25,1
1439,45,1
1439,50,1
1439,52,1
1439,76,1
1439,87,1
1439,90,1
1439,94,1
1439,95,1
1439,104,1
1439,111,1
1439,115,1
1439,117,1
1439,120,1
1439,121,1
1439,126,1
1439,127,1
1439,128,1
1439,132,1
1439,140,1
1439,145,1
1439,157,1
1439,160,1
1439,170,1
1439,171,1
1439,172,1
1439,173,1
1439,174,1
1439,177,1
1439,179,1
1440,71,1
1440,119,1
1440,130,1
1440,140,1
1441,32,1
1441,50,1
1441,59,1
1441,67,1
1442,7,1
1442,8,1
1442,50,1
1442,51,1
1442,71,1
1442,87,1
1442,90,1
1442,115,1
1442,128,1
1443,19,1
1443,21,1
1443,32,1
1443,50,1
1443,57,1
1443,67,1
1443,76,1
1444,16,1
1444,21,1
1444,22,1
1444,48,1
1444,50,1
1444,57,1
1444,67,1
1444,114,1
1445,19,1
1445,21,1
1445,22,1
1445,32,1
1445,50,1
1445,67,1
1445,76,1
1446,6,1
1446,8,1
1446,9,1
1446,16,1
1446,17,1
1446,19,1
1446,21,1
1446,22,1
1446,25,1
1446,32,1
1446,34,1
1446,38,1
1446,45,1
1446,48,1
1446,50,1
1446,51,1
1446,52,1
1446,57,1
1446,59,1
1446,67,1
1446,75,1
1446,76,1
1446,81,1
1446,86,1
1446,90,1
1446,91,1
1446,94,1
1446,99,1
1446,109,1
1446,113,1
1446,114,1
1446,125,1
1446,130,1
1446,132,1
1446,157,1
1447,16,1
1447,21,1
1447,22,1
1447,32,1
1447,50,1
1447,67,1
1447,76,1
1448,23,1
1448,130,1
1448,157,1
1448,160,1
1449,16,1
1449,17,1
1449,32,1
1450,8,1
1450,16,1
1450,17,1
1450,19,1
1450,21,1
1450,22,1
1450,25,1
1450,32,1
1450,50,1
1450,57,1
1450,67,1
1450,76,1
1450,125,1
1451,130,1
1451,160,1
1452,46,1
1452,71,1
1452,121,1
1452,187,1
1452,188,1
1452,189,1
1453,6,1
1453,13,1
1453,16,1
1453,21,1
1453,25,1
1453,26,1
1453,31,1
1453,45,1
1453,47,1
1453,54,1
1453,71,1
1453,73,1
1453,75,1
1453,94,1
1453,110,1
1453,132,1
1453,147,1
1453,203,1
1453,209,1
1454,11,1
1454,12,1
1454,23,1
1454,26,1
1454,32,1
1454,53,1
1454,73,1
1455,16,1
1455,73,1
1455,159,1
1456,11,1
1456,23,1
1456,25,1
1456,26,1
1456,32,1
1456,75,1
1456,159,1
1456,190,1
1457,16,1
1457,17,1
1457,19,1
1457,20,1
1457,26,1
1457,32,1
1457,73,1
1457,75,1
1458,73,1
1459,6,1
1459,13,1
1459,16,1
1459,20,1
1459,133,1
1459,159,1
1459,190,1
1459,209,1
1460,6,1
1460,16,1
1460,25,1
1460,26,1
1460,32,1
1460,34,1
1460,73,1
1460,93,1
1460,94,1
1460,159,1
1461,24,1
1461,38,1
1462,7,1
1463,16,1
1463,20,1
1463,23,1
1463,24,1
1463,25,1
1463,26,1
1463,32,1
1463,38,1
1463,59,1
1463,73,1
1463,75,1
1463,81,1
1463,85,1
1463,97,1
1463,105,1
1463,106,1
1463,109,1
1463,114,1
1463,150,1
1463,158,1
1463,188,1
1464,16,1
1464,20,1
1464,23,1
1464,26,1
1464,34,1
1464,41,1
1464,94,1
1464,159,1
1464,200,1
1465,24,1
1465,65,1
1465,152,1
1466,14,1
1466,24,1
1466,38,1
1466,46,1
1466,81,1
1466,85,1
1466,91,1
1466,100,1
1466,101,1
1466,121,1
1466,158,1
1466,165,1
1466,187,1
1466,188,1
1466,189,1
1466,195,1
1467,23,1
1467,71,1
1467,105,1
1467,106,1
1468,23,1
1468,71,1
1468,105,1
1468,106,1
1469,93,1
1470,14,1
1470,46,1
1470,91,1
1470,93,1
1470,100,1
1470,101,1
1470,121,1
1470,165,1
1470,187,1
1470,188,1
1470,189,1
1470,195,1
1471,70,1
1472,11,1
1472,14,1
1472,26,1
1472,46,1
1472,91,1
1472,100,1
1472,101,1
1472,121,1
1472,165,1
1472,187,1
1472,188,1
1472,189,1
1472,195,1
1473,14,1
1473,46,1
1473,91,1
1473,99,1
1473,100,1
1473,101,1
1473,121,1
1473,165,1
1473,187,1
1473,188,1
1473,189,1
1473,195,1
1473,196,1
1473,197,1
1474,14,1
1474,46,1
1474,91,1
1474,100,1
1474,101,1
1474,121,1
1474,165,1
1474,187,1
1474,188,1
1474,189,1
1474,195,1
1475,14,1
1475,46,1
1475,91,1
1475,100,1
1475,101,1
1475,121,1
1475,165,1
1475,187,1
1475,188,1
1475,189,1
1475,195,1
1476,14,1
1476,46,1
1476,91,1
1476,100,1
1476,101,1
1476,121,1
1476,165,1
1476,187,1
1476,188,1
1476,189,1
1476,195,1
1477,14,1
1477,46,1
1477,91,1
1477,100,1
1477,101,1
1477,121,1
1477,165,1
1477,187,1
1477,188,1
1477,189,1
1477,195,1
1478,11,1
1478,14,1
1478,46,1
1478,91,1
1478,99,1
1478,100,1
1478,101,1
1478,121,1
1478,165,1
1478,187,1
1478,188,1
1478,189,1
1478,195,1
1478,196,1
1478,197,1
1479,14,1
1479,46,1
1479,91,1
1479,100,1
1479,101,1
1479,121,1
1479,165,1
1479,187,1
1479,188,1
1479,189,1
1479,195,1
1480,14,1
1480,46,1
1480,91,1
1480,100,1
1480,101,1
1480,121,1
1480,165,1
1480,187,1
1480,188,1
1480,189,1
1480,195,1
1481,14,1
1481,46,1
1481,91,1
1481,100,1
1481,101,1
1481,121,1
1481,165,1
1481,187,1
1481,188,1
1481,189,1
1481,195,1
1482,14,1
1482,46,1
1482,91,1
1482,100,1
1482,101,1
1482,121,1
1482,165,1
1482,187,1
1482,188,1
1482,189,1
1482,195,1
1483,14,1
1483,46,1
1483,91,1
1483,100,1
1483,101,1
1483,121,1
1483,165,1
1483,187,1
1483,188,1
1483,189,1
1483,195,1
1484,11,1
1484,14,1
1484,46,1
1484,91,1
1484,99,1
1484,100,1
1484,101,1
1484,121,1
1484,165,1
1484,187,1
1484,188,1
1484,189,1
1484,195,1
1484,196,1
1484,197,1
1485,14,1
1485,46,1
1485,91,1
1485,100,1
1485,101,1
1485,121,1
1485,165,1
1485,187,1
1485,188,1
1485,189,1
1485,195,1
1486,18,1
1486,70,1
1486,77,1
1486,78,1
1487,14,1
1487,46,1
1487,91,1
1487,100,1
1487,101,1
1487,121,1
1487,165,1
1487,187,1
1487,188,1
1487,189,1
1487,195,1
1488,14,1
1488,46,1
1488,91,1
1488,100,1
1488,101,1
1488,121,1
1488,165,1
1488,187,1
1488,188,1
1488,189,1
1488,195,1
1489,18,1
1489,70,1
1489,77,1
1490,14,1
1490,46,1
1490,91,1
1490,100,1
1490,101,1
1490,121,1
1490,165,1
1490,187,1
1490,188,1
1490,189,1
1490,195,1
1491,14,1
1491,46,1
1491,91,1
1491,100,1
1491,101,1
1491,121,1
1491,165,1
1491,187,1
1491,188,1
1491,189,1
1491,195,1
1492,14,1
1492,46,1
1492,91,1
1492,100,1
1492,101,1
1492,121,1
1492,165,1
1492,187,1
1492,188,1
1492,189,1
1492,195,1
1493,14,1
1493,46,1
1493,91,1
1493,100,1
1493,101,1
1493,121,1
1493,165,1
1493,187,1
1493,188,1
1493,189,1
1493,195,1
1494,41,1
1494,77,1
1494,164,1
1494,166,1
1494,167,1
1494,174,1
1494,203,1
1494,207,1
1495,21,1
1495,60,1
1495,71,1
1495,81,1
1495,91,1
1495,106,1
1495,107,1
1495,117,1
1495,194,1
1495,195,1
1496,14,1
1496,46,1
1496,91,1
1496,99,1
1496,100,1
1496,101,1
1496,121,1
1496,165,1
1496,187,1
1496,188,1
1496,189,1
1496,195,1
1496,196,1
1496,197,1
1497,14,1
1497,38,1
1497,46,1
1497,91,1
1497,100,1
1497,101,1
1497,121,1
1497,165,1
1497,187,1
1497,188,1
1497,189,1
1497,195,1
1498,14,1
1498,46,1
1498,91,1
1498,100,1
1498,101,1
1498,121,1
1498,165,1
1498,187,1
1498,188,1
1498,189,1
1498,195,1
1499,14,1
1499,24,1
1499,46,1
1499,91,1
1499,100,1
1499,101,1
1499,121,1
1499,165,1
1499,187,1
1499,188,1
1499,195,1
1500,70,1
1500,77,1
1500,164,1
1500,166,1
1500,167,1
1500,174,1
1501,11,1
1502,18,1
1502,70,1
1503,105,1
1503,106,1
1504,14,1
1504,46,1
1504,91,1
1504,100,1
1504,101,1
1504,121,1
1504,165,1
1504,187,1
1504,188,1
1504,189,1
1504,195,1
1505,12,1
1505,14,1
1505,46,1
1505,91,1
1505,99,1
1505,100,1
1505,101,1
1505,121,1
1505,165,1
1505,187,1
1505,188,1
1505,189,1
1505,195,1
1505,196,1
1505,197,1
1506,25,1
1506,107,1
1506,108,1
1506,109,1
1507,25,1
1507,26,1
1507,107,1
1507,108,1
1507,109,1
1508,14,1
1508,46,1
1508,91,1
1508,100,1
1508,101,1
1508,121,1
1508,165,1
1508,187,1
1508,188,1
1508,189,1
1508,195,1
1509,14,1
1509,46,1
1509,91,1
1509,100,1
1509,101,1
1509,121,1
1509,165,1
1509,187,1
1509,188,1
1509,189,1
1509,195,1
1510,93,1
1511,18,1
1511,70,1
1511,77,1
1512,105,1
1512,106,1
1513,14,1
1513,46,1
1513,91,1
1513,100,1
1513,101,1
1513,121,1
1513,165,1
1513,187,1
1513,188,1
1513,189,1
1513,195,1
1514,14,1
1514,46,1
1514,91,1
1514,100,1
1514,101,1
1514,121,1
1514,165,1
1514,187,1
1514,188,1
1514,189,1
1514,195,1
1515,14,1
1515,46,1
1515,91,1
1515,99,1
1515,100,1
1515,101,1
1515,121,1
1515,165,1
1515,187,1
1515,188,1
1515,189,1
1515,195,1
1515,196,1
1515,197,1
1516,14,1
1516,46,1
1516,91,1
1516,99,1
1516,100,1
1516,101,1
1516,121,1
1516,165,1
1516,187,1
1516,188,1
1516,189,1
1516,195,1
1516,196,1
1516,197,1
1517,11,1
1517,14,1
1517,46,1
1517,91,1
1517,99,1
1517,100,1
1517,101,1
1517,121,1
1517,165,1
1517,187,1
1517,188,1
1517,189,1
1517,195,1
1517,196,1
1517,197,1
1518,14,1
1518,46,1
1518,91,1
1518,99,1
1518,100,1
1518,101,1
1518,121,1
1518,165,1
1518,187,1
1518,188,1
1518,189,1
1518,195,1
1518,196,1
1518,197,1
1519,14,1
1519,26,1
1519,46,1
1519,91,1
1519,100,1
1519,101,1
1519,121,1
1519,165,1
1519,187,1
1519,188,1
1519,189,1
1519,195,1
1520,14,1
1520,46,1
1520,91,1
1520,100,1
1520,101,1
1520,121,1
1520,165,1
1520,187,1
1520,188,1
1520,189,1
1520,195,1
1521,14,1
1521,46,1
1521,91,1
1521,100,1
1521,101,1
1521,121,1
1521,165,1
1521,187,1
1521,188,1
1521,189,1
1521,195,1
1522,11,1
1522,14,1
1522,26,1
1522,46,1
1522,91,1
1522,99,1
1522,100,1
1522,101,1
1522,121,1
1522,165,1
1522,187,1
1522,188,1
1522,189,1
1522,195,1
1522,196,1
1522,197,1
1523,11,1
1523,14,1
1523,26,1
1523,46,1
1523,91,1
1523,99,1
1523,100,1
1523,101,1
1523,121,1
1523,165,1
1523,187,1
1523,188,1
1523,189,1
1523,195,1
1523,196,1
1523,197,1
1524,14,1
1524,46,1
1524,91,1
1524,100,1
1524,101,1
1524,121,1
1524,165,1
1524,187,1
1524,188,1
1524,189,1
1524,195,1
1525,14,1
1525,46,1
1525,91,1
1525,99,1
1525,100,1
1525,101,1
1525,121,1
1525,165,1
1525,187,1
1525,188,1
1525,189,1
1525,195,1
1525,196,1
1525,197,1
1526,14,1
1526,46,1
1526,91,1
1526,100,1
1526,101,1
1526,121,1
1526,165,1
1526,187,1
1526,188,1
1526,189,1
1526,195,1
1527,11,1
1527,14,1
1527,46,1
1527,91,1
1527,99,1
1527,100,1
1527,101,1
1527,121,1
1527,165,1
1527,187,1
1527,188,1
1527,189,1
1527,195,1
1527,196,1
1527,197,1
1528,14,1
1528,46,1
1528,91,1
1528,100,1
1528,101,1
1528,121,1
1528,165,1
1528,187,1
1528,188,1
1528,189,1
1528,195,1
1529,14,1
1529,46,1
1529,91,1
1529,99,1
1529,100,1
1529,101,1
1529,121,1
1529,165,1
1529,187,1
1529,188,1
1529,189,1
1529,195,1
1529,196,1
1529,197,1
1530,14,1
1530,46,1
1530,91,1
1530,100,1
1530,101,1
1530,121,1
1530,165,1
1530,187,1
1530,188,1
1530,189,1
1530,195,1
1531,11,1
1531,14,1
1531,46,1
1531,91,1
1531,99,1
1531,100,1
1531,101,1
1531,121,1
1531,165,1
1531,187,1
1531,188,1
1531,189,1
1531,195,1
1531,196,1
1531,197,1
1532,14,1
1532,46,1
1532,91,1
1532,100,1
1532,101,1
1532,121,1
1532,165,1
1532,187,1
1532,188,1
1532,189,1
1532,195,1
1533,14,1
1533,46,1
1533,91,1
1533,100,1
1533,101,1
1533,121,1
1533,165,1
1533,187,1
1533,188,1
1533,189,1
1533,195,1
1534,14,1
1534,46,1
1534,91,1
1534,100,1
1534,101,1
1534,121,1
1534,165,1
1534,187,1
1534,188,1
1534,189,1
1534,195,1
1535,14,1
1535,46,1
1535,91,1
1535,100,1
1535,101,1
1535,121,1
1535,165,1
1535,187,1
1535,188,1
1535,189,1
1535,195,1
1536,14,1
1536,46,1
1536,91,1
1536,100,1
1536,101,1
1536,121,1
1536,165,1
1536,187,1
1536,188,1
1536,189,1
1536,195,1
1537,14,1
1537,46,1
1537,91,1
1537,100,1
1537,101,1
1537,121,1
1537,165,1
1537,187,1
1537,188,1
1537,189,1
1537,195,1
1538,14,1
1538,46,1
1538,91,1
1538,100,1
1538,101,1
1538,121,1
1538,165,1
1538,187,1
1538,188,1
1538,189,1
1538,195,1
1539,14,1
1539,46,1
1539,91,1
1539,100,1
1539,101,1
1539,121,1
1539,165,1
1539,187,1
1539,188,1
1539,189,1
1539,195,1
1540,14,1
1540,46,1
1540,91,1
1540,100,1
1540,101,1
1540,121,1
1540,165,1
1540,187,1
1540,188,1
1540,189,1
1540,195,1
1541,14,1
1541,46,1
1541,91,1
1541,99,1
1541,100,1
1541,101,1
1541,121,1
1541,165,1
1541,187,1
1541,188,1
1541,189,1
1541,195,1
1541,196,1
1541,197,1
1542,70,1
1543,99,1
1543,196,1
1543,197,1
1544,14,1
1544,46,1
1544,91,1
1544,100,1
1544,121,1
1544,187,1
1544,188,1
1544,189,1
1544,195,1
1545,14,1
1545,46,1
1545,91,1
1545,100,1
1545,101,1
1545,121,1
1545,165,1
1545,187,1
1545,188,1
1545,189,1
1545,195,1
1546,14,1
1546,46,1
1546,91,1
1546,100,1
1546,101,1
1546,121,1
1546,165,1
1546,187,1
1546,188,1
1546,189,1
1546,195,1
1547,14,1
1547,46,1
1547,91,1
1547,99,1
1547,100,1
1547,101,1
1547,121,1
1547,165,1
1547,187,1
1547,188,1
1547,189,1
1547,195,1
1547,196,1
1547,197,1
1548,11,1
1548,14,1
1548,46,1
1548,91,1
1548,100,1
1548,101,1
1548,121,1
1548,165,1
1548,187,1
1548,188,1
1548,189,1
1548,195,1
1549,14,1
1549,46,1
1549,91,1
1549,100,1
1549,101,1
1549,121,1
1549,165,1
1549,187,1
1549,188,1
1549,189,1
1549,195,1
1550,14,1
1550,46,1
1550,91,1
1550,99,1
1550,100,1
1550,101,1
1550,121,1
1550,165,1
1550,187,1
1550,188,1
1550,189,1
1550,195,1
1550,196,1
1550,197,1
1551,14,1
1551,46,1
1551,91,1
1551,100,1
1551,101,1
1551,121,1
1551,165,1
1551,187,1
1551,188,1
1551,189,1
1551,195,1
1552,14,1
1552,46,1
1552,91,1
1552,100,1
1552,101,1
1552,121,1
1552,165,1
1552,187,1
1552,188,1
1552,189,1
1552,195,1
1553,11,1
1553,25,1
1553,26,1
1553,107,1
1553,108,1
1553,109,1
1554,16,1
1554,17,1
1554,20,1
1554,26,1
1555,14,1
1555,46,1
1555,91,1
1555,100,1
1555,101,1
1555,121,1
1555,165,1
1555,187,1
1555,188,1
1555,189,1
1555,195,1
1556,14,1
1556,46,1
1556,91,1
1556,100,1
1556,101,1
1556,121,1
1556,165,1
1556,187,1
1556,188,1
1556,189,1
1556,195,1
1557,23,1
1557,105,1
1557,106,1
1558,25,1
1558,107,1
1558,108,1
1558,109,1
1559,25,1
1560,11,1
1560,25,1
1560,26,1
1560,107,1
1560,108,1
1560,109,1
1561,11,1
1561,25,1
1561,26,1
1561,107,1
1561,108,1
1561,109,1
1562,14,1
1562,46,1
1562,91,1
1562,99,1
1562,100,1
1562,101,1
1562,121,1
1562,165,1
1562,173,1
1562,187,1
1562,188,1
1562,189,1
1562,195,1
1562,196,1
1562,197,1
1563,11,1
1564,105,1
1564,106,1
1565,16,1
1565,26,1
1565,32,1
1565,159,1
1566,14,1
1566,46,1
1566,91,1
1566,100,1
1566,101,1
1566,121,1
1566,165,1
1566,187,1
1566,188,1
1566,189,1
1566,195,1
1567,105,1
1567,106,1
1568,14,1
1568,46,1
1568,91,1
1568,100,1
1568,101,1
1568,121,1
1568,165,1
1568,187,1
1568,188,1
1568,189,1
1568,195,1
1569,14,1
1569,46,1
1569,91,1
1569,100,1
1569,101,1
1569,121,1
1569,165,1
1569,187,1
1569,188,1
1569,189,1
1569,195,1
1570,14,1
1570,46,1
1570,91,1
1570,100,1
1570,101,1
1570,121,1
1570,165,1
1570,187,1
1570,188,1
1570,189,1
1570,195,1
1571,21,1
1571,52,1
1572,203,1
1573,32,1
1574,32,1
1575,32,1
1576,9,1
1576,18,1
1576,26,1
1576,44,1
1576,70,1
1576,77,1
1577,28,1
1577,31,1
1577,32,1
1577,76,1
1577,159,1
1577,190,1
1578,16,1
1578,17,1
1578,26,1
1578,32,1
1578,48,1
1578,75,1
1578,106,1
1578,177,1
1579,26,1
1580,16,1
1580,17,1
1580,26,1
1580,75,1
1580,105,1
1580,106,1
1581,0,1
1582,0,1
1582,35,1
1583,26,1
1583,177,1
1583,184,1
1584,19,1
1584,23,1
1584,31,1
1584,32,1
1584,76,1
1584,105,1
1585,114,1
1586,25,1
1587,114,1
1587,122,1
1588,16,1
1588,20,1
1588,23,1
1588,26,1
1588,32,1
1588,41,1
1588,71,1
1588,75,1
1588,89,1
1588,105,1
1588,109,1
1588,114,1
1588,159,1
1589,11,1
1589,16,1
1589,17,1
1589,20,1
1589,26,1
1589,33,1
1589,39,1
1589,53,1
1589,75,1
1589,94,1
1589,211,1
1590,17,1
1590,20,1
1590,26,1
1590,75,1
1591,16,1
1591,17,1
1591,19,1
1591,20,1
1591,23,1
1591,31,1
1591,32,1
1591,39,1
1591,71,1
1591,75,1
1591,76,1
1592,16,1
1592,17,1
1592,19,1
1592,20,1
1592,23,1
1592,26,1
1592,31,1
1592,32,1
1592,39,1
1592,71,1
1592,75,1
1592,76,1
1593,16,1
1593,17,1
1593,19,1
1593,20,1
1593,23,1
1593,26,1
1593,31,1
1593,32,1
1593,39,1
1593,71,1
1593,75,1
1593,76,1
1594,17,1
1594,19,1
1594,23,1
1594,31,1
1594,32,1
1594,71,1
1594,75,1
1594,76,1
1595,16,1
1595,17,1
1595,19,1
1595,20,1
1595,23,1
1595,26,1
1595,31,1
1595,32,1
1595,39,1
1595,71,1
1595,75,1
1595,76,1
1596,16,1
1596,17,1
1596,19,1
1596,20,1
1596,23,1
1596,31,1
1596,32,1
1596,39,1
1596,71,1
1596,75,1
1596,76,1
1597,16,1
1597,17,1
1597,19,1
1597,20,1
1597,23,1
1597,26,1
1597,31,1
1597,32,1
1597,39,1
1597,71,1
1597,75,1
1597,76,1
1598,17,1
1598,19,1
1598,20,1
1598,23,1
1598,26,1
1598,31,1
1598,32,1
1598,39,1
1598,71,1
1598,75,1
1598,76,1
1599,16,1
1599,17,1
1599,19,1
1599,20,1
1599,23,1
1599,31,1
1599,32,1
1599,39,1
1599,71,1
1599,75,1
1599,76,1
1600,16,1
1600,17,1
1600,19,1
1600,20,1
1600,23,1
1600,26,1
1600,31,1
1600,32,1
1600,71,1
1600,75,1
1600,76,1
1601,16,1
1601,17,1
1601,19,1
1601,20,1
1601,23,1
1601,26,1
1601,31,1
1601,32,1
1601,39,1
1601,71,1
1601,75,1
1601,76,1
1602,16,1
1602,19,1
1602,75,1
1602,105,1
1603,21,1
1603,114,1
1604,0,1
1604,11,1
1604,12,1
1605,19,1
1605,159,1
1606,17,1
1606,35,1
1606,36,1
1606,75,1
1606,195,1
1607,16,1
1607,17,1
1607,19,1
1607,20,1
1607,23,1
1607,26,1
1607,31,1
1607,32,1
1607,39,1
1607,71,1
1607,75,1
1607,76,1
1608,16,1
1608,17,1
1608,19,1
1608,20,1
1608,23,1
1608,26,1
1608,31,1
1608,32,1
1608,39,1
1608,71,1
1608,75,1
1608,76,1
1609,16,1
1609,17,1
1609,19,1
1609,20,1
1609,23,1
1609,26,1
1609,31,1
1609,32,1
1609,39,1
1609,71,1
1609,75,1
1609,76,1
1610,19,1
1610,23,1
1610,31,1
1610,32,1
1610,76,1
1610,105,1
1611,16,1
1611,17,1
1611,19,1
1611,20,1
1611,23,1
1611,26,1
1611,31,1
1611,32,1
1611,39,1
1611,71,1
1611,75,1
1611,76,1
1612,16,1
1612,17,1
1612,19,1
1612,20,1
1612,23,1
1612,26,1
1612,31,1
1612,32,1
1612,39,1
1612,71,1
1612,75,1
1612,76,1
1613,16,1
1613,17,1
1613,19,1
1613,20,1
1613,23,1
1613,26,1
1613,31,1
1613,32,1
1613,39,1
1613,71,1
1613,75,1
1613,76,1
1614,16,1
1614,17,1
1614,19,1
1614,20,1
1614,23,1
1614,31,1
1614,32,1
1614,39,1
1614,71,1
1614,75,1
1614,76,1
1615,19,1
1615,23,1
1615,71,1
1616,16,1
1616,17,1
1616,19,1
1616,20,1
1616,23,1
1616,26,1
1616,31,1
1616,32,1
1616,39,1
1616,71,1
1616,75,1
1616,76,1
1617,11,1
1617,16,1
1617,17,1
1617,20,1
1617,25,1
1617,26,1
1617,32,1
1617,75,1
1617,98,1
1617,105,1
1617,159,1
1617,182,1
1617,186,1
1617,190,1
1617,208,1
1618,11,1
1619,19,1
1619,23,1
1619,26,1
1619,31,1
1619,75,1
1619,76,1
1619,106,1
1619,182,1
1619,190,1
1620,11,1
1620,12,1
1620,16,1
1620,21,1
1620,26,1
1620,32,1
1620,53,1
1620,75,1
1621,11,1
1621,12,1
1621,16,1
1621,21,1
1621,26,1
1621,53,1
1621,75,1
1622,23,1
1622,31,1
1622,32,1
1622,76,1
1622,105,1
1623,23,1
1623,32,1
1623,76,1
1624,14,1
1624,18,1
1624,38,1
1624,46,1
1624,164,1
1624,166,1
1624,167,1
1624,174,1
1624,187,1
1624,188,1
1624,189,1
1625,23,1
1625,71,1
1625,105,1
1626,31,1
1626,32,1
1626,37,1
1626,38,1
1626,76,1
1626,105,1
1626,106,1
1626,107,1
1627,32,1
1628,32,1
1628,37,1
1628,38,1
1628,107,1
1629,25,1
1629,31,1
1629,32,1
1629,76,1
1629,107,1
1629,108,1
1629,109,1
1630,32,1
1631,18,1
1631,44,1
1631,70,1
1631,77,1
1631,78,1
1631,102,1
1631,118,1
1632,25,1
1632,31,1
1632,32,1
1632,76,1
1632,107,1
1632,108,1
1632,109,1
1633,25,1
1633,31,1
1633,32,1
1633,76,1
1634,25,1
1634,31,1
1634,32,1
1634,76,1
1634,107,1
1634,108,1
1634,109,1
1635,11,1
1635,23,1
1635,25,1
1635,26,1
1635,31,1
1635,32,1
1635,71,1
1635,76,1
1635,81,1
1635,105,1
1635,106,1
1636,23,1
1636,31,1
1636,32,1
1636,76,1
1637,23,1
1637,30,1
1637,66,1
1637,97,1
1637,99,1
1637,188,1
1637,196,1
1637,197,1
1637,218,1
1638,23,1
1638,32,1
1638,76,1
1639,18,1
1639,38,1
1639,44,1
1639,70,1
1639,102,1
1640,199,1
1641,19,1
1641,23,1
1641,26,1
1641,32,1
1642,0,1
1642,1,1
1643,0,1
1643,1,1
1644,11,1
1644,199,1
1645,18,1
1645,32,1
1645,37,1
1645,38,1
1645,70,1
1646,18,1
1646,70,1
1646,77,1
1647,18,1
1647,32,1
1647,36,1
1647,37,1
1647,38,1
1647,70,1
1647,77,1
1647,107,1
1647,137,1
1647,138,1
1647,145,1
1647,219,1
1648,18,1
1648,32,1
1648,37,1
1648,38,1
1648,70,1
1648,77,1
1648,107,1
1649,16,1
1649,25,1
1649,31,1
1649,32,1
1649,76,1
1649,107,1
1649,108,1
1649,109,1
1650,25,1
1650,31,1
1650,32,1
1650,76,1
1651,19,1
1651,23,1
1651,31,1
1651,32,1
1651,71,1
1651,76,1
1651,105,1
1651,106,1
1651,159,1
1652,199,1
1653,199,1
1654,16,1
1654,22,1
1654,32,1
1654,45,1
1654,47,1
1655,11,1
1655,15,1
1655,22,1
1655,26,1
1655,45,1
1655,70,1
1655,190,1
1656,73,1
1657,46,1
1657,121,1
1658,24,1
1658,65,1
1658,146,1
1658,204,1
1659,24,1
1659,71,1
1660,19,1
1660,21,1
1660,23,1
1660,31,1
1660,32,1
1660,33,1
1660,76,1
1660,105,1
1660,106,1
1661,24,1
1661,30,1
1661,51,1
1661,66,1
1661,97,1
1661,188,1
1662,70,1
1662,123,1
1663,14,1
1663,46,1
1663,100,1
1663,121,1
1663,187,1
1663,188,1
1663,189,1
1664,18,1
1664,37,1
1664,44,1
1664,99,1
1664,102,1
1664,196,1
1664,197,1
1665,16,1
1665,21,1
1665,32,1
1665,73,1
1665,182,1
1666,21,1
1666,23,1
1666,182,1
1667,21,1
1667,23,1
1667,32,1
1667,73,1
1667,182,1
1667,200,1
1668,18,1
1668,44,1
1668,70,1
1668,102,1
1669,59,1
1669,114,1
1670,23,1
1670,59,1
1670,74,1
1670,120,1
1670,135,1
1671,14,1
1671,30,1
1671,66,1
1671,97,1
1671,99,1
1671,196,1
1671,197,1
1672,14,1
1672,18,1
1672,26,1
1672,30,1
1672,66,1
1672,97,1
1672,99,1
1672,146,1
1672,196,1
1672,197,1
1672,204,1
1672,205,1
1673,18,1
1673,44,1
1673,70,1
1674,100,1
1674,187,1
1675,100,1
1675,187,1
1676,46,1
1676,100,1
1676,187,1
1676,188,1
1676,189,1
1677,18,1
1677,70,1
1677,77,1
1677,203,1
1677,207,1
1678,38,1
1679,38,1
1679,70,1
1679,121,1
1679,187,1
1679,188,1
1680,38,1
1681,38,1
1681,121,1
1681,187,1
1681,188,1
1682,14,1
1682,18,1
1682,30,1
1682,66,1
1682,97,1
1682,99,1
1682,196,1
1682,197,1
1683,14,1
1683,46,1
1683,100,1
1683,187,1
1683,188,1
1683,189,1
1684,14,1
1684,46,1
1684,100,1
1684,187,1
1684,188,1
1684,189,1
1685,14,1
1685,46,1
1685,100,1
1685,187,1
1685,188,1
1685,189,1
1686,14,1
1686,46,1
1686,100,1
1686,187,1
1686,188,1
1686,189,1
1687,46,1
1687,100,1
1687,187,1
1687,188,1
1688,14,1
1688,24,1
1688,38,1
1688,46,1
1688,77,1
1688,100,1
1688,121,1
1688,188,1
1688,189,1
1689,73,1
1690,46,1
1690,121,1
1691,23,1
1691,32,1
1691,76,1
1691,105,1
1691,106,1
1691,200,1
1692,32,1
1692,37,1
1692,38,1
1692,107,1
1693,32,1
1693,37,1
1693,38,1
1693,107,1
1694,32,1
1694,71,1
1694,106,1
1695,73,1
1695,106,1
1696,19,1
1696,23,1
1696,31,1
1696,32,1
1696,71,1
1696,76,1
1696,105,1
1696,106,1
1697,199,1
1698,19,1
1698,23,1
1698,32,1
1698,71,1
1698,76,1
1699,19,1
1699,23,1
1699,32,1
1699,71,1
1699,76,1
1700,32,1
1700,71,1
1700,76,1
1701,19,1
1701,23,1
1701,32,1
1701,71,1
1701,76,1
1702,16,1
1702,17,1
1702,20,1
1702,28,1
1702,34,1
1702,39,1
1702,90,1
1702,94,1
1702,135,1
1702,186,1
1702,206,1
1702,208,1
1702,209,1
1702,211,1
1703,19,1
1703,23,1
1703,31,1
1703,32,1
1703,71,1
1703,76,1
1703,105,1
1703,106,1
1704,23,1
1704,32,1
1704,76,1
1705,18,1
1705,27,1
1705,46,1
1706,18,1
1707,18,1
1707,70,1
1707,118,1
1707,119,1
1708,77,1
1709,77,1
1710,0,1
1711,99,1
1711,194,1
1711,196,1
1711,197,1
1712,38,1
1712,99,1
1712,196,1
1712,197,1
1713,194,1
1714,36,1
1715,73,1
1715,106,1
1716,71,1
1716,106,1
1717,24,1
1717,36,1
1717,52,1
1717,117,1
1717,130,1
1717,137,1
1717,139,1
1717,140,1
1717,152,1
1717,194,1
1717,219,1
1718,77,1
1718,164,1
1718,166,1
1718,167,1
1718,174,1
1719,199,1
