drugid,smiles
0,CC(C)C[C@H](NC(=O)[C@@H](COC(C)(C)C)NC(=O)[C@H](CC1=CC=C(O)C=C1)NC(=O)[C@H](CO)NC(=O)[C@H](CC1=CNC2=CC=CC=C12)NC(=O)[C@H](CC1=CN=CN1)NC(=O)[C@@H]1CCC(=O)N1)C(=O)N[C@@H](CCCN=C(N)N)C(=O)N1CCC[C@H]1C(=O)NNC(N)=O
1,CC(C)C[C@H](NC(=O)[C@@H](CCCNC(N)=O)NC(=O)[C@H](CC1=CC=C(O)C=C1)NC(=O)[C@H](CO)NC(=O)[C@@H](CC1=CN=CC=C1)NC(=O)[C@@H](CC1=CC=C(Cl)C=C1)NC(=O)[C@@H](CC1=CC2=CC=CC=C2C=C1)NC(C)=O)C(=O)N[C@@H](CCCNC(N)=N)C(=O)N1CCC[C@H]1C(=O)N[C@H](C)C(N)=O
2,CC(C)CC(NC(=O)CNC(=O)C(CC1=CC=C(O)C=C1)NC(=O)C(CO)NC(=O)C(CC1=CNC2=CC=CC=C12)NC(=O)C(CC1=CN=CN1)NC(=O)C1CCC(=O)N1)C(=O)NC(CCCN=C(N)N)C(=O)N1CCCC1C(=O)NCC(N)=O
3,CC(C)C[C@H](NC(=O)[C@@H](CC1=CC2=C(C=CC=C2)C=C1)NC(=O)[C@H](CC1=CC=C(O)C=C1)NC(=O)[C@H](CO)NC(=O)[C@H](CC1=CNC2=CC=CC=C12)NC(=O)[C@H](CC1=CNC=N1)NC(=O)[C@@H]1CCC(=O)N1)C(=O)N[C@@H](CCCNC(N)=N)C(=O)N1CCC[C@H]1C(=O)NCC(N)=O
4,[H][C@@]12CC[C@@](O)(C#C)[C@@]1(C)CC[C@@]1([H])[C@@]2([H])CCC2=CC3=C(C[C@]12C)C=NO3
5,[H][C@@]12CC[C@@](O)(C#C)[C@@]1(CC)C=CC1=C3CCC(=O)C=C3CC[C@@]21[H]
6,NC(=O)CC[C@@H]1NC(=O)[C@H](CC2=CC=CC=C2)NC(=O)[C@H](CC2=CC=C(O)C=C2)NC(=O)CCSSC[C@H](NC(=O)[C@H](CC(N)=O)NC1=O)C(=O)N1CCC[C@H]1C(=O)N[C@H](CCCNC(N)=N)C(=O)NCC(N)=O
7,NCCCCC(NC(=O)C1CCCN1C(=O)C1CSSCC(N)C(=O)NC(CC2=CC=C(O)C=C2)C(=O)NC(CC2=CC=CC=C2)C(=O)NC(CCC(N)=O)C(=O)NC(CC(N)=O)C(=O)N1)C(=O)NCC(N)=O.NC1CSSCC(NC(=O)C(CC(N)=O)NC(=O)C(CCC(N)=O)NC(=O)C(CC2=CC=CC=C2)NC(=O)C(CC2=CC=C(O)C=C2)NC1=O)C(=O)N1CCCC1C(=O)NC(CCCN=C(N)N)C(=O)NCC(N)=O
8,CC1=NC2=C(CCN(C(=O)C3=CC=C(NC(=O)C4=CC=CC=C4C4=CC=CC=C4)C=C3)C3=CC=CC=C23)N1
9,CC1=CC=CC=C1C(=O)NC1=CC(C)=C(C=C1)C(=O)N1CCC[C@@H](O)C2=C1C=CC(Cl)=C2
10,[H][C@]1(NC(=O)[C@@]([H])(NC(=O)[C@@H](CC2=CC=C(OCC)C=C2)NC(=O)CCSSC[C@H](NC(=O)[C@H](CC(N)=O)NC1=O)C(=O)N1CCC[C@H]1C(=O)N[C@@H](CCCN)C(=O)NCC(N)=O)[C@@H](C)CC)[C@@H](C)O
11,COC1=CC=C(C=C1OC)S(=O)(=O)N1[C@@H](C(=O)N2CCC[C@H]2C(N)=O)[C@](O)(C2=CC(Cl)=CC=C12)C1=CC=CC=C1Cl
12,CC1=NC=C(COP(O)(O)=O)C(C=O)=C1O
13,CC(=O)C(O)=O
14,NCC(O)=O
15,C[C@H](N)C(O)=O
16,N[C@@H](CCC(O)=O)C(O)=O
17,C[S+](CC[C@H](N)C([O-])=O)C[C@H]1O[C@H]([C@H](O)[C@@H]1O)N1C=NC2=C1N=CN=C2N
18,N[C@@H](CO)C(O)=O
19,N[C@@H](CS)C(O)=O
20,NC1=NC(=O)C2=C(NCC(CNC3=CC=C(C=C3)C(=O)N[C@@H](CCC(O)=O)C(O)=O)N2)N1
21,N[C@@H](CN1C=CC(=O)C(O)=C1)C(O)=O
22,NC1=NC2=C(N(CO)[C@@H](CNC3=CC=C(C=C3)C(=O)N[C@@H](CCC(O)=O)C(O)=O)C=N2)C(=O)N1
23,CC1=NC=C(COP(O)(O)=O)C(CNCC(O)=O)=C1O
24,N[C@@H](CC(O)=O)C(O)=O
25,COC1=C(C=C(C=C1)C1=CC2=C(C=C1)C=C(C=C2)C(O)=O)C12CC3CC(CC(C3)C1)C2
26,NCCC[C@H](N)C(O)=O
27,NC1=CC=CC(=C1)C(O)=O
28,CC1=NC=C(COP(O)(O)=O)C(CO)=C1O
29,CC1=NC=C(COP(O)(O)=O)C(\\C=N\\CCCC[C@H](N)C(O)=O)=C1O
30,CC1=CC2=C(C=C1C)N(C[C@H](O)[C@H](O)[C@H](O)COP(O)(O)=O)C1=NC(=O)NC(=O)C1=N2
31,OCCS
32,N[C@@H](CC1=CC=CC=C1)C(O)=O
33,[H][C@](N)(CC1=CC=C(O)C=C1)C(O)=O
34,CC1=NC=C(COP(O)(O)=O)C(CN)=C1O
35,N[C@H](CC1=CC=CC=C1)C(O)=O
36,N[C@@H](CC1=CNC=N1)C(O)=O
37,N[C@@H](CCCNC(N)=N)C(O)=O
38,N[C@@H](C#C)C(O)=O
39,CC(C)C[C@H](N)C(O)=O
40,CC(C)[C@H](N)C(O)=O
41,CC[C@H](C)[C@H](N)C(O)=O
42,CC(C)C(=O)C(O)=O
43,OC(=O)[C@@H]1CCCN1
44,CC1=NC=C(COP(O)(O)=O)C(CNOCC(O)=O)=C1O
45,CN1CC[C@@H]([C@H](O)C1)C1=C(O)C=C(O)C2=C1OC(=CC2=O)C1=CC=CC=C1Cl
46,O[C@H]1O[C@H](COP(O)(O)=O)[C@@H](O)[C@H](O)[C@H]1O
47,OC[C@H]1O[C@@H](O)[C@H](O)[C@@H](O)[C@@H]1O
48,[H][C@]1(O)C2=NN=NN2[C@]([H])(CO)[C@@]([H])(O)[C@]1([H])O
49,[H]N1C(=O)\\C(C2=C1C=CC(=C2)S(O)(=O)=O)=C1/N([H])C2=CC=CC=C2C1=O
50,OC[C@H]1O[C@H](OP(O)(O)=O)[C@H](O)[C@@H](O)[C@@H]1O
51,N[C@@H](COP(O)(O)=O)C(O)=O
52,O[C@@H]1[C@@H](COP(O)(O)=O)O[C@H]([C@@H]1O)N1C=NC2=C1N=CNC2=O
53,C[C@](N)(CC1=CC=C(O)C(O)=C1)C(O)=O
54,[H][C@@]1(C)CC[C@@]2([H])[C@@]([H])(C)[C@@]([H])(O)O[C@]3([H])O[C@]4(C)CC[C@]1([H])[C@]23OO4
55,C[C@H](CNC(=O)CC[C@]1(C)[C@@H](CC(N)=O)[C@H]2N=C1\\C(C)=C1/N=C(/C=C3\\N=C(\\C(\\C)=C4\\[C@@H](CCC(N)=O)[C@](C)(CC(N)=O)[C@@]2(C)N4[Co+]C#N)[C@@](C)(CC(N)=O)[C@@H]3CCC(N)=O)C(C)(C)[C@@H]1CCC(N)=O)OP([O-])(=O)O[C@@H]1[C@@H](CO)O[C@@H]([C@@H]1O)N1C=NC2=C1C=C(C)C(C)=C2
56,CSCC[C@H](N)C(O)=O
57,NC(=O)C1=CN(C=CC1)[C@@H]1O[C@H](CO[P@](O)(=O)O[P@](O)(=O)OC[C@H]2O[C@H]([C@H](O)[C@@H]2O)N2C=NC3=C(N)N=CN=C23)[C@@H](O)[C@H]1O
58,NC(=O)C1=CC=C[N+](=C1)[C@@H]1O[C@H](COP([O-])(=O)OP(O)(=O)OC[C@H]2O[C@H]([C@H](OP(O)(O)=O)[C@@H]2O)N2C=NC3=C2N=CN=C3N)[C@@H](O)[C@H]1O
59,[H][C@@](CCC(O)=O)(NC(=O)C1=CC=C(C=C1)N(C)CC1=NC2=C(N)NC(=N)N=C2N=C1)C(O)=O
60,NC1=NC(=O)C2=C(NC=C2CCC2=CC=C(C=C2)C(=O)N[C@@H](CCC(O)=O)C(O)=O)N1
61,NC1=NC2=C(N=CN2[C@@H]2O[C@H](COP(O)(O)=O)[C@@H](O)[C@H]2O)C(=O)N1
62,O[C@H]1[C@@H](O)[C@@H](O[C@@H]1COP(O)(O)=O)[N+]1=CNC2=C1NC(=O)NC2=O
63,N[C@@H](CCSC[C@H]1O[C@H]([C@H](O)[C@@H]1O)N1C=NC2=C(N)N=CN=C12)C(O)=O
64,[H][C@@]12CC[C@H](O)[C@@]1(C)CC[C@]1([H])C3=C(CC[C@@]21[H])C=C(O)C(OC)=C3
65,O=C(CCNNC(=O)C1=CC=NC=C1)NCC1=CC=CC=C1
66,O[C@H]1[C@H](O)[C@@](O)(COP(O)(O)=O)O[C@@H]1COP(O)(O)=O
67,COC(CNC(=O)C1=CC=CC=C1OCC(O)=O)C[Hg]O
68,[H][C@]12CS[C@@H](CCCCC(O)=O)[C@@]1([H])NC(=O)N2
69,[H]N1C(=O)N([H])[C@]2([H])[C@H](CCCCC=O)SC[C@]12[H]
70,[H][C@@]1(CNC2=C(N1)C(=O)NC(N)=N2)[C@@H](O)[C@H](C)O
71,NC[C@H](O)C1=CC(O)=C(O)C=C1
72,C[C@H](O)[C@H](O)C1=NC2=C(NC1)NC(N)=NC2=O
73,CCCC[C@@H](N)C(O)=O
74,N[C@@H]([C@H](O)C1=CC(O)=C(O)C=C1)C(O)=O
75,NC1=C2NC=NC2=NC=N1
76,C[N+](C)(C)CCO
77,C[N+](C)(C)CCO.OC1=CC=CC=C1C([O-])=O
78,CNCC(O)C1=CC(OC(=O)C(C)(C)C)=C(OC(=O)C(C)(C)C)C=C1
79,C[N+]1=C(\\C=N\\O)C=CC=C1
80,CC1=CC(=NN=C1NCCN1CCOCC1)C1=CC=CC=C1
81,COC1=C(OC)C=C2C(=O)C(CC3CCN(CC4=CC=CC=C4)CC3)CC2=C1
82,[H][C@]12N(C)CC[C@@]1(C)C1=C(C=CC(OC(=O)NC)=C1)N2C
83,CC[N+](C)(C)C1=CC(O)=CC=C1
84,[H][C@@]12CC3=CC=C(OC4=C5C(CC[N+](C)(C)[C@]5([H])CC5=CC(OC6=C(OC)C=C(CCN1C)C2=C6)=C(O)C=C5)=CC(OC)=C4O)C=C3
85,[H][C@](N)(COP(O)(=O)OC(C)C)C(O)=O
86,C[C@@H]1O[C@H](O)[C@@H](O)[C@H](O)[C@@H]1O
87,OS(=O)(=O)CCN1CCOCC1
88,[H][C@]12N(C)CC[C@@]1(C)C1=C(C=CC(OC(=O)NC3=CC=CC=C3)=C1)N2C
89,COC1=CC=C(C=C1OC)C(=O)NCC1=CC=C(OCCN(C)C)C=C1
90,CNC1(CCCCC1=O)C1=CC=CC=C1Cl
91,COC1=CC(C[C@@H]2C3=CC(OC)=C(OC)C=C3CC[N+]2(C)CCCOC(=O)CC\\C=C\\CCC(=O)OCCC[N+]2(C)CCC3=CC(OC)=C(OC)C=C3[C@H]2CC2=CC(OC)=C(OC)C(OC)=C2)=CC(OC)=C1OC
92,CCC(=O)C(CC(C)N(C)C)(C1=CC=CC=C1)C1=CC=CC=C1
93,CCCC(C)C1(CC)C(=O)NC(=S)NC1=O
94,CCC1(C(=O)NCNC1=O)C1=CC=CC=C1
95,CCO
96,FC(F)(F)C1=CC=CC=C1C1=CC=C(CC2C(=O)NC(=S)NC2=O)O1
97,CN1[C@H](C[C@H](O)C2=CC=CC=C2)CCC[C@@H]1CC(=O)C1=CC=CC=C1
98,CCCCCC1=CC(O)=C([C@@H]2C=C(C)CC[C@H]2C(C)=C)C(O)=C1
99,[H][C@]1(CCC(C)=C[C@@]1([H])C1=C(O)C=C(CCCCC)C=C1O)C(C)=C.[H][C@@]12CCC(C)=C[C@@]1([H])C1=C(O)C=C(CCCCC)C=C1OC2(C)C
100,NCCCC[C@H](N)C(O)=O
101,N[C@]1(C[C@H]([18F])C1)C(O)=O
102,N[C@@H](CCCNC(N)=O)C(O)=O
103,N[C@@H](CCC\\N=C(/N)N(C)C)C(O)=O
104,BrC1=NNC2=C1C=CC=C2N(=O)=O
105,NCCNC[C@@H](N)CCCNC(=N)N[N+]([O-])=O
106,N[C@@H](CCC\\N=C(/N)N[N+]([O-])=O)C(=O)N[C@H]1CN[C@@H](C1)C(N)=O
107,O=N(=O)C1=CC=CC2=CNN=C12
108,O=N(=O)C1=CC2=NNC=C2C=C1
109,N[C@@H](CCCNC(=N)NO)C(O)=O
110,[H][C@](N)(CS[As](C)C)C(O)=O
111,N[C@@H](CCCNC(=N)N[N+]([O-])=O)C(O)=O
112,[O-][N+](=O)C1=CC=C2NN=CC2=C1
113,CCC1=C(C(N)=NC(N)=N1)C1=CC=C(NCC2=CC(F)=CC(F)=C2)C=C1
114,CCOC(=O)C1=C(COCCN)NC(C)=C([C@@H]1C1=CC=CC=C1Cl)C(=O)OC
115,N[C@@H](CCC\\N=C(/N)N[C@H](CC(O)=O)C(O)=O)C(O)=O
116,[H][C@@]12CC3=C(C(O)=CC=C3N(C)C)C(=O)C1=C(O)[C@]1(O)C(=O)C(C(N)=O)=C(O)[C@@H](N(C)C)[C@]1([H])C2
117,[H][C@@]12C[C@@H](C)[C@](O)(C(=O)CO)[C@@]1(C)C[C@H](O)[C@@]1(F)[C@@]2([H])CCC2=CC(=O)C=C[C@]12C
118,[H]N([H])[C@@H](CCCN([H])C(\\N([H])[H])=[N+](/[H])CCC)C(O)=O
119,N1C=CN=C1
120,CC(=O)OC1=C(C=CC(=C1)C(F)(F)F)C(O)=O
121,[H][C@@]12C[C@@H](C)[C@](O)(C(=O)COC(C)=O)[C@@]1(C)C[C@H](O)[C@@]1(F)[C@@]2([H])CCC2=CC(=O)C=C[C@]12C
122,[H][C@](N)(CSCC[B-](O)(O)O)C(O)=O
123,[H][C@]1(COP(O)(=O)OP(O)(=O)OP(O)(O)=O)O[C@@]([H])(N2C=NC3=C(N)N=CN=C23)[C@]([H])(O)[C@]1([H])O
124,[H][C@@]1(OC(=O)C(O)=C1O)[C@@H](O)CO
125,CC(=O)N[C@H]1[C@H](O)O[C@H](CO)[C@H](OS(O)(=O)=O)[C@@H]1O
126,CC(=O)N[C@H]1[C@H](O)O[C@H](COS(O)(=O)=O)[C@H](O)[C@@H]1O
127,O[C@@H]1O[C@@H]([C@@H](O)[C@H](O)[C@H]1O)C(O)=O
128,O[C@H]1C[C@H](O[C@@H](O)[C@@H]1O)C(O)=O
129,OC[C@H](O)[C@@H](O)[C@H](O)CO
130,C[C@H](O)CC(C)(C)O
131,NCCC1=CC(O)=C(O)C=C1
132,NNC1=NN=CC2=CC=CC=C12
133,CC1=NC(C(=O)NCC(O)=O)=C(O)C2=C1C=C(OC1=CC=CC=C1)C=C2
134,OC(=O)CNC(=O)C1=C(O)C2=CC=CC=C2C(Cl)=N1
135,[Fe++].[H][C@@](O)(CO)[C@@]([H])(O)[C@]([H])(O)[C@@]([H])(O)C([O-])=O.[H][C@@](O)(CO)[C@@]([H])(O)[C@]([H])(O)[C@@]([H])(O)C([O-])=O
136,[Fe++].[H][C@](O)(CO)[C@@]1([H])OC(=O)C(O)=C1O.[H][C@](O)(CO)[C@@]1([H])OC(=O)C([O-])=C1[O-]
137,[Fe++].NCC([O-])=O.NCC([O-])=O.OS(O)(=O)=O
138,NC1=NC=NC2=C1N=CN2[C@@H]1O[C@H](COP(O)(O)=O)[C@@H](OP(O)(O)=O)[C@H]1O
139,[H][C@]1(COP(O)(=O)OP(O)(O)=O)O[C@@]([H])(N2C=NC3=C(N)N=CN=C23)[C@]([H])(O)[C@]1([H])OP(O)(O)=O
140,[H][C@]1(COP(O)(O)=O)O[C@@]([H])(N2C=NC3=C(N)N=CN=C23)[C@]([H])(OP(O)(O)=O)[C@]1([H])O
141,[H][C@]1(COP(O)(=O)OP(O)(O)=O)O[C@@]([H])(N2C=NC3=C(N)N=CN=C23)[C@]([H])(OP(O)(O)=O)[C@]1([H])O
142,N[C@@H](CSCC(N)=O)C(O)=O
143,OC[C@H]1O[C@H](C[C@@H]1OP(O)(O)=O)N1C=CC(=O)NC1=O
144,CC(C)(C)O
145,OC(=O)CC(O)(CC(O)=O)C(O)=O
146,[H]C(=O)N[C@@H](CCSC)C(O)=O
147,C[C@@H](O)CO
148,OC[C@H]1O[C@@](CO)(O[C@H]2O[C@H](CO)[C@@H](O)[C@H](O)[C@H]2O)[C@@H](O)[C@@H]1O
149,CC(=O)N[C@H]1[C@H](O)O[C@H](CO)[C@@H](O[C@@H]2O[C@H](CO)[C@@H](O)[C@H](O)[C@H]2NC(C)=O)[C@@H]1O
150,[H]N1C(=O)C[C@H](N)C1=O
151,N[C@@H](CC(N)=O)C(O)=O
152,CC(=O)N[C@@H](CS)C(O)=O
153,CCC[C@H](N)C(O)=O
154,NC(N)=O
155,N[C@@H](CSSCCO)C(O)=O
156,[NH3+]CCCCC(O)=O
157,NCCCC(O)=O
158,CC[C@@H](N)C(O)=O
159,N[C@@H](CCC(N)=O)C(O)=O
160,S=C1N=CNC2=C1NC=N2
161,CC1=NC(NC2=NC=C(S2)C(=O)NC2=C(C)C=CC=C2Cl)=CC(=N1)N1CCN(CCO)CC1
162,CSCC[C@@H](N)C(O)=O
163,[H][C@]1(CC=C(C)C)O[C@]1(C)[C@@]1(O)[C@]([H])(OC)C(=O)CC[C@@]1(C)O
164,[H][C@](N)(CC1=CC=C2C=CC=CC2=C1)C(O)=O
165,OC1=CC=C(\\C=C\\C2=CC(O)=CC(O)=C2)C=C1
166,[H][C@](N)(CC1=CC=C(O)C=C1)C=O
167,N[C@@H](CC1=CC=C(C=C1)C(=O)C1=CC=CC=C1)C(O)=O
168,C[C@H](CCCC(C)(C)O)[C@@]1([H])CC[C@@]2([H])\\C(CCC[C@]12C)=C\\C=C1\\C[C@@H](O)C[C@H](O)C1=C
169,CC(C)CCC[C@@H](C)[C@@]1([H])CC[C@@]2([H])\\C(CCC[C@]12C)=C\\C=C1\\C[C@@H](O)C[C@H](O)C1=C
170,[H][C@@]1(CC[C@@]2([H])[C@]3([H])CC=C4C[C@@H](O)CC[C@]4(C)[C@@]3([H])CC[C@]12C)[C@H](C)CCCC(C)C
171,CC[C@@](C)([H])[C@@]1([H])CC[C@@]2([H])\\C(CCC[C@]12C)=C\\C=C1/C[C@](O)([H])C(=C)[C@]([H])(O)C1
172,[H][C@]1(CC[C@](C)(CCC#CC(O)(C(F)(F)F)C(F)(F)F)C1(C)C)\\C=C\\C=C1C[C@](O)([H])C[C@@](O)([H])C1
173,C=C1\\C(=C/C=C2\\CCC[C@]3(C)[C@]([H])(CC[C@@]23[H])C#CC#CC(C)(O)C)C[C@](O)([H])C[C@@]1(O)[H]
174,COC1=CC(\\C=C\\C(=O)CC(=O)\\C=C\\C2=CC(OC)=C(O)C=C2)=CC=C1O
175,COC1=CC(\\C=C\\C(=O)CC(=O)\\C=C\\C2=CC=C(OS(O)(=O)=O)C(OC)=C2)=CC=C1O
176,N[C@@H](CSSC[C@H](N)C(O)=O)C(O)=O
177,NC1=NC2=C(S1)C=C(OC(F)(F)F)C=C2
178,OC(=O)C1=CC(=CC=C1O)\\N=N\\C1=CC=C(C=C1)S(=O)(=O)NC1=NC=CC=C1
179,CC1=C(C)C=C2N(C[C@H](O)[C@H](O)[C@H](O)CO)C3=NC(=O)NC(=O)C3=NC2=C1
180,CC1=C(C=C)\\C(NC1=O)=C\\C1=C(C)C(CCC(O)=O)=C(N1)\\C=C1/N=C(/C=C2\\NC(=O)C(C=C)=C2C)C(C)=C1CCC(O)=O
181,CC1=CC2=NC3=C(N=C2C=C1C)C(=O)NC(=O)N3
182,[H]C(=O)[C@H](NC(C)=O)[C@@H](O)[C@H](O)[C@H](O)CO
183,OC[C@H]1O[C@H](O[P@@](O)(=O)O[P@@](O)(=O)OC[C@H]2O[C@H]([C@H](O)[C@@H]2O)N2C=CC(=O)NC2=O)[C@H](O)[C@@H](O)[C@H]1O
184,O[C@H]1[C@@H](O)[C@@H](O[C@@H]1COP(O)(O)=O)N1C=CC(=O)NC1=O
185,CC1=CC(=O)C2=CC=CC=C2C1=O
186,N[C@H](CO)C(O)=O
187,CC(C(O)C1=CC=C(O)C=C1)N1CCC(CC2=CC=CC=C2)CC1
188,CN(CC1=CC2=C(NC(C)=NC2=O)C=C1)C1=CC=C(S1)C(=O)N[C@@H](CCC(O)=O)C(O)=O
189,OC1(CCN(CCCC(=O)C2=CC=C(F)C=C2)CC1)C1=CC=C(Cl)C=C1
190,NCCS(O)(=O)=O
191,[H][C@]12CCN(CCCC(=O)C3=CC=C(F)C=C3)C[C@@]1([H])C1=CC=CC3=C1N2CCN3C
192,CN[C@@]1(CCCCC1=O)C1=CC=CC=C1Cl
193,NC(=O)C1=CN(C=CC1)[C@@H]1O[C@H](COP(O)(=O)OP(O)(=O)OC[C@H]2O[C@H]([C@H](OP(O)(O)=O)[C@@H]2O)N2C=NC3=C2N=CN=C3N)[C@@H](O)[C@H]1O
194,OC1=C(CC2=C(O)C(Cl)=CC(Cl)=C2Cl)C(Cl)=C(Cl)C=C1Cl
195,NC1=NC2=C(N=CN2[C@@H]2O[C@H](COP(O)(=O)OP(O)(=O)OP(O)(O)=O)[C@@H](O)[C@H]2O)C(=O)N1
196,[H][C@]1(CCC2=NN=NN2)CC[C@@]2([H])CN[C@@]([H])(C[C@@]2([H])C1)C(O)=O
197,NC1=NC(N)=C(N=N1)C1=C(Cl)C(Cl)=CC=C1
198,FC(F)OC(F)C(F)(F)F
199,FCOC(C(F)(F)F)C(F)(F)F
200,CN1C2=CC=CC=C2C(NCCCCCCC(O)=O)C2=C(C=C(Cl)C=C2)S1(=O)=O
201,N[C@@H](CN1OC(=O)NC1=O)C(O)=O
202,[Li+].[Li+].[Li+].OC(CC([O-])=O)(CC([O-])=O)C([O-])=O
203,CCCCCCCCCCCCCCCCCC(=O)OC[C@H](COP(O)(=O)OC[C@H](N)C(O)=O)OC(=O)CCCCCCCCCCCCCCCCC
204,CC(C)CCC[C@@H](C)CCC[C@@H](C)CCC[C@]1(C)CCC2=C(O1)C(C)=C(C)C(O)=C2C
205,[H][C@@]12C[C@@H](C)[C@]34C=C(C)[C@H](OC(=O)C(\\C)=C/C)[C@@]3(O)[C@H](O)C(CO)=C[C@@]([H])(C4=O)[C@]1([H])C2(C)C
206,CO[C@@H]1[C@@H](C[C@H]2O[C@]1(C)N1C3=C(C=CC=C3)C3=C1C1=C(C4=C(C=CC=C4)N21)C1=C3CNC1=O)N(C)C(=O)C1=CC=CC=C1
207,OC1=C(O)C2=C3C(=C1)C(=O)OC1=C3C(=CC(O)=C1O)C(=O)O2
208,[H][C@]12C[C@H](OC(C)=O)C(C)(C)[C@](O)(C[C@]3([H])C\\C(C[C@@]([H])(O3)\\C=C\\C(C)(C)[C@]3(O)O[C@@]([H])(C\\C(=C/C(=O)OC)[C@@H]3OC(=O)\\C=C\\C=C\\CCC)C[C@@]([H])(OC(=O)C[C@H](O)C1)[C@@H](C)O)=C\\C(=O)OC)O2
209,[H][C@@](C)(CCCC(C)C)CCC[C@@]([H])(C)CCC[C@]1(C)CCC2=C(C)C(OC(=O)CCC(O)=O)=C(C)C(C)=C2O1
210,NC1=NC=NC2=C1N=CN2[C@@H]1O[C@@H](CO[P@](O)(=O)O[P@@](O)(=O)NP(O)(O)=O)[C@H](O)[C@H]1O
211,CN1[C@H]2CC[C@@H]1C[C@@H](C2)OC(=O)C(CO)C1=CC=CC=C1
212,COC1=C(O[C@@H]2O[C@H](CO)[C@@H](O)[C@H](O)[C@H]2O)C=C2CC[C@H](NC(C)=O)C3=CC(=O)C(SC)=CC=C3C2=C1OC
213,CN(CC(O)=O)C(N)=N
214,CN(CC(O)=O)C(=N)NP(O)(O)=O
215,N[C@@H](CC1=CNC2=C1C=CC=C2)C(O)=O
216,N[C@@H](CC1=CNC2=CC=CC=C12)C(=O)OP(O)(=O)OC[C@H]1O[C@H]([C@H](O)[C@@H]1O)N1C=NC2=C(N)N=CN=C12
217,N[C@@H](CC1=CNC2=C1C=CC=C2)C(N)=O
218,CSC[C@H](N)C(O)=O
219,COC1=C(OC)C(CS(=O)C2=NC3=C(N2)C=C(OC(F)F)C=C3)=NC=C1
220,COC1=CC2=C(NC(=N2)[S@@](=O)CC2=NC=C(C)C(OC)=C2C)C=C1
221,CC1=C(OCC(F)(F)F)C=CN=C1C[S@@](=O)C1=NC2=CC=CC=C2N1
222,CC1=CC2=C(C=C1C)N(C[C@H](O)[C@H](O)[C@H](O)CO[P@](O)(=O)O[P@@](O)(=O)OC[C@H]1O[C@H]([C@H](O)[C@@H]1O)N1C=NC3=C1N=CN=C3N)C1=NC(=O)NC(=O)C1=N2
223,[H][C@@]12C[C@@]3([H])C(=C(O)[C@]1(O)C(=O)C(C(N)=O)=C(O)[C@H]2N(C)C)C(=O)C1=C(O)C=CC=C1[C@@]3(C)O
224,CN[C@H]1[C@H](O)[C@@H](O)[C@H](CO)O[C@H]1O[C@H]1[C@H](O[C@H]2[C@H](O)[C@@H](O)[C@H](NC(N)=N)[C@@H](O)[C@@H]2NC(N)=N)O[C@@H](C)[C@]1(O)C=O
225,CC1=CNN=C1
226,IC1=CNN=C1
227,[H]C(=O)NC1CCCCC1
228,[H][C@@](C)(CCC(O)=O)[C@@]1([H])CC[C@@]2([H])[C@]3([H])[C@]([H])(O)C[C@]4([H])C[C@]([H])(O)CC[C@]4(C)[C@@]3([H])C[C@]([H])(O)[C@]12C
229,N1C=CC=N1
230,OCC(F)(F)F
231,OCC(O)CO
232,CC1=C(CC(O)=O)C2=CC(F)=CC=C2\\C1=C/C1=CC=C(C=C1)S(C)=O
233,NC(=O)[C@@H]1C[C@]2(NC(=O)NC2=O)C2=C(O1)C=CC(F)=C2
234,COC1=C(C2=CC=CC(C(=S)N(C)CC(O)=O)=C2C=C1)C(F)(F)F
235,OC(=O)CC1=NN(CC2=NC3=C(S2)C=CC(=C3)C(F)(F)F)C(=O)C2=C1C=CC=C2
236,CN(CCO)CC(O)CN1C=NC2=C1C(=O)N(C)C(=O)N2C
237,[H]N([H])C(=O)C1=C[N+](=CC=C1)[C@@H]1O[C@H](COP([O-])(=O)OP(O)(=O)OC[C@H]2O[C@H]([C@H](O)[C@@H]2O)N2C=NC3=C2N=CN2C=CN=C32)[C@@H](O)[C@H]1O
238,NC(=O)C(O)=O
239,CC(C)(C)C(O)\\C=C\\C1=CC2=C(OCO2)C=C1
240,O[C@H](CC(O)=O)C(O)=O
241,OC(C([O-])=O)C([O-])=O
242,OC(=O)C1=NON=C1O
243,CC(=O)CC(=O)SCCNC(=O)CCNC(=O)[C@H](O)C(C)(C)COP(O)(=O)OP(O)(=O)OC[C@H]1O[C@H]([C@H](O)[C@@H]1OP(O)(O)=O)N1C=NC2=C1N=CN=C2N
244,[H][C@]12[C@H](C[C@H](O)C=C1C=C[C@H](C)[C@@H]2CC[C@@H](O)C[C@@H](O)CC(O)=O)OC(=O)[C@@H](C)CC
245,[H][C@]12[C@H](C[C@@H](C)C=C1C=C[C@H](C)[C@@H]2CC[C@@H]1C[C@@H](O)CC(=O)O1)OC(=O)[C@@H](C)CC
246,[H][C@]12[C@H](C[C@@H](C)C=C1C=C[C@H](C)[C@@H]2CC[C@@H]1C[C@@H](O)CC(=O)O1)OC(=O)C(C)(C)CC
247,CC(C)C1=C(C(=O)NC2=CC=CC=C2)C(=C(N1CC[C@@H](O)C[C@@H](O)CC(O)=O)C1=CC=C(F)C=C1)C1=CC=CC=C1
248,CC(C)N1C(\\C=C\\C(O)CC(O)CC(O)=O)=C(C2=CC=CC=C12)C1=CC=C(F)C=C1
249,CC(C)C1=NC(=NC(C2=CC=C(F)C=C2)=C1\\C=C\\[C@@H](O)C[C@@H](O)CC(=O)O)N(C)S(C)(=O)=O
250,CC(C)(COP(O)(=O)OP(O)(=O)OC[C@H]1O[C@H]([C@H](O)[C@@H]1OP(O)(O)=O)N1C=NC2=C1N=CN=C2N)[C@@H](O)C(=O)NCCC(=O)NCCS
251,[H][C@](O)(C([O-])=NCCC([O-])=NCCSC(=O)C[C@@](C)(O)CC([O-])=O)C(C)(C)COP(O)(=O)OP(O)(=O)OC[C@@]1([H])O[C@@]([H])(N2C=NC3=C(N)N=CN=C23)[C@]([H])(O)[C@]1([H])OP([O-])([O-])=O
252,O[C@@H](CS)[C@@H](O)CS
253,O[C@H](C[C@H](O)\\C=C\\C1=C(C2=CC=C(F)C=C2)C2=CC=CC=C2N=C1C1CC1)CC(O)=O
254,[H][C@@]12CCC(=O)[C@@]1(C)CC[C@@]1([H])[C@@]2([H])CCC2=CC(=O)CC[C@]12C
255,[H][C@@]12CCC(=O)[C@@]1(C)CC[C@@]1([H])[C@@]2([H])CC[C@@]2([H])CC(=O)CC[C@]12C
256,[H][C@@]12CCC(=O)[C@@]1(C)CC[C@]1([H])C3=C(CC=C21)C=C(O)C=C3
257,[H][C@@]12CC[C@H](O)[C@@]1(C)CC[C@@]1([H])[C@@]2([H])CC[C@@]2([H])CC(=O)CC[C@]12C
258,[H][C@@]12CC[C@H](O)[C@@]1(C)CC[C@]1([H])C3=CC=C(OC(C)=O)C=C3CC[C@@]21[H]
259,[H][C@]1(O)CC[C@@]2([H])[C@]3([H])CCC4=CC(OC(=O)C5=CC=CC=C5)=CC=C4[C@@]3([H])CC[C@]12C
260,[H][C@@]1(CC[C@@]2([H])[C@]3([H])CCC4=CC(O)=CC=C4[C@@]3([H])CC[C@]12C)OC(=O)CCC1CCCC1
261,[H][C@@]12CC[C@H](OC(=O)CCCC)[C@@]1(C)CC[C@]1([H])C3=C(CC[C@@]21[H])C=C(O)C=C3
262,C\\C(=C/CO)\\C=C\\C=C(/C)\\C=C\\C1=C(C)CCCC1(C)C
263,COC1=C(C\\C=C(/C)CCC(=O)OCCN2CCOCC2)C(O)=C2C(=O)OCC2=C1C
264,NC(=O)C1=NN(C=N1)[C@@H]1O[C@H](CO)[C@@H](O)[C@H]1O
265,COC1=C(C\\C=C(/C)CCC(O)=O)C(O)=C2C(=O)OCC2=C1C
266,[H][C@]1(COP(O)(O)=O)O[C@@]([H])(N2C=NC3=C(Cl)[NH+]=CN=C23)[C@]([H])(O)[C@]1([H])O
267,COC1=CC2=C(C=C1)N(C(=O)C1=CC=C(Cl)C=C1)C(C)=C2CC(O)=O
268,C[C@@H]1O[C@@H](OC[C@H]2O[C@@H](OC3=C(OC4=CC(O)=CC(O)=C4C3=O)C3=CC(O)=C(O)C=C3)[C@H](O)[C@@H](O)[C@@H]2O)[C@H](O)[C@H](O)[C@H]1O
269,[H][C@](O)(CCCCC)\\C=C\\[C@@]1([H])C(=O)C[C@]([H])(O)[C@]1([H])C\\C=C/CCCC(O)=O
270,OC(=O)C1=CC=CC=C1NC1=CC(=CC=C1)C(F)(F)F
271,OC(=O)C1=CC=CC=C1O
272,[H][C@]1(CC(=O)C2=C(O1)C=C(O)C=C2O)C1=CC=C(O)C=C1
273,OC(=O)C1=C(O)C(I)=CC(I)=C1
274,[H][C@@]12CC[C@@H](O)[C@@]1(C)CC[C@@]1([H])[C@@]2([H])CCC2=CC(=O)CC[C@]12C
275,[H][C@](CC)(C1=CC=C(O)C=C1)[C@]([H])(CC)C1=CC=C(O)C=C1
276,[H][C@@]1(CC[C@@]2(C)[C@@]([H])(CC[C@]3(C)[C@]2([H])C(=O)C=C2[C@]4([H])C[C@](C)(CC[C@]4(C)CC[C@@]32C)C(O)=O)C1(C)C)OC(=O)CCC(O)=O
277,[H][C@@]1(CC[C@@]2([H])[C@]3([H])CCC4=CC(=O)CC[C@]4(C)[C@@]3([H])[C@@]([H])(O)C[C@]12C)C(=O)CO
278,[H][C@@]12C[C@](C)(CC[C@]1(C)CC[C@]1(C)C2=CC(=O)[C@]2([H])[C@@]3(C)CC[C@H](O[C@H]4O[C@@H]([C@@H](O)[C@H](O)[C@H]4O[C@@H]4O[C@@H]([C@@H](O)[C@H](O)[C@H]4O)C(O)=O)C(O)=O)C(C)(C)[C@]3([H])CC[C@@]12C)C(O)=O
279,[H][C@@]12CC[C@H](O)[C@@]1(C)CC[C@@]1([H])[C@@]2([H])CC[C@@]23O[C@@H]2C(O)=C(C[C@]13C)C#N
280,[H][C@@]12CC[C@](OC(=O)CC)(C(=O)COC(C)=O)[C@@]1(C)C[C@H](O)[C@@]1([H])[C@@]2([H])CCC2=CC(=O)CC[C@]12C
281,[H][C@@]12CC[C@](O)(C(=O)COC(C)=O)[C@@]1(C)C[C@H](O)[C@@]1([H])[C@@]2([H])CCC2=CC(=O)CC[C@]12C
282,[H][C@@]12CC[C@](OC(=O)CCC)(C(=O)CO)[C@@]1(C)C[C@H](O)[C@@]1([H])[C@@]2([H])CCC2=CC(=O)CC[C@]12C
283,[H][C@@]12CC[C@](O)(C(=O)COC(=O)CCC3CCCC3)[C@@]1(C)C[C@H](O)[C@@]1([H])[C@@]2([H])CCC2=CC(=O)CC[C@]12C
284,[H][C@@]12CC[C@](O)(C(=O)COP(O)(O)=O)[C@@]1(C)C[C@H](O)[C@@]1([H])[C@@]2([H])CCC2=CC(=O)CC[C@]12C
285,[H][C@@]12CC[C@](OC(=O)CCC)(C(=O)COC(=O)CC)[C@@]1(C)C[C@H](O)[C@@]1([H])[C@@]2([H])CCC2=CC(=O)CC[C@]12C
286,[H][C@@]12CC[C@](OC(=O)CCCC)(C(=O)CO)[C@@]1(C)C[C@H](O)[C@@]1([H])[C@@]2([H])CCC2=CC(=O)CC[C@]12C
287,NC(=N)C1=NN(C=N1)[C@@H]1O[C@H](CO)[C@@H](O)[C@H]1O
288,[H][C@@]12CC[C@](C)(O)[C@@]1(C)C[C@H](O)[C@@]1(F)[C@@]2([H])CCC2=CC(=O)CC[C@]12C
289,[H][C@@]1(CC[C@@]2([H])[C@]3([H])[C@@H](O)C[C@]4([H])C[C@H](O)CC[C@]4(C)[C@@]3([H])CC[C@]12C)[C@H](C)CCC(O)=O
290,[H][C@@]1(CC[C@@]2([H])[C@]3([H])[C@H](O)C[C@]4([H])C[C@H](O)CC[C@]4(C)[C@@]3([H])CC[C@]12C)[C@H](C)CCC(O)=O
291,CC(C)(O)[C@@H]1CC2=C(O1)C=C1OC(=O)C(=CC1=C2)C(C)(C)C=C
292,NC1=C2N=CN([C@@H]3O[C@H](CO[P@@](O)(=O)O[P@@](O)(=O)OC[C@H]4O[C@H](O)[C@H](O)[C@@H]4O)[C@@H](O)[C@H]3O)C2=NC=N1
293,COC(CNC(N)=O)C[Hg]Cl
294,CCC1=C(C(N)=NC(N)=N1)C1=CC=C(Cl)C=C1
295,[H][C@@]1(CN)CC[C@@H](N)[C@@H](O[C@]2([H])[C@@H](N)C[C@@H](N)[C@H](O[C@@]3([H])OC[C@](C)(O)[C@H](NC)[C@H]3O)[C@H]2O)O1.[H][C@]1(CC[C@@H](N)[C@@H](O[C@]2([H])[C@@H](N)C[C@@H](N)[C@H](O[C@@]3([H])OC[C@](C)(O)[C@H](NC)[C@H]3O)[C@H]2O)O1)C(C)N.[H][C@]1(CC[C@@H](N)[C@@H](O[C@]2([H])[C@@H](N)C[C@@H](N)[C@H](O[C@@]3([H])OC[C@](C)(O)[C@H](NC)[C@H]3O)[C@H]2O)O1)C(C)NC
296,COC1=CC(CN(C)C2=CC=C3N=C(N)N=C(N)C3=C2)=C(OC)C=C1
297,COC1=CC(CC2=C[NH+]=C(N)N=C2N)=CC(OC)=C1OC
298,C[C@@H](O)[C@@H](O)C1=CN=C2N=C(N)NC(=O)C2=N1
299,COC1=CC(OC)=CC(CN(C)C2=CN=C3N=C(N)N=C(N)C3=C2)=C1
300,NC1=NC2=NC=C(CC(CC#C)C3=CC=C(C=C3)C(=O)N[C@@H](CCC(O)=O)C(O)=O)N=C2C(N)=N1
301,[H][C@](C)(C#CC1=C(C)N=C(N)N=C1N)C1=CC(OC)=CC(=C1)C1=CC=CC=C1
302,[H][C@](C)(C#CC1=C(C)N=C(N)N=C1N)C1=CC(OC)=CC(=C1)C1=CC(C)=CC(C)=C1
303,CCC1=NC(N)=NC(N)=C1C#CCC1=CC(OC)=CC=C1OC
304,COC1=CC=C2NC=C(CCNC(C)=O)C2=C1
305,COC1=CC(NC(C)CCCN)=C2N=CC=CC2=C1
306,[H][C@@](CCC(O)=O)(NC(=O)C1=CC=C(C=C1)N(CC#C)CC1=CC=C2NC(N)=NC(=O)C2=C1)C(O)=O
307,OC1=CC2=C(C(O)=C1)C(=O)C(O)=C(O2)C1=CC=C(O)C(O)=C1
308,NC(=O)C1=CC(N2CC2)=C(C=C1[N+]([O-])=O)[N+]([O-])=O
309,COC1=CC=CC=C1OCCNCC(O)COC1=CC=CC2=C1C1=CC=CC=C1N2
310,N[C@@H](C[S@@](O)=O)C(O)=O
311,N[C@@H](CCC(=O)N[C@@H](CSSC[C@H](NC(=O)CC[C@H](N)C(O)=O)C(=O)NCC(O)=O)C(=O)NCC(O)=O)C(O)=O
312,C[C@@H]1C[C@H]2O[C@@H]2\\C=C/C=C/C(=O)CC2=C(Cl)C(O)=CC(O)=C2C(=O)O1
313,[H][C@](S)(CCS)CCCCC(O)=O
314,[Cl-].[Cl-].[Sn+4].CCC1=C2[N-]C(\\C=C3/N=C(/C=C4\\[N-]\\C(=C/C5=N/C(=C\\2)/C(C)=C5CC)C(C)=C4CCC(O)=O)C(CCC(O)=O)=C3C)=C1C
315,[H][C@@]12CC[C@H](C(C)=O)[C@@]1(C)CC[C@@]1([H])[C@@]2([H])CCC2=CC(=O)CC[C@]12C
316,[H][C@@]12CC[C@@]3(CCC(=O)O3)[C@@]1(C)CC[C@@]1([H])[C@@]2([H])[C@@]([H])(CC2=CC(=O)CC[C@]12C)SC(C)=O
317,CCCCCCC1=C(O)C=C(O)C=C1
318,NC1=NC(=O)C2=NC(CNC3=CC=C(C=C3)C(=O)N[C@@H](CCC(O)=O)C(O)=O)=CN=C2N1
319,[H][C@@]12N3CC[C@@]11C4=CC(=C(OC)C=C4N(C)[C@@]1([H])[C@](O)([C@H](O)[C@]2(CC)C=CC3)C(=O)NNC(=O)OCCSSC[C@H](NC(=O)[C@H](CC(O)=O)NC(=O)[C@H](CC(O)=O)NC(=O)[C@H](CCCNC(N)=N)NC(=O)[C@H](CC(O)=O)NC(=O)CC[C@H](NC(=O)C1=CC=C(NCC2=CNC3=NC(N)=NC(=O)C3=N2)C=C1)C(O)=O)C(O)=O)[C@]1(C[C@@]2([H])C[N@](C[C@](O)(CC)C2)CCC2=C1NC1=CC=CC=C21)C(=O)OC
320,O=C1NC(=O)C(N1)(C1=CC=CC=C1)C1=CC=CC=C1
321,CC\\C(=C(\\CC)C1=CC=C(O)C=C1)C1=CC=C(O)C=C1
322,CC(C)C(=O)NC1=CC(=C(C=C1)[N+]([O-])=O)C(F)(F)F
323,CC(C)[C@H](NC(=O)N(C)CC1=CSC(=N1)C(C)C)C(=O)N[C@H](C[C@H](O)[C@H](CC1=CC=CC=C1)NC(=O)OCC1=CN=CS1)CC1=CC=CC=C1
324,COCCOC1=CC2=C(C=C1OCCOC)C(NC1=CC(=CC=C1)C#C)=NC=N2
325,CCC1(NC(=O)N(C)C1=O)C1=CC=CC=C1
326,NC(=O)N1C2=CC=CC=C2C=CC2=CC=CC=C12
327,CC(=O)CC(C1=CC=CC=C1)C1=C(O)C2=C(OC1=O)C=CC=C2
328,CCN1C(=O)NC(C1=O)C1=CC=CC=C1
329,[H][C@@]12CC[C@H](O)[C@@]1(C)CC[C@]1([H])C3=C(CC[C@@]21[H])C=C(O)C=C3
330,[H][C@@]12CC[C@@](O)(C#CC)[C@@]1(C)C[C@H](C1=CC=C(C=C1)N(C)C)C1=C3CCC(=O)C=C3CC[C@@]21[H]
331,[H][C@@]12CC[C@@](O)(C#C)[C@@]1(C)CC[C@]1([H])C3=C(CC[C@@]21[H])C=C(O)C=C3
332,CO[C@H]1\\C=C\\O[C@@]2(C)OC3=C(C2=O)C2=C(O)C(\\C=N\\N4CCN(C)CC4)=C(NC(=O)\\C(C)=C/C=C/[C@H](C)[C@H](O)[C@@H](C)[C@@H](O)[C@@H](C)[C@H](OC(C)=O)[C@@H]1C)C(O)=C2C(O)=C3C
333,O=C1C(CCS(=O)C2=CC=CC=C2)C(=O)N(N1C1=CC=CC=C1)C1=CC=CC=C1
334,CO[C@H]1\\C=C\\O[C@@]2(C)OC3=C(C)C(O)=C4C(O)=C(NC(=O)\\C(C)=C/C=C/[C@H](C)[C@H](O)[C@@H](C)[C@@H](O)[C@@H](C)[C@H](OC(C)=O)[C@@H]1C)C1=C(N=C5C=C(C)C=CN15)C4=C3C2=O
335,[H][C@]12[C@H](OC(=O)C3=CC=CC=C3)[C@]3(O)C[C@H](OC(=O)[C@H](O)[C@@H](NC(=O)C4=CC=CC=C4)C4=CC=CC=C4)C(C)=C([C@@H](OC(C)=O)C(=O)[C@]1(C)[C@@H](O)C[C@H]1OC[C@@]21OC(C)=O)C3(C)C
336,[H][C@@]1(C[C@@]2(O)[C@@H](OC(=O)C3=CC=CC=C3)[C@]3([H])[C@@]4(CO[C@@H]4C[C@H](O)[C@@]3(C)C(=O)[C@H](O)C(=C1C)C2(C)C)OC(C)=O)OC(=O)[C@H](O)[C@@H](NC(=O)OC(C)(C)C)C1=CC=CC=C1
337,CC(C)(OC1=CC=C(CCNC(=O)C2=CC=C(Cl)C=C2)C=C1)C(O)=O
338,OC1=CC=C(C=C1)C1=COC2=CC(O)=CC(O)=C2C1=O
339,[H][C@@]12CCC(=O)[C@@]1(C)CC[C@@]1([H])[C@@]2([H])CC=C2C[C@@]([H])(O)CC[C@]12C
340,CC(C)C(=O)[C@@]12C(O)=C(CC=C(C)C)C(=O)[C@@](CC=C(C)C)(C[C@H](CC=C(C)C)[C@@]1(C)CCC=C(C)C)C2=O
341,[H][C@@]12CC[C@H](C(C)=O)[C@@]1(C)CC[C@@]1([H])[C@@]2([H])CC=C2C[C@@H](O)CC[C@]12C
342,CC\\C(=C(/C1=CC=C(O)C=C1)C1=CC=C(OCCN(C)C)C=C1)C1=CC=CC=C1
343,OC1=CC=C(C=C1)C1(OC(=O)C2=CC=CC=C12)C1=CC=C(O)C=C1
344,OC(C1=CC=C(C=C1)N(CC(F)(F)F)S(=O)(=O)C1=CC=CC=C1)(C(F)(F)F)C(F)(F)F
345,OC1=CC(Cl)=CC=C1OC1=C(Cl)C=C(Cl)C=C1
346,CC1=CC(\\C=C\\C#N)=CC(C)=C1NC1=CC=NC(NC2=CC=C(C=C2)C#N)=N1
347,CO[C@H]1C[C@H](O[C@H]2[C@H](C)[C@@H](O[C@@H]3O[C@H](C)C[C@@H]([C@H]3OC(C)=O)N(C)C)[C@@H](C)C[C@@]3(CO3)C(=O)[C@H](C)[C@@H](OC(C)=O)[C@@H](C)[C@@H](C)OC(=O)[C@@H]2C)O[C@@H](C)[C@@H]1OC(C)=O
348,CC(C)(OC1=CC=C(C=C1)C(=O)C1=CC=C(Cl)C=C1)C(O)=O
349,CN1C=C(C2=CC=CC=C12)C1=C(C(=O)NC1=O)C1=CN(C2CCN(CC3=CC=CC=N3)CC2)C2=CC=CC=C12
350,C[C@@H](CC1=CC(O)=C(O)C=C1)[C@H](C)CC1=CC(O)=C(O)C=C1
351,NC1=CC(O)=C(C=C1)C(O)=O
352,NC1=CC(C(O)=O)=C(O)C=C1
353,OC(=O)CC1(CC1)CS[C@H](CCC1=CC=CC=C1C(O)(C)C)C1=CC=CC(\\C=C\\C2=NC3=C(C=CC(Cl)=C3)C=C2)=C1
354,CC1=C(Cl)C(NC2=CC=CC=C2C(O)=O)=C(Cl)C=C1
355,OC(=O)CCNC(=O)C1=CC=C(C=C1)\\N=N\\C1=CC=C(O)C(=C1)C(O)=O
356,FC(F)(F)C1=CC(NC2=C(C=CC=N2)C(=O)OCCN2CCOCC2)=CC=C1
357,CC(=O)OC1=CC=CC2=C1C(=O)C1=C(OC(C)=O)C=C(C=C1C2=O)C(O)=O
358,COC1=CC(NC2=NC=C(F)C(NC3=NC4=C(OC(C)(C)C(=O)N4COP(O)(O)=O)C=C3)=N2)=CC(OC)=C1OC
359,OC(=O)C1=CC2=C(C(O)=C1)C(=O)C1=C(C=CC=C1O)C2=O
360,[H][C@@](C)(CC[C@]([H])(N)[C@]([H])(C)C(O)=O)C[C@]([H])(C)[C@]([H])(CC1=CC=CC=C1)OC
361,[H][C@](C)(\\C=C(/C)\\C=C\\[C@]([H])(N)[C@]([H])(C)C(O)=O)[C@]([H])(CC1=CC=CC=C1)OC
362,COC(=O)[C@H](CC1=CC=CC=C1)NC(=O)[C@@H](N)CC(O)=O
363,COC1=CC=CC(=C1)C1(O)CCCCC1CN(C)C
364,CC(=O)NC1=CC=C(O)C=C1
365,CCCCCC[C@@H](O)C\\C=C/CCCCCCCC(O)=O
366,CCN(CC)CC(=O)OC1=CC=C(NC(C)=O)C=C1
367,[H][C@]1(CCC(C)=C[C@H]1C1=C(O)C=C(CCC)C=C1O)C(C)=C
368,OC1=C(CC2=C(O)C3=C(OC2=O)C=CC=C3)C(=O)OC2=C1C=CC=C2
369,NC(=N)C1=CC2=C(NC(=N2)C2=CC=CC(C3=CC=CC=C3)=C2O)C=C1
370,NC(=N)C1=CC2=C(NC(CC3=NC4=C(N3)C=CC=C4)=N2)C=C1
371,NC(=[NH2+])C1=CC2=C(C=C1)N=C(N2)C1=CC=CC=C1O
372,NC(=[NH2+])C1=CC=C2NC(=CC2=C1)C1=CC=CC(=C1[O-])C1=CC=CC=C1
373,N[C@@H](CC(C(O)=O)C(O)=O)C(O)=O
374,NC(=[NH2+])C1=CC2=C(NC(=C2)C2=CC=CC(=C2O)C2=CC=CC=C2)C=C1Cl
375,[H][C@]1(CCCN1C(=O)CNC1CCCC1)C(=O)NCC1=CC=C(C=C1)C(N)=N
376,[H][C@]1(CCCN1C(=O)CNC1CCCCC1)C(=O)NCC1=CC=C(C=C1)C(N)=N
377,[H][C@]1(CCCN1C(=O)CNC1CCCCCC1)C(=O)NCC1=CC=C(C=C1)C(N)=N
378,[H][C@]1(CCCN1C(=O)CNC1CCCCCCC1)C(=O)NCC1=CC=C(C=C1)C(N)=N
379,[H][C@]1(CCCN1C(=O)COC1CCCC1)C(=O)NCC1=CC=C(C=C1)C(N)=N
380,[H][C@]1(CCCN1C(=O)COC1CCCCC1)C(=O)NCC1=CC=C(C=C1)C(N)=N
381,[H][C@]1(CCCN1C(=O)CCC1CCCC1)C(=O)NCC1=CC=C(C=C1)C(N)=N
382,[H][C@]1(CCCN1C(=O)CCC1CCCCC1)C(=O)NCC1=CC=C(C=C1)C(N)=N
383,C\\C(=C/S(=O)(=O)N[C@@]1([H])CCN([C@](C)([H])C(=O)N2CCOCC2)C1=O)C1=CC=C(Cl)S1
384,[H][C@@](C)(N1CC[C@]([H])(NS(=O)(=O)CCC2=CC=C(Cl)S2)C1=O)C(=O)N1CCOCC1
385,C[C@H](N1CC[C@H](NS(=O)(=O)\\C=C\\C2=CC=C(Cl)S2)C1=O)C(=O)N1CCOCC1
386,CN(C)C1=C2C=CC=C(C2=CC=C1)S(O)(=O)=O
387,OC(=O)C(=O)CC1=CC=C(O)C=C1
388,N[C@@H](CCCNC(N)=N)C(=O)C1=NC2=CC=CC=C2S1
389,NC1=C(C=C(NC2=CC=C(NC3=NC(Cl)=NC(NC4=CC=CC=C4S(O)(=O)=O)=N3)C(=C2)S(O)(=O)=O)C2=C1C(=O)C1=CC=CC=C1C2=O)S(O)(=O)=O
390,[H][C@@]1(C[C@@]2([H])C(=O)OC3=C(C=CC=C3)C2=O)C(=O)OC2=CC=CC=C2C1=O
391,NC1=NC(NC2=CC=C(C=C2)S(N)(=O)=O)=NN1C(=S)NC1=C(F)C=CC=C1F
392,[H][C@@]12CC[C@](OC(C)=O)(C(C)=O)[C@@]1(C)CC[C@@]1([H])[C@@]2([H])C[C@H](C)C2=CC(=O)CC[C@]12C
393,CC[C@H]1OC(=O)[C@H](C)[C@@H](O[C@H]2C[C@@](C)(OC)[C@@H](O)[C@H](C)O2)[C@H](C)[C@@H](O[C@@H]2O[C@H](C)C[C@@H]([C@H]2O)N(C)C)[C@](C)(O)C[C@@H](C)C(=NOCOCCOC)[C@H](C)[C@@H](O)[C@]1(C)O
394,OC(COC1=CC=CC2=C1C=CC=N2)CN1CCN(CC1)C(=O)C(C1=CC=CC=C1)C1=CC=CC=C1
395,COC1=C(C=C(Cl)C=C1)C(=O)NCCC1=CC=C(C=C1)S(=O)(=O)NC(=O)NC1CCCCC1
396,CC(C)(SC1=CC(=C(O)C(=C1)C(C)(C)C)C(C)(C)C)SC1=CC(=C(O)C(=C1)C(C)(C)C)C(C)(C)C
397,CCC1=C(NC2CCOCC2)N=C(NC2=CC=C(N3CCC(CC3)N3CCN(C)CC3)C(OC)=C2)C(=N1)C(N)=O
398,COC1=CC(=CC=C1NC1=NC=C(Cl)C(NC2=CC=CC=C2P(C)(C)=O)=N1)N1CCC(CC1)N1CCN(C)CC1
399,NC(=N)NC(=N)NCCC1=CC=CC=C1
400,CC1=NN=C(N1)C1=CC=CC=C1NC1=NC=NC2=C1C=CN2
401,ClC1=CNC2=C1C(=NC=N2)N1CCC2=C(C1)N=CN2
402,CC(O)(P(O)(O)=O)P(O)(O)=O
403,[H][C@@](COC(=O)CCCCCCCCCCCCCCCCC)(COP(O)(=O)OCC[N+](C)(C)C)OC(=O)CCCCCCCCCCCCCCCCC
404,CCC1=C(C)CN(C(=O)NCCC2=CC=C(C=C2)S(=O)(=O)NC(=O)N[C@H]2CC[C@H](C)CC2)C1=O
405,CC(C)[C@H]1CC[C@@H](CC1)C(=O)N[C@H](CC1=CC=CC=C1)C(O)=O
406,CCOC1=C(C=CC(CC(=O)N[C@@H](CC(C)C)C2=CC=CC=C2N2CCCCC2)=C1)C(O)=O
407,CC1=NC=C(N=C1)C(=O)NCCC1=CC=C(C=C1)S(=O)(=O)NC(=O)NC1CCCCC1
408,[H][C@@]12CCC[C@]1([H])CN(C2)NC(=O)NS(=O)(=O)C1=CC=C(C)C=C1
409,COC1=CC2=C(C=C1)C(C)(C)C(=O)N(CCC1=CC=C(C=C1)S(=O)(=O)NC(=O)NC1CCCCC1)C2=O
410,[H][C@@](CC(=O)N1C[C@@]2([H])CCCC[C@@]2([H])C1)(CC1=CC=CC=C1)C(O)=O
411,COCCOC1=CN=C(NS(=O)(=O)C2=CC=CC=C2)N=C1
412,NC1=NC(=O)\\C(N1)=C1/CCNC(=O)C2=C1C=CN2
413,CN1CCN(CC1)C1=CC=C(C(=O)NC2=NNC3=CC=C(CC4=CC(F)=CC(F)=C4)C=C23)C(NC2CCOCC2)=C1
414,CN1CCN(CC2=CC=C(C=C2)C(=O)NC2=CC(NC3=NC=CC(=N3)C3=CN=CC=C3)=C(C)C=C2)CC1
415,CC1=CC=C(NC(=O)C2=CC=CN=C2)C=C1NC1=NC=CC(=N1)C1=CC=CN=C1
416,CC1=CN(C=N1)C1=CC(NC(=O)C2=CC=C(C)C(NC3=NC=CC(=N3)C3=CN=CC=C3)=C2)=CC(=C1)C(F)(F)F
417,COC1=CC(NC2=C(C=NC3=CC(OCCCN4CCN(C)CC4)=C(OC)C=C23)C#N)=C(Cl)C=C1Cl
418,CNC(=O)C1=CC(OC2=CC(F)=C(NC(=O)NC3=CC=C(Cl)C(=C3)C(F)(F)F)C=C2)=CC=N1
419,CN1CCN(CC2=CC=C(NC(=O)C3=CC(C#CC4=CN=C5C=CC=NN45)=C(C)C=C3)C=C2C(F)(F)F)CC1
420,CC(C)OC1=C(F)C=C(C=C1)C1=NN([C@@H](C)C2=C(C3=CC=CC(F)=C3)C(=O)C3=CC(F)=CC=C3O2)C2=C1C(N)=NC=N2
421,OC[C@H]1O[C@H](S[Au])[C@H](O)[C@@H](O)[C@@H]1O
422,C\\C=C1/NC(=O)[C@H]2CSSCC\\C=C\\[C@H](CC(=O)N[C@H](C(C)C)C(=O)N2)OC(=O)[C@@H](NC1=O)C(C)C
423,CCCCC\\C=C/C\\C=C/C=C/C=C/[C@@H](SC[C@H](NC(=O)CC[C@H](N)C(O)=O)C(=O)NCC(O)=O)[C@@H](O)CCCC(O)=O
424,CCCCNC1=C(OC2=CC=CC=C2)C(=CC(=C1)C(O)=O)S(N)(=O)=O
425,[H][C@]1(O)CCC(C)(C)[C@]2([H])[C@]([H])(O)[C@]([H])(OC(C)=O)[C@@]3(C)O[C@](C)(CC(=O)[C@]3(O)[C@@]12C)C=C
426,OC(=O)C1=NN(CC2=C(Cl)C=C(Cl)C=C2)C2=C1C=CC=C2
427,COC1=C(OCCCN2CCOCC2)C=CC2=C1N=C(NC(=O)C1=CN=C(N)N=C1)N1CCN=C21
428,CC1=CC2=C(C(O)=C1)C(=O)C1=C(C=C(O)C=C1O)C2=O
429,O[C@H]1[C@@H](O)[C@@H](OP(O)(=O)OP(O)(O)=O)O[C@@H]1COP(O)(O)=O
430,CSC[C@H]1N[C@H]([C@H](O)[C@@H]1O)C1=CNC2=C1N=CNC2N
431,[H][C@]1(CO)O[C@@]([H])(C2=C3N=CN=C(N)C3=NN2)[C@]([H])(O)[C@]1([H])O
432,[H][C@]1(CSC)O[C@@]([H])(N2C=CC3=C(N)N=CN=C23)[C@]([H])(O)[C@]1([H])O
433,[H][C@@](CO)(NC1=NC2=C(N=CN2C(C)C)C(NC2=CC=C(C(O)=O)C(Cl)=C2)=N1)C(C)C
434,CSC[C@H]1O[C@H]([C@H](O)[C@@H]1O)N1C=NC2=C1N=CN=C2N
435,[H][C@]1(COP(O)([O-])=O)O[C@@]([H])([N+]2=CC=CC(=C2)C(O)=O)[C@]([H])(O)[C@]1([H])O
436,CC1=CC=C(O)C(O)=C1
437,CN1C2=C(NC=N2)C(=O)N(C)C1=O
438,C[N+](C)(C)CCO.CN1C2=C([N-]C=N2)C(=O)N(C)C1=O
439,ONC(=O)CCCCCCC(=O)NC1=CC=CC=C1
440,CCCCC1=NC2=C(C=CC(\\C=C\\C(=O)NO)=C2)N1CCN(CC)CC
441,[H][C@@]12CC[C@](O)(C(=O)CS)[C@@]1(C)C[C@H](O)[C@@]1([H])[C@@]2([H])CCC2=CC(=O)CC[C@]12C
442,NC1=CC=CC=C1NC(=O)C1=CC=C(CNC2=NC=CC(=N2)C2=CC=CN=C2)C=C1
443,[H][C@@]12CCC[C@]1([H])N([C@@H](C2)C(O)=O)C(=O)[C@H](C)N[C@@H](CCC1=CC=CC=C1)C(=O)OCC
444,COCCOC[C@H](CC1(CCCC1)C(=O)N[C@H]1CC[C@H](CC1)C(O)=O)C(=O)OC1=CC2=C(CCC2)C=C1
445,NCCCC[C@H](N[C@@H](CCC1=CC=CC=C1)C(O)=O)C(=O)N1CCC[C@H]1C(O)=O
446,[H][C@]12C[C@H](N(C(=O)[C@H](C)N[C@@H](CCC)C(=O)OCC)[C@@]1([H])CCCC2)C(O)=O
447,[H][C@]12CCC[C@H](N1C(=O)[C@H](CCS2)NC(=O)[C@@H](S)CC1=CC=CC=C1)C(O)=O
448,C[C@H](CS)C(=O)N1CCC[C@H]1C(O)=O
449,C[C@@H](CS)C(=O)N1CCC[C@H]1C(O)=O
450,[H][C@@](C)(N[C@@]([H])(CCC1=CC=CC=C1)C(O)=O)C(=O)N1CCC[C@@]1([H])C(O)=O
451,[H][C@@]12CC[C@@](O)(C#C)[C@@]1(CC)CC[C@]1([H])[C@@]3([H])CCC(=O)C=C3CC[C@@]21[H]
452,[H][C@@]12CCC(=O)[C@@]1(C)CC[C@]1([H])C3=C(CC[C@@]21[H])C=C(O)C=C3
453,[H]\\C(C)=C(/C(=C(\\[H])C)/C1=CC=C(O)C=C1)\\C1=CC=C(O)C=C1
454,COC1=C(O)C=C(C=C1)[C@@H]1CC(=O)C2=C(O)C=C(O)C=C2O1
455,[H][C@@]12C[C@@H](O)[C@H](O)[C@@]1(C)CC[C@]1([H])C3=C(CC[C@@]21[H])C=C(O)C=C3
456,[H][C@@]12CC[C@@](O)(C#C)[C@@]1(C)CC[C@]1([H])C3=C(CC[C@@]21[H])CC(=O)CC3
457,C[C@H]1CCC[C@H](O)CCCCCC2=CC(O)=CC(O)=C2C(=O)O1
458,OC1=CC=C(C=C1)[C@H]1COC2=C(C1)C=CC(O)=C2
459,NCC(CC(O)=O)C1=CC=C(Cl)C=C1
460,CC(=O)NCCCS(O)(=O)=O
461,OC(=N)CCCN=C(C1=CC=C(Cl)C=C1)C1=C(O)C=CC(F)=C1
462,CCCCP(O)(=O)CCCN
463,[H][C@@](CN)(CC(O)=O)C1=CC=C(Cl)C=C1
464,CC(C)[C@H](OC(=O)NC[C@H](CC(O)=O)C1=CC=C(Cl)C=C1)OC(=O)C(C)C
465,CC(C)C[C@H](NC(=O)[C@H](CC1=CC=CC=C1)NC(=O)C1=CN=CC=N1)B(O)O
466,[H][C@](O)([C@@]1([H])CCCC=C1)[C@]1(NC(=O)[C@]2([H])CCO[C@]12C)C=O
467,CC(C)C[C@H](NC(=O)[C@H](CCC1=CC=CC=C1)NC(=O)CN1CCOCC1)C(=O)N[C@@H](CC1=CC=CC=C1)C(=O)N[C@@H](CC(C)C)C(=O)[C@@]1(C)CO1
468,[H][C@@]12OC3=C(O)C=CC4=C3[C@@]11CCN(C)[C@]([H])(C4)[C@]1([H])C=C[C@@H]2O
469,[H][C@]12C=C[C@H](O)[C@@H]3OC4=C5C(C[C@H]1N(C)CC[C@@]235)=CC=C4OC
470,[H][C@@]12OC3=C(O)C=CC4=C3[C@@]11CCN(C)[C@]([H])(C4)[C@]1([H])CCC2=O
471,COC1=C2O[C@H]3C(=O)CC[C@@]4(O)[C@H]5CC(C=C1)=C2[C@@]34CCN5C
472,[H][C@@]12CC3=C(C=C(O)C=C3)[C@]3(CCCC[C@@]13O)CCN2CC1CCC1
473,CC1C2CC3=C(C=C(O)C=C3)C1(C)CCN2CC=C(C)C
474,[H][C@@]12OC3=C(O)C=CC4=C3[C@@]11CCN(CC3CC3)[C@]([H])(C4)[C@]1(O)CCC2=O
475,CN(C)C(=O)C(CCN1CCC(O)(CC1)C1=CC=C(Cl)C=C1)(C1=CC=CC=C1)C1=CC=CC=C1
476,O[C@H]1CC[C@@]2(O)[C@H]3CC4=CC=C(O)C5=C4[C@@]2(CCN3CC2CCC2)[C@H]1O5
477,[H][C@@]12CCCC[C@@]11CCN(C)[C@@H]2CC2=C1C=C(O)C=C2
478,CN1C2=C(C3=CC=CC=C13)C(=O)C(CN1C=CN=C1C)CC2
479,CO[C@]12CC[C@@]3(C[C@@H]1[C@](C)(O)C(C)(C)C)[C@H]1CC4=C5C(O[C@@H]2[C@@]35CCN1CC1CC1)=C(O)C=C4
480,[H][C@@]12OC3=C(OC)C=CC4=C3[C@@]11CCN(C)[C@]([H])(C4)[C@]1([H])CCC2=O
481,OC1=CC=C2C[C@H]3N(CC=C)CC[C@@]45[C@@H](OC1=C24)C(=O)CC[C@@]35O
482,[H][C@@]12OC3=C(O)C=CC4=C3[C@@]11CCN(C)[C@]([H])(C4)[C@]1(O)CCC2=O
483,[H][C@@]12CC3=CC=C(O)C=C3[C@@](C)(CCCCC1)[C@H]2N
484,ClC1=CC=CC(N2CCN(CCCCOC3=CC4=C(CCC(=O)N4)C=C3)CC2)=C1Cl
485,[H][C@]12CC3=C4C(OC5[C@@]4(CCN1C)[C@]21CC(C(C)(O)CCC)C5(OC)C=C1)=C(O)C=C3
486,[H][C@@]12OC3=C(O)C=CC4=C3[C@@]11CCN(CC3CC3)[C@]([H])(C4)[C@]11CC[C@@]2(OC)[C@H](C1)C(C)(C)O
487,CC1=CC(=C(NCCCN)C=C1)[N+]([O-])=O
488,CC[C@H]([C@@H](C)CN(C)C)C1=CC(O)=CC=C1
489,OC1=CC=C2C[C@H]3N(CC4CC4)CC[C@@]45[C@@H](OC1=C24)C(=C)CC[C@@]35O
490,C[C@H]1CN(C[C@H](CC2=CC=CC=C2)C(=O)NCC(O)=O)CC[C@@]1(C)C1=CC(O)=CC=C1
491,CCN1CCCC1CNC(=O)C1=CC(=C(N)C=C1OC)S(=O)(=O)CC
492,[H][C@]12C=C[C@H](O[C@@H]3O[C@@H]([C@@H](O)[C@H](O)[C@H]3O)C(O)=O)[C@@H]3OC4=C5C(C[C@H]1N(C)CC[C@@]235)=CC=C4O
493,CCC(=O)C1(CCN(C)CC1)C1=CC(O)=CC=C1
494,C[N@+]1(CC2CC2)CC[C@]23[C@H]4OC5=C(O)C=CC(C[C@@H]1[C@]2(O)CCC4=O)=C35
495,[H][C@@]12OC3=C(OCCN4CCOCC4)C=CC4=C3[C@@]11CCN(C)[C@]([H])(C4)[C@]1([H])C=C[C@@H]2O
496,COC1=CC=C(CN([C@@H](C)C2=NC(=CN2)C2=CC=CC=C2)C(=O)[C@@H](N)CC2=C(C)C=C(C=C2C)C(N)=O)C=C1C(O)=O
497,[H][C@@]12OC3=C4C(C[C@@]5([H])N(CC6CC6)CC[C@@]14[C@@]5(O)CC(C(=O)NC(C)(C)C1=NC(=NO1)C1=CC=CC=C1)=C2O)=CC=C3O
498,NC(=O)C1=CC=C2C[C@H]3N(CC4CC4)CC[C@@]4(CC(=O)CC[C@@]34O)C2=C1O
499,CSCC[C@H](NC(=O)[C@H](CC1=CC=CC=C1)NC(=O)CNC(=O)CNC(=O)[C@@H](N)CC1=CC=C(O)C=C1)C(O)=O
500,[H][C@@]12OC3=C(OC)C=CC4=C3[C@@]11CCN(C)[C@]([H])(C4)[C@]1(O)CC[C@]2([H])OCCOCCOCCOCCOCCOCCOC
501,COC1=CC=C(C=C1)C(CN(C)C)C1(O)CCCCC1
502,OC1(N2CCN=C2C2=CC=CC=C12)C1=CC=C(Cl)C=C1
503,CN[C@@H](C)[C@@H](O)C1=CC=CC=C1
504,CCN(CC)C(C)C(=O)C1=CC=CC=C1
505,CC(NC(C)(C)C)C(=O)C1=CC(Cl)=CC=C1
506,CN[C@@H](C)[C@H](O)C1=CC=CC=C1
507,OC(=O)CCCCCCNC1C2=CC=CC=C2CCC2=CC=CC=C12
508,[H][C@@]1(CC[C@@]2([H])[C@]3([H])[C@H](O)C[C@@]4([H])C[C@H](CC[C@]4(C)[C@@]3([H])CC[C@]12C)NCCCNCCCCNCCCN)[C@H](C)CC[C@@H](OS(O)(=O)=O)C(C)C
509,CN(C)CC(C1=CC=C(O)C=C1)C1(O)CCCCC1
510,CC1=CC(C)=C(C=C1)C(=O)OCC1=CC=C(C=C1)[C@@H](CN)C(=O)NC1=CC=C2C=NC=CC2=C1
511,N[C@@H](COC(N)=O)CC1=CC=CC=C1
512,NC(=O)C1=CC2=CC(=CC=C2O1)N1CCN(CCCCC2=CNC3=C2C=C(C=C3)C#N)CC1
513,NCCC1=CNC2=CC=C(O)C=C12
514,ClC1=C(CCN2CCN(CC2)C2=NSC3=CC=CC=C23)C=C2CC(=O)NC2=C1
515,[H][C@@]12CC3=CN(C)C4=C3C(=CC=C4)C1=C[C@H](CN2C)C(=O)NC(CC)CO
516,[H][C@@]12CC3=CNC4=CC=CC(=C34)[C@@]1([H])C[C@H](CN2CC=C)C(=O)N(CCCN(C)C)C(=O)NCC
517,[H][C@@]12CCCN1C(=O)[C@H](CC1=CC=CC=C1)N1C(=O)[C@](C)(NC(=O)[C@H]3CN(C)[C@]4([H])CC5=CNC6=CC=CC(=C56)[C@@]4([H])C3)O[C@@]21O
518,CN1CCN(CC1)C1=NC2=CC=CC=C2NC2=C1C=C(C)S2
519,CN1CCN(CC1)C1=NC2=CC(Cl)=CC=C2NC2=CC=CC=C12
520,[H][C@@]12CC3=CNC4=CC=CC(=C34)C1=C[C@@H](CN2C)NC(=O)N(CC)CC
521,OCCN1CCN(CCCN2C3=CC=CC=C3SC3=C2C=C(C=C3)C(F)(F)F)CC1
522,[H][C@@]12CCCN1C(=O)[C@H](CC1=CC=CC=C1)N1C(=O)[C@](C)(NC(=O)[C@H]3CN(C)[C@]4([H])CC5=CNC6=CC=CC(=C56)C4=C3)O[C@@]21O
523,[H][C@]12CC3=C(C(O)=C(O)C=C3)C3=CC=CC(CCN1C)=C23
524,CCC(=O)C1=CC2=C(SC3=CC=CC=C3N2CC(C)N(C)C)C=C1
525,[H]\\C(CCN1CCN(CCO)CC1)=C1/C2=CC=CC=C2SC2=C1C=C(C=C2)C(F)(F)F
526,CCCCCNC(=N)N\\N=C\\C1=CNC2=C1C=C(OC)C=C2
527,[H][C@@]12CC3=CNC4=CC=CC(=C34)[C@@]1([H])C[C@@H](CSC)CN2CCC
528,[H][C@@]12CCCN1C(=O)[C@H](CC(C)C)N1C(=O)[C@](NC(=O)[C@H]3CN(C)[C@]4([H])CC5=C(Br)NC6=CC=CC(=C56)C4=C3)(O[C@@]21O)C(C)C
529,OCCOCCN1CCN(CC1)C1=NC2=CC=CC=C2SC2=CC=CC=C12
530,CC1=C(CCN2CCC(CC2)C2=NOC3=C2C=CC(F)=C3)C(=O)N2CCCC(O)C2=N1
531,[H][C@@]12CC[C@H](O)[C@H](C(=O)OC)[C@@]1([H])C[C@]1([H])N(CCC3=C1NC1=CC=CC=C31)C2
532,CC(C)COC1=CC=C(CNC(=O)N(CC2=CC=C(F)C=C2)C2CCN(C)CC2)C=C1
533,FC1=CC=C(C=C1)N1C=C(C2CCN(CCN3CCNC3=O)CC2)C2=C1C=CC(Cl)=C2
534,COC1=CC2=C(CCNC(C)=O)C=CC=C2C=C1
535,COC1=CC(CCC2=CC=CC=C2OCC(CN(C)C)OC(=O)CCC(O)=O)=CC=C1
536,CN(C)CCO\\N=C(\\C=C\\C1=CC=C(O)C=C1)/C1=CC=CC=C1F
537,CC(C)[C@@H]1CC[C@@H](C)C[C@H]1O
538,[H][C@]12CC[C@]([H])(C[C@@H](C1)OC(=O)C(O)(C1=CC=CC=C1)C1=CC=CC=C1)[N+]21CCCC1
539,CC(C)N(CCC(C(N)=O)(C1=CC=CC=C1)C1=NC=CC=C1)C(C)C
540,[H][C@]12CC[C@]([H])(C[C@@H](C1)OC(=O)C(CO)C1=CC=CC=C1)[N+]2(C)C(C)C
541,CC(C)(C)C1=CC=C(C=C1)C(O)CCCN1CCC(CC1)C(O)(C1=CC=CC=C1)C1=CC=CC=C1
542,OC(CCN1CCCCC1)(C1CCCCC1)C1=CC=CC=C1
543,CN1CCCN=C1COC(=O)C(O)(C1CCCCC1)C1=CC=CC=C1
544,OC(CCN1CCCC1)(C1CCCCC1)C1=CC=CC=C1
545,[Br-].[H][C@@]12O[C@]1([H])[C@H]1C[C@H](C[C@@H]2[N+]1(C)C)OC(=O)[C@H](CO)C1=CC=CC=C1
546,NC(=O)C([C@@H]1CCN(CCC2=CC3=C(OCC3)C=C2)C1)(C1=CC=CC=C1)C1=CC=CC=C1
547,CC[N+](CC)(CC)CCC(O)(C1CCCCC1)C1=CC=CC=C1
548,[Br-].C[N+]1(C)C2CCC1CC(C2)OC(=O)C(O)C1=CC=CC=C1
549,CN1[C@H]2C[C@@H](C[C@@H]1[C@H]1O[C@@H]21)OC(=O)[C@H](CO)C1=CC=CC=C1
550,CCN(CC)C(=O)C1CN2CCC3=CC(OC)=C(OC)C=C3C2CC1OC(C)=O
551,CCN(CC1=CC=NC=C1)C(=O)C(CO)C1=CC=CC=C1
552,CC[N+](C)(CC)CCOC(=O)C1C2=CC=CC=C2OC2=CC=CC=C12
553,C[N+]1(C)CCC(C1)OC(=O)C(O)(C1CCCC1)C1=CC=CC=C1
554,CC(C)N(CC[C@H](C1=CC=CC=C1)C1=C(O)C=CC(C)=C1)C(C)C
555,CCN(CC)CC#CCOC(=O)C(O)(C1CCCCC1)C1=CC=CC=C1
556,OC(CCCN1CCCCC1)(C1=CC=CC=C1)C1=CC=CC=C1
557,CC(C)[N+](C)(CCC(C(N)=O)(C1=CC=CC=C1)C1=CC=CC=C1)C(C)C
558,C[N+]1(C)CCCC(C1)OC(=O)C(O)(C1=CC=CC=C1)C1=CC=CC=C1
559,CC(C)N(CC[C@H](C1=CC=CC=C1)C1=C(OC(=O)C(C)C)C=CC(CO)=C1)C(C)C
560,C[N+]1(C)CCN(CC(O)(C2CCCCC2)C2=CC=CC=C2)CC1
561,OC(C(=O)O[C@H]1C[N+]2(CCCOC3=CC=CC=C3)CCC1CC2)(C1=CC=CS1)C1=CC=CS1
562,OC(C1=CC=CC=C1)(C1=CC=CC=C1)C12CC[N+](CCOCC3=CC=CC=C3)(CC1)CC2
563,CC1=NC=CN1CCC(C(N)=O)(C1=CC=CC=C1)C1=CC=CC=C1
564,CCCC[N+]1(C)[C@H]2C[C@@H](C[C@@H]1[C@H]1O[C@@H]21)OC(=O)[C@H](CO)C1=CC=CC=C1
565,[H][C@]12CC[C@]([H])(C[C@@H](C1)OC(=O)C(O)C1=CC=CC=C1)N2C
566,CCN(CC)CC(C)OC(=O)[C@H]1CCCC[C@]1(O)C1CCCCC1
567,CCN(CC)CCNC(=O)C1=CC(Cl)=C(N)C=C1OC
568,CCC1=C(C)NC2=C1C(=O)C(CN1CCOCC1)CC2
569,[H][C@]1(C[C@@]2([H])O[C@](C)(N3C4=CC=CC=C4C4=C5CNC(=O)C5=C5C6=CC=CC=C6N2C5=C34)[C@]1([H])OC)NC
570,CC(C)[C@@H]1NC(=O)[C@H](CCCCN)NC(=O)[C@@H](CC2=CNC3=CC=CC=C23)NC(=O)[C@H](CC2=CC=C(O)C=C2)NC(=O)[C@H](CSSC[C@H](NC1=O)C(=O)N[C@@H](CC1=CNC2=CC=CC=C12)C(N)=O)NC(=O)[C@H](N)CC1=CC=CC=C1
571,CC(C)C1=CC=CC(C(C)C)=C1O
572,NS(=O)(=O)CC1=NOC2=CC=CC=C12
573,[H][C@]12OC3([O-])OC(C4C(O)[NH+]=C(N)NC4(C1O)[C@@H]3O)C2(O)CO
574,NC1=C2N=CN([C@@H]3O[C@H](CO)[C@@H](O)[C@H]3O)C2=NC=N1
575,CN1C2=C(N(CC(O)CO)C=N2)C(=O)N(C)C1=O
576,CCCN1C2=C(NC=N2)C(=O)NC1=O
577,NCC1(CC(O)=O)CCCCC1
578,CN1C=NC2=C1C(=O)NC(=O)N2C
579,NC1=NC=NC2=C1N=CN2[C@@H]1O[C@H](CO)[C@@H](O)[C@@H]1O
580,NC1=NC(=O)C2=C(N1)N(CCC(CO)CO)C=N2
581,CC(C)[C@H](N)C(=O)OCCOCN1C=NC2=C1NC(N)=NC2=O
582,NC1=NC(=O)C2=C(N1)N(COCCO)C=N2
583,NC1=NC2=C(N=CN2COC(CO)CO)C(=O)N1
584,CC(C)NCC(O)COC1=CC=C(CCOCC2CC2)C=C1
585,CCC(NC(C)C)C(O)C1=CC(O)=C(O)C=C1
586,COCCC1=CC=C(OCC(O)CNC(C)C)C=C1
587,CC(C)NCC(O)COC1=CC=C(CC(N)=O)C=C1
588,[H][C@](O)(CNC(C)(C)C)COC1=NSN=C1N1CCOCC1
589,CC(N)C(O)C1=CC=CC=C1
590,CC(C)NCC(O)C1=CC=C(NS(C)(=O)=O)C=C1
591,CC(C)(C)NCC(O)COC1=CC=CC2=C1CCC(=O)N2
592,CC(C)NCC(O)COC1=CC=CC2=C1C=CC=C2
593,CC(CCC1=CC=CC=C1)NCC(O)C1=CC(C(N)=O)=C(O)C=C1
594,CC(C)NCC(O)COC1=CC=C(COCCOC(C)C)C=C1
595,CNC[C@H](O)C1=CC(O)=C(O)C=C1
596,CC(CCC1=CC=C(O)C=C1)NCCC1=CC(O)=C(O)C=C1
597,CC(C)NCC(O)COC1=CC=CC=C1CC=C
598,OCC1=C(O)C=CC(=C1)C(O)CNCCCCCCOCCCCC1=CC=CC=C1
599,CC(C)NCC(O)COC1=CC=CC2=C1C=CN2
600,COC1=CC=C(CC(C)NCC(O)C2=CC(NC=O)=C(O)C=C2)C=C1
601,CC(C)(C)NCC(O)C1=CC(CO)=C(O)C=C1
602,CC(C)NCC(O)C1=CC(O)=C(O)C=C1
603,O[C@@H](CNCCCCC1=CC=C(O)C=C1)C1=CC(O)=C(O)C=C1
604,CCCNCC(O)COC1=C(C=CC=C1)C(=O)CCC1=CC=CC=C1
605,CCCC(=O)NC1=CC=C(OCC(O)CNC(C)C)C(=C1)C(C)=O
606,CC(C)(C)NCC(O)COC1=CC=CC2=C1C[C@H](O)[C@H](O)C2
607,CC(C)(C)NC[C@H](O)COC1=CC=CC2=C1CCCC2=O
608,CC(C)NCC(O)COC1=C(C)C(C)=C(OC(C)=O)C(C)=C1
609,CC(CC1=CC=C(O)C=C1)NCC(O)C1=CC(O)=CC(O)=C1
610,CC(C)(C)NCC(O)C1=NC(CO)=C(O)C=C1
611,COC1=C(OC)C=C(CCNCC(O)COC2=CC=CC(C)=C2)C=C1
612,CC(C)(C)NC[C@H](O)COC1=CC=CC=C1C1CCCC1
613,CC(C)(C)NCC(O)C1=CC(Cl)=C(N)C(Cl)=C1
614,CC(C)NCC(O)COC1=CC=CC=C1OCC=C
615,CCN(CC)C(=O)NC1=CC=C(OCC(O)CNC(C)(C)C)C(=C1)C(C)=O
616,CCCCN(CCCC)CCCOC1=CC=C(C=C1)C(=O)C1=C(CCCC)OC2=C1C=C(NS(C)(=O)=O)C=C2
617,OC(CNCC(O)C1CCC2=C(O1)C=CC(F)=C2)C1CCC2=C(O1)C=CC(F)=C2
618,[H][C@]1(CO)O[C@@]([H])(SCCCCCCCC)[C@]([H])(O)[C@@]([H])(O)[C@]1([H])O
619,CC1=CC2=C(N1)C=CC=C2OCC(CNC(C)(C)C)OC(=O)C1=CC=CC=C1
620,CC1=CC(OCC(O)CNC(C)(C)C)=C(Cl)C=C1
621,NC1=NC(CC(=O)NC2=CC=C(CCNC[C@H](O)C3=CC=CC=C3)C=C2)=CS1
622,CC(C)NCC(O)COC1=CC=CC2=C1OC(=C2)C(C)=O
623,CC(C)(C)NCC(O)CSC1=NC(=CS1)C1=CC=C(S1)C(N)=O
624,C[C@@H]([C@H](O)C1=CC=CC=C1)N(C)C
625,CC(C)NC[C@H](O)COC1=CC=CC2=C1C1=CC=CC=C1N2
626,CC1=C(C)C2=C(CCC(C)(COC3=CC=C(CC4SC(=O)NC4=O)C=C3)O2)C(C)=C1O
627,CN(CCOC1=CC=C(CC2SC(=O)NC2=O)C=C1)C1=CC=CC=N1
628,CC(C(O)=O)C1=CC(OC2=CC=CC=C2)=CC=C1
629,CC(C)N=C1C=C2N(C3=CC=C(Cl)C=C3)C3=C(C=CC=C3)N=C2C=C1NC1=CC=C(Cl)C=C1
630,CCCC1=NC2=C(C=C(C=C2C)C2=NC3=CC=CC=C3N2C)N1CC1=CC=C(C=C1)C1=CC=CC=C1C(O)=O
631,CCC1=CN=C(CCOC2=CC=C(CC3SC(=O)NC3=O)C=C2)C=C1
632,CC1=C(CCOC2=CC=C(CC3C(=O)NOC3=O)C=C2)N=C(O1)C1=CC=CC=C1
633,CSC1=CC=C(C=C1)C(=O)\\C=C\\C1=CC(C)=C(OC(C)(C)C(O)=O)C(C)=C1
634,COC1=CC=C(OC(=O)N(CC(O)=O)CC2=CC=C(OCCC3=C(C)OC(=N3)C3=CC=CC=C3)C=C2)C=C1
635,CC1=C(C)C2=C(C3=CC(C)=C(O[C@H](CC4=CC=CC=C4)C(O)=O)C(C)=C3)C3=CC=CC=C3C(Br)=C2S1
636,CCO[C@H](CC1=CC=C(OCCN2C3=CC=CC=C3OC3=C2C=CC=C3)C=C1)C(O)=O
637,CCO[C@@H](CC1=CC=C(OCCC2=CC=C(OS(C)(=O)=O)C=C2)C=C1)C(O)=O
638,[H][C@@](CC1=CC2=C(C=C1)N(CC1=C(C)OC(=N1)C1=C(Cl)C=CC=C1)C=C2)(OCC)C(O)=O
639,COC1=CC=C(C=C1)S(=O)(=O)N1C=C(CCC(O)=O)C2=CC(OC)=CC=C12
640,[O-][N+](=O)C1=CC=C(Cl)C(=C1)C(=O)NC1=CC=CC=C1
641,OC(=O)C1=C(NC(=O)C2=C(Cl)C=C(Cl)C=C2)C=CC(OC2=NC=CC=N2)=C1
642,CO[C@@H](CC1=CC=C(OCCC2=C(C)OC(=N2)C2=CC=CC=C2)C2=C1SC=C2)C(O)=O
643,CCC(C)(OC1=CC=C(C=C1)C1(CCCCC1)C1=CC=C(OC(C)(CC)C(O)=O)C=C1)C(O)=O
644,CC(C)C1=CC=C(CNNC(=O)C2=CC=C(O)C=C2)C=C1
645,O=C1C=C(OC2=C1C1=CC=CC=C1C=C2)C1=CC=CC=C1
646,O=C1C=C(OC2=CC=CC=C12)C1=CC=CC=C1
647,[H][C@]12C[C@@H](O)[C@H](CC[C@@H](O)CCCCC)[C@@]1([H])CC1=C(C2)C(OCC(O)=O)=CC=C1
648,CCCCCCCO[C@@H]1O[C@H](CO)[C@@H](O)[C@H](O)[C@H]1O
649,CC1=C(CSC2=CC(C)=C(OCC(O)=O)C=C2)SC(=N1)C1=CC=C(C=C1)C(F)(F)F
650,CC1=CC(OCCCC(C)(C)C(O)=O)=C(C)C=C1
651,CC1=C(SC(=N1)C1=CC=C(C=C1)C(F)(F)F)C(=O)NCC1=CC=C(OC(C)(C)C(O)=O)C=C1
652,CCCCC\\C=C/C[C@@H](O)\\C=C\\C=C\\C=C/[C@@H](O)CCCC(O)=O
653,CCC(=C)C(=O)C1=C(Cl)C(Cl)=C(OCC(O)=O)C=C1
654,[H][C@](N)(CCC(=O)N[C@@]([H])(CS[C@]1([H])C2=CC=CC=C2C2=CC=CC=C2[C@@]1([H])O)C(=O)NCC(O)=O)C(O)=O
655,N[C@@H](CSO)C(O)=O
656,[H]N([H])[C@@H](CCC(=O)N([H])[C@@H](CS(O)(=O)=O)C(=O)N([H])CC(O)=O)C(O)=O
657,[H][C@@]12CC[C@H]([C@H](C)CCC(O)=O)[C@@]1(C)[C@@H](O)C[C@@]1([H])[C@@]2([H])CC[C@]2([H])C[C@H](O)CC[C@]12C
658,CCCCCCSC[C@H](NC(=O)CC[C@H](N)C(O)=O)C(=O)NCC(O)=O
659,CC1=C2C3=C(C)C=C(O)C4=C3C3=C5C2=C(C(O)=C1)C(=O)C1=C5C(=C(O)C=C1O)C1=C(O)C=C(O)C(C4=O)=C31
660,CCOC(=O)C1=C[C@@H](OC(CC)CC)[C@H](NC(C)=O)[C@@H](N)C1
661,[H][C@]1(OC(=C[C@H](N=C(N)N)[C@H]1NC(C)=O)C(O)=O)[C@H](O)[C@H](O)CO
662,[H][C@]1(OC(=C[C@H](O)[C@H]1NC(C)=O)C(O)=O)[C@H](O)[C@H](O)CO
663,CC[C@H]1OC(=O)[C@H](C)[C@@H](O[C@H]2C[C@@](C)(OC)[C@@H](O)[C@H](C)O2)[C@H](C)[C@@H](O[C@@H]2O[C@H](C)C[C@@H]([C@H]2O)N(C)C)[C@](C)(O)C[C@@H](C)C(=O)[C@H](C)[C@@H](O)[C@]1(C)O
664,CN(CCOC1=CC=C(NS(C)(=O)=O)C=C1)CCC1=CC=C(NS(C)(=O)=O)C=C1
665,COC1=C(NC2=C3C=CC=CC3=NC3=CC=CC=C23)C=CC(NS(C)(=O)=O)=C1
666,CCCCCCCN(CC)CCCC(O)C1=CC=C(NS(C)(=O)=O)C=C1
667,OC(=O)C1=CN(C2CC2)C2=CC(N3CCNCC3)=C(F)C=C2C1=O
668,OCCOCCN1CCN(CC1)C(C1=CC=CC=C1)C1=CC=C(Cl)C=C1
669,CO[C@H]1CN(CCCOC2=CC=C(F)C=C2)CC[C@H]1NC(=O)C1=CC(Cl)=C(N)C=C1OC
670,[H][C@@]12CCN(C[C@@H]1C=C)[C@]([H])(C2)[C@@H](O)C1=C2C=C(OC)C=CC2=NC=C1
671,CCN(CC)CCNC(=O)C1=CC=C(N)C=C1
672,FC1=CC=C(C=C1)C(CCCN1CCC(CC1)N1C(=O)NC2=CC=CC=C12)C1=CC=C(F)C=C1
673,COC1=C(OC)C=C2C(N)=NC(=NC2=C1)N1CCN(CC1)C(=O)C1CCCO1
674,FC(F)(F)COC1=CC(C(=O)NCC2CCCCN2)=C(OCC(F)(F)F)C=C1
675,[H][C@@]1(C[C@@](C)(OC)[C@@H](O)[C@H](C)O1)O[C@H]1[C@H](C)[C@@H](O[C@]2([H])O[C@H](C)C[C@@H]([C@H]2O)N(C)C)[C@@](C)(C[C@@H](C)C(=O)[C@H](C)[C@@H](O)[C@](C)(O)[C@@H](CC)OC(=O)[C@@H]1C)OC
676,CCCCN(CCCC)CCC(O)C1=C2C=CC(=CC2=C2C=C(Cl)C=C(Cl)C2=C1)C(F)(F)F
677,CN1CCN(CCCCN2C(=O)CN(N=CC3=CC=C(O3)C3=CC=C(Cl)C=C3)C2=O)CC1
678,COC1=C(OC)C=C(CCO[C@@H]2CCCC[C@H]2N2CC[C@@H](O)C2)C=C1
679,C[C@@H](C1=NC(=CS1)C1=CC=C(C=C1)C#N)[C@](O)(CN1C=NC=N1)C1=C(F)C=CC(F)=C1
680,CCCC1=NN(C)C2=C1N=C(NC2=O)C1=CC(=CC=C1OCC)S(=O)(=O)N1CCN(C)CC1
681,[H][C@]12CC3=C(NC4=CC=CC=C34)[C@H](N1C(=O)CN(C)C2=O)C1=CC2=C(OCO2)C=C1
682,CCCC1=NC(C)=C2N1NC(=NC2=O)C1=C(OCC)C=CC(=C1)S(=O)(=O)N1CCN(CC)CC1
683,OCCN(CCO)C1=NC2=C(N=C(N=C2N2CCCCC2)N(CCO)CCO)C(=N1)N1CCCCC1
684,[H]N([H])[C@@H](CCC(=O)N([H])[C@@H](CSCC1=CC=CC=C1I)C(=O)N([H])CC(O)=O)C(O)=O
685,CC(C)CN1C2=C(N=CN2)C(=O)N(C)C1=O
686,COC1=NC=NC(NS(=O)(=O)C2=CC=C(N)C=C2)=C1OC
687,CC(=O)N[C@@H]1[C@@H](O)[C@H](O)[C@@H](CO)OC1=O
688,[H][C@]12O[C@H](CO)[C@@H](O)[C@H](O)[C@@]1([H])N=C(C)S2
689,[H]N([C@H]1N([H])C[C@H](CO)[C@H](O)[C@@H]1O)C(C)=O
690,[H][C@]12C[C@@H](OC(=O)C3=CC(OC)=C(OC)C(OC)=C3)[C@H](OC)[C@@H](C(=O)OC)[C@@]1([H])C[C@@]1([H])N(CCC3=C1NC1=C3C=CC(OC)=C1)C2
691,COC1=C(OC)C=C2C3CC(=O)C(CC(C)C)CN3CCC2=C1
692,NCCC1=CNC=N1
693,COC1=C(C)C(C)=C(\\C=C\\C(\\C)=C\\C=C\\C(\\C)=C\\C(O)=O)C(C)=C1
694,CC1(C)CCC(C)(C)C2=C1C=CC(NC(=O)C1=CC=C(C=C1)C(O)=O)=C2
695,CC(C)(C)C1=CC(=CC=C1N1CCCC1)C1=CC(=CC=C1OCCO)C1=CC=C(C=C1)C(O)=O
696,CC1=CC(=CC(C)=C1)C(=O)N(NC(=O)C1=C(C)C2=C(OCCO2)C=C1)C(C)(C)C
697,COC(C)(C)CCC[C@@](C)([H])C\\C=C\\C(\\C)=C\\C(O)=O
698,CCC1=C2NC3=C(CCOC3(CC)CC(O)=O)C2=CC=C1
699,[H][C@@]12CC[C@H](C(C)=O)[C@@]1(C)CC[C@@]1([H])[C@@]2([H])CC[C@]2([H])CC(=O)CC[C@]12C
700,COC1=CC=C(NC2=C(C(=O)N(CC3=CC=CC=C3)C2=O)C2=CC=CC=C2)C=C1
701,[H][C@@]12N(C)C3=CC(OC)=C(C=C3[C@@]11CCN3CC=C[C@@](CC)([C@@H](OC(C)=O)[C@]2(O)C(=O)OC)[C@@]13[H])[C@]1(C[C@@]2([H])CN(C[C@](O)(CC)C2)CCC2=C1NC1=C2C=CC=C1)C(=O)OC
702,CCCCC1=NC2(CCCC2)C(=O)N1CC1=CC=C(C=C1)C1=CC=CC=C1C1=NNN=N1
703,N[C@H](CCC(=O)N[C@@H](CC1=CNC2=CC=CC=C12)C(O)=O)C(O)=O
704,COC1=CC(C(O)CNC(=O)CN)=C(OC)C=C1
705,COC1=CC2=C(C=C1OC)C(N)=NC(=N2)N(C)CCCNC(=O)C1CCCO1
706,CNC[C@H](O)C1=CC(O)=CC=C1
707,FC1=CC=C(C=C1)C(=O)CCCN1CCC(=CC1)N1C(=O)NC2=CC=CC=C12
708,COC1=C(OC)C=C2C(N)=NC(=NC2=C1)N1CCN(CC1)C(=O)C1COC2=CC=CC=C2O1
709,CC1=CC=C(C=C1)N(CC1=NCCN1)C1=CC(O)=CC=C1
710,CCOC1=CC=CC=C1OCCN[C@H](C)CC1=CC(=C(OC)C=C1)S(N)(=O)=O
711,COC1=CC(C(O)C(C)N)=C(OC)C=C1
712,OC1=CC=C(C=C1)C1CNCCC2=C(Cl)C(O)=C(O)C=C12
713,CN(C)CCCN1C2=CC=CC=C2SC2=C1C=C(C=C2)C(C)=O
714,OCCN1CCN(CC\\C=C2\\C3=C(SC4=C2C=C(Cl)C=C4)C=CC=C3)CC1
715,COC1=C(OCCCN2CCC(CC2)C2=NOC3=C2C=CC(F)=C3)C=CC(=C1)C(C)=O
716,C[C@H](CC1=CC2=C(N(CCCO)CC2)C(=C1)C(N)=O)NCCOC1=CC=CC=C1OCC(F)(F)F
717,NC(=O)CS(=O)C(C1=CC=CC=C1)C1=CC=CC=C1
718,OC1CCN(CCCN2C3=CC=CC=C3SC3=C2C=C(C=C3)C#N)CC1
719,O=C1NC2=CC(OCCCCN3CCN(CC3)C3=C4C=CSC4=CC=C3)=CC=C2C=C1
720,COC1=CC2=C(C=C1)N=C(N2)S(=O)CC1=NC=C(C)C(OC)=C1C
721,CC1=C(OCC(F)(F)F)C=CN=C1CS(=O)C1=NC2=CC=CC=C2N1
722,CC(C)NC(=O)NS(=O)(=O)C1=C(NC2=CC=CC(C)=C2)C=CN=C1
723,CN1C(CCl)NC2=CC(Cl)=C(C=C2S1(=O)=O)S(N)(=O)=O
724,NS(=O)(=O)C1=C(Cl)C=CC(=C1)C1(O)NC(=O)C2=CC=CC=C12
725,NS(=O)(=O)C1=C(Cl)C=C(NCC2=CC=CO2)C(=C1)C(O)=O
726,NS(=O)(=O)C1=CC2=C(NCNS2(=O)=O)C=C1C(F)(F)F
727,CCC1NC(=O)C2=CC(=C(Cl)C=C2N1)S(N)(=O)=O
728,CN1CCC[C@@H]1CC1=CNC2=C1C=C(CCS(=O)(=O)C1=CC=CC=C1)C=C2
729,CN(C)CCC1=CNC2=CC=C(C[C@H]3COC(=O)N3)C=C12
730,CNS(=O)(=O)CC1=CC=C2NC=C(CCN(C)C)C2=C1
731,CN(C)CCC1=CNC2=C1C=C(CS(=O)(=O)N1CCCC1)C=C2
732,CNS(=O)(=O)CCC1=CC2=C(NC=C2C2CCN(C)CC2)C=C1
733,CN(C)CCC1=CNC2=C1C=C(CN1C=NC=N1)C=C2
734,CN[C@@H]1CCC2=C(C1)C1=C(N2)C=CC(=C1)C(N)=O
735,[H][C@@]12CC[C@H](OC(=O)CCCCCCCCC)[C@@]1(C)CC[C@]1([H])[C@@]3([H])CCC(=O)C=C3CC[C@@]21[H]
736,CCCN[C@H]1CCC2=C(C1)SC(N)=N2
737,CN(C)S(=O)(=O)C1=CC2=C(SC3=CC=CC=C3N2CCCN2CCC(CCO)CC2)C=C1
738,[H][C@@]12CC3=CNC4=CC=CC(=C34)C1=C[C@H](CN2C)C(=O)N(CC)CC
739,O=C1NC2=C(O1)C(=CC=C2)N1CCN(CC2=CC(=CC=C2)C2=CC=CC=C2)CC1
740,FC(F)(F)C1=CC(=CC=C1)N1CCN(CCN2C(=O)NC3=CC=CC=C23)CC1
741,CCCN(CCC1=CC=CS1)[C@H]1CCC2=C(O)C=CC=C2C1
742,CN(C)C(=O)N[C@H]1CC[C@H](CCN2CCN(CC2)C2=C(Cl)C(Cl)=CC=C2)CC1
743,CCOC1=CC(N)=C(C=C1C(=O)NC1CCN(CC2CCC=CC2)CC1)[N+]([O-])=O
744,CCCC1=CC(O)=C2[C@@H]3C=C(C)CC[C@H]3C(C)(C)OC2=C1
745,CN1CCN(CC1)C1=C2OC(=O)NC2=CC=C1
746,COC1=CC=C2NC=C(CCN(C)C)C2=C1
747,[H][C@]12CN(C[C@@]1([H])NCCC2)C1=C(F)C=C2C(=O)C(=CN(C3CC3)C2=C1OC)C(O)=O
748,CC1CN(CCN1)C1=C(F)C(C)=C2C(=O)C(=CN(C3CC3)C2=C1)C(O)=O
749,CCN1C=C(C(O)=O)C(=O)C2=CC(F)=C(N=C12)N1CCNCC1
750,CCN1C=C(C(O)=O)C(=O)C2=CC(F)=C(C=C12)N1CCN(C)CC1
751,[H][C@@]12CN(C[C@]1([H])[C@H]2N)C1=NC2=C(C=C1F)C(=O)C(=CN2C1=C(F)C=C(F)C=C1)C(O)=O
752,CCN1C=C(C(O)=O)C(=O)C2=CC(F)=C(N3CCNC(C)C3)C(F)=C12
753,CCN1C=C(C(O)=O)C(=O)C2=CC(F)=C(C=C12)N1CCNCC1
754,C[C@H]1COC2=C3N1C=C(C(O)=O)C(=O)C3=CC(F)=C2N1CCN(C)CC1
755,CO\\N=C1/CN(CC1CN)C1=NC2=C(C=C1F)C(=O)C(=CN2C1CC1)C(O)=O
756,CC1COC2=C3N1C=C(C(O)=O)C(=O)C3=CC(F)=C2N1CCN(C)CC1
757,C[C@H]1CN(C[C@@H](C)N1)C1=C(F)C(N)=C2C(=O)C(=CN(C3CC3)C2=C1F)C(O)=O
758,CC1CN(CCN1)C1=C(F)C=C2C(=O)C(=CN(C2=C1)C1=C(F)C=C(F)C=C1)C(O)=O
759,CN1CCN(CC1)C1=C(F)C=C2C(=O)C(=CN(CCF)C2=C1F)C(O)=O
760,N[C@@H]1CCCCN(C1)C1=C(F)C=C2C(=O)C(=CN(C3CC3)C2=C1Cl)C(O)=O
761,[H][C@]12CN(C[C@]1([H])OCCN2)C1=C(F)C=C2C(=O)C(=CN(C3CC3)C2=C1C#N)C(O)=O
762,CNC1=NC=C(C=C1C)C1=CC=C2C(=O)C(=CN(C3CC3)C2=C1C)C(O)=O
763,C[C@@H](CN1CC(=O)NC(=O)C1)N1CC(=O)NC(=O)C1
764,COC1=CC=CC2=C1C(=O)C1=C(O)C3=C(C[C@](O)(C[C@@H]3O[C@H]3C[C@H](N)[C@H](O)[C@H](C)O3)C(C)=O)C(O)=C1C2=O
765,[H][C@]12COC(=O)[C@]1([H])[C@H](C1=CC(OC)=C(O)C(OC)=C1)C1=CC3=C(OCO3)C=C1[C@H]2O[C@@H]1O[C@]2([H])CO[C@@H](C)O[C@@]2([H])[C@H](O)[C@H]1O
766,COC1=CC=CC2=C1C(=O)C1=C(O)C3=C(C[C@](O)(C[C@@H]3O[C@H]3C[C@H](N)[C@H](O)[C@H](C)O3)C(=O)CO)C(O)=C1C2=O
767,[H][C@]12COC(=O)[C@]1([H])[C@H](C1=CC(OC)=C(OC)C(OC)=C1)C1=CC3=C(OCO3)C=C1[C@@H]2O
768,CCN(CC)CCNC1=C2C(=O)C3=CC=CC=C3SC2=C(C)C=C1
769,CO[C@@H]1[C@@H](N)[C@@H](O[C@H]2[C@H](OC3=CC=CC4=C3C3=C5C(C(=O)OC6=C5C(=C(C)C=C6)C(=O)O3)=C4O)O[C@H](C)[C@H](O)[C@]2(C)O)O[C@H](C)[C@@H]1O
770,CCN(CC)CCN1C(=O)C2=C(C1=O)C1=C(N([C@@H]3O[C@H](CO)[C@@H](OC)[C@H](O)[C@H]3O)C3=C(Cl)C=CC=C13)C1=C2C2=C(N1)C(Cl)=CC=C2
771,CCN(CC)CCNC(=O)C1=CC=C(N)C(Cl)=C1
772,C[C@@H]1CC(=O)NN=C1C1=CC=C(NN=C(C#N)C#N)C=C1
773,CC1=NS(=O)(=O)C2=C(N1)C=CC(Cl)=C2
774,CCCC(C)C1(CC=C)C(=O)NC(=S)NC1=O
775,NC1=CC(=NC(N)=[N+]1[O-])N1CCCCC1
776,[H][C@@]12CO[C@@]3(COS(N)(=O)=O)OC(C)(C)O[C@@]3([H])[C@]1([H])OC(C)(C)O2
777,CCOC1=CC2=C(C=C1)N=C(S2)S(N)(=O)=O
778,CCOC(=O)C1=C(COCCN)NC(C)=C(C1C1=CC=CC=C1Cl)C(=O)OC
779,NS(=O)(=O)C1=CC2=C(NC(CC3=CC=CC=C3)NS2(=O)=O)C=C1C(F)(F)F
780,NS(=O)(=O)C1=CC2=C(C=C1Cl)N=C(CSCC1=CC=CC=C1)NS2(=O)=O
781,NS(=O)(=O)C1=C(Cl)C=C2NC(NS(=O)(=O)C2=C1)C1CC2CC1C=C2
782,CN1N=C(S\\C1=N\\C(C)=O)S(N)(=O)=O
783,CC(=O)NC1=NN=C(S1)S(N)(=O)=O
784,CCN[C@H]1C[C@H](C)S(=O)(=O)C2=C1C=C(S2)S(N)(=O)=O
785,NS(=O)(=O)C1=C(Cl)C=C2NC=NS(=O)(=O)C2=C1
786,NS(=O)(=O)C1=C(Cl)C=C2NC(NS(=O)(=O)C2=C1)C(Cl)Cl
787,CCN[C@H]1CN(CCCOC)S(=O)(=O)C2=C1C=C(S2)S(N)(=O)=O
788,CC(=O)NCCC1=CC=C(C=C1)S(N)(=O)=O
789,CCOC(=O)CCC1=CC=C(C=C1)S(N)(=O)=O
790,CCN1CCCC1CNC(=O)C1=C(OC)C=CC(=C1)S(N)(=O)=O
791,CC1=CC=C(C=C1)C1=CC(=NN1C1=CC=C(C=C1)S(N)(=O)=O)C(F)(F)F
792,CC1=C(C(=NO1)C1=CC=CC=C1)C1=CC=C(C=C1)S(N)(=O)=O
793,NS(=O)(=O)OC1=CC=C2C3=C(CCCCC3)C(=O)OC2=C1
794,CC1=CNC=N1
795,NS(=O)(=O)C1=NC2=C(S1)C=C(O)C=C2
796,COC1=CC2=C(C=C1)C=C(CCC(C)=O)C=C2
797,OC(=O)C1CCN2C1=CC=C2C(=O)C1=CC=CC=C1
798,CN1C(C(=O)NC2=CC=CC=N2)=C(O)C2=C(C=CS2)S1(=O)=O
799,CN1C(CC(O)=O)=CC=C1C(=O)C1=CC=C(C)C=C1
800,CS(=O)(=O)C1=CC=C(C=C1)C1=C(C(=O)OC1)C1=CC=CC=C1
801,CN1C(C(=O)NC2=NC=CC=C2)=C(O)C2=C(C=CC=C2)S1(=O)=O
802,OC(=O)CC1=CC=CC=C1NC1=C(Cl)C=CC=C1Cl
803,CC1=C(C)C(NC2=CC=CC=C2C(O)=O)=CC=C1
804,COC1=CC2=C(C=C1)C=C(C=C2)[C@H](C)C(O)=O
805,CN1C(C(=O)NC2=NC=C(C)S2)=C(O)C2=C(C=CC=C2)S1(=O)=O
806,OC(=O)C1=C(O)C=CC(=C1)C1=C(F)C=C(F)C=C1
807,CC(C(O)=O)C1=CC=C(C=C1)C(=O)C1=CC=CS1
808,NC1=C(CC(O)=O)C=CC=C1C(=O)C1=CC=C(Br)C=C1
809,OC(=O)CCC1=NC(=C(O1)C1=CC=CC=C1)C1=CC=CC=C1
810,CC(C(O)=O)C1=CC(=CC=C1)C(=O)C1=CC=CC=C1
811,O=C1N(C2CCC(=O)NC2=O)C(=O)C2=CC=CC=C12
812,CC1=CC=C(NC2=C(Cl)C=CC=C2F)C(CC(O)=O)=C1
813,[Mg++].OC1=CC=CC=C1C([O-])=O.OC1=CC=CC=C1C([O-])=O
814,OC(=O)C1=CC=CC=C1OC(=O)C1=CC=CC=C1O
815,FC(F)(F)C1=CC(=CC=C1)N1CCN(CCOC(=O)C2=CC=CC=C2NC2=C3C=CC(=CC3=NC=C2)C(F)(F)F)CC1
816,CC(C(O)=O)C1=CC=C(S1)C(=O)C1=CC=CC=C1
817,OC(=O)C1=C(NC2=CC=CC(=C2)C(F)(F)F)N=CC=C1
818,CS(=O)(=O)NC1=C(OC2=CC=CC=C2)C=C(C=C1)[N+]([O-])=O
819,CN1C(C(=O)NC2=CC=CC=N2)=C(O)C2=C(C=C(Cl)S2)S1(=O)=O
820,OC(=O)COC(=O)CC1=CC=CC=C1NC1=C(Cl)C=CC=C1Cl
821,NC(=O)CC1=CC=CC(C(=O)C2=CC=CC=C2)=C1N
822,CCC(=O)NS(=O)(=O)C1=CC=C(C=C1)C1=C(C)ON=C1C1=CC=CC=C1
823,NC1=C2C(=O)N(C3CCC(=O)NC3=O)C(=O)C2=CC=C1
824,CC(C(O)=O)C1=CC=C(CC2CCCC2=O)C=C1
825,[H][C@@](C)(C(O)=O)C1=CC(=CC=C1)C(=O)C1=CC=CC=C1
826,CC1=C(Cl)C=CC=C1NC1=CC=CC=C1C(O)=O
827,FC(F)(F)C1=CC(NC2=C(C=CC=N2)C(=O)OC2OC(=O)C3=CC=CC=C23)=CC=C1
828,OC1=CC=CC=C1C(=O)OC1=CC=CC=C1
829,OCCN(CCO)CCO.OC(=O)C1=CC=CC=C1O
830,CC(C)[C@@H]1CC[C@@H](C)C[C@H]1OC(=O)C1=CC=CC=C1O
831,OCCOC(=O)C1=CC=CC=C1O
832,CCCCOC1=CC=C(CC(=O)NO)C=C1
833,OC(=O)COC1=NN(CC2=CC=CC=C2)C2=CC=CC=C12
834,COC1=CC2=C(C=C1)N(C(=O)C1=CC=C(Cl)C=C1)C(C)=C2CC(=O)OCC(O)=O
835,OCCCCO
836,COC1=CC=C(C=C1)C(O)=O
837,CC(C)NC[C@@H](O)COC1=CC=C(CC(N)=O)C=C1
838,NC1=C2N=CN([C@H]3C[C@H](O)[C@@H](CO)O3)C2=NC(Cl)=N1
839,NC1=NC(=O)N(C=C1)[C@@H]1O[C@H](CO)[C@@H](O)C1(F)F
840,[H][C@]1(F)[C@H](O)[C@@H](CO)O[C@H]1N1C=NC2=C(N)N=C(Cl)N=C12
841,NC1=NC(F)=NC2=C1N=CN2[C@@H]1O[C@H](CO)[C@@H](O)[C@@H]1O
842,[Gd+3].CC([O-])=O.CC([O-])=O.CCC1=C(CC)/C2=C/C3=N/C(=C\\N=C4/C=C(OCCOCCOCCOC)C(OCCOCCOCCOC)=C/C/4=N\\C=C4/N=C(/C=C\\1\\[N-]\\2)C(CCCO)=C4C)/C(C)=C3CCCO
843,OC[C@@H]1CC[C@@H](O1)N1C=NC2=C1NC=NC2=O
844,NC1=NC(=O)C2=C(N1)N=CN2
845,NC1=NC2=C(N=CN2[C@@H]2O[C@H](CO)[C@@H](O)[C@H]2O)C(=O)N1
846,OC[C@H]1O[C@H](OP(O)(O)=O)[C@H](O)[C@@H]1O
847,[H]N1C=C(C[N+]2([H])C[C@H](O)[C@@H](CO)C2)C2N=CN([H])C(=O)C12
848,OC[C@H]1O[C@H]([C@H](O)[C@@H]1O)N1C=NC2=C1NC=NC2=O
849,[H][C@]12SCC(C=C)=C(N1C(=O)[C@H]2NC(=O)C(=N/O)\\C1=CSC(N)=N1)C(O)=O
850,C[N+](C)(C)C[C@H](O)CC([O-])=O
851,CCCN(CCC)CCC1=C2CC(=O)NC2=CC=C1
852,CCN1CCC[C@H]1CNC(=O)C1=C(OC)C=CC(Br)=C1OC
853,OCCN1CCN(CCCN2C3=CC=CC=C3SC3=C2C=C(Cl)C=C3)CC1
854,CN1CCCCC1CCN1C2=C(SC3=C1C=C(C=C3)S(C)=O)C=CC=C2
855,CCC(=O)C1=CC=C2SC3=C(C=CC=C3)N(CCCN3CCN(CCO)CC3)C2=C1
856,CC(=O)C1=CC=C2SC3=C(C=CC=C3)N(CCCN3CCN(CCO)CC3)C2=C1
857,ClC1=CC2=C(C=C1)N(C1CCN(CCCN3C(=O)NC4=CC=CC=C34)CC1)C(=O)N2
858,N[C@@H](CC1=CC(O)=C(O)C=C1)C(O)=O
859,FC1=CC=C(C=C1)C(CCCN1CCC2(CC1)N(CNC2=O)C1=CC=CC=C1)C1=CC=C(F)C=C1
860,CN[C@H]1CN2C(=O)NC3=CC=CC(C1)=C23
861,[H]N(C)C1=C(Br)C=C(C(=O)N([H])[C@@H]2CN(C)CCN(CC)C2)C(OC)=C1
862,NC(=O)C1(CCN(CCCC(=O)C2=CC=C(F)C=C2)CC1)N1CCCCC1
863,[H][C@@]12CCCN1C(=O)[C@H](CC(C)C)N1C(=O)[C@](NC(=O)[C@H]3CN(C)[C@]4([H])CC5=CNC6=CC=CC(=C56)[C@@]4([H])C3)(O[C@@]21O)C(C)C
864,CCN(CC)CCNC(=O)C1=CC(=CC=C1OC)S(C)(=O)=O
865,[H][C@@]12CC3=CNC4=CC=CC(=C34)C1=C[C@H](CN2C)C(=O)N[C@@H](CC)CO
866,CN(C)CCC1=CNC2=CC=CC=C12
867,CN(C)CC\\C=C1\\C2=CC=CC=C2COC2=C1C=C(CC(O)=O)C=C2
868,CN1CCC(CC1)=C1C2=C(SC=C2)C(=O)CC2=CC=CC=C12
869,C[C@@H]1CN(CC[C@]1(C(O)=O)C1=CC=CC=C1)[C@H]1CC[C@](CC1)(C#N)C1=CC=C(F)C=C1
870,CC(C1=C(CCN(C)C)CC2=CC=CC=C12)C1=CC=CC=N1
871,NC(=N)NC(=O)CC1=C(Cl)C=CC=C1Cl
872,[H][C@@]12C[C@@H]([C@H](OC(C)=O)[C@@]1(C)CC[C@@]1([H])[C@@]2([H])CC[C@@]2([H])C[C@H](O)[C@H](C[C@]12C)N1CCOCC1)[N+]1(CC=C)CCCC1
873,COC1=CC(CC2C3=C(OC)C(OC)=C(OC)C=C3CC[N+]2(C)CCCOC(=O)CCC(=O)OCCC[N+]2(C)CCC3=CC(OC)=C(OC)C(OC)=C3C2CC2=CC(OC)=C(OC)C(OC)=C2)=CC(OC)=C1OC
874,[H][C@@]12CC3=CC=C(OC4=C5C(CC[N+](C)(C)[C@]5([H])CC5=CC(OC6=C(OC)C=C(CC[N+]1(C)C)C2=C6)=C(OC)C=C5)=CC(OC)=C4OC)C=C3
875,CCN(CC)CC(=O)NC1=C(C)C=CC=C1C
876,CCCCOC1=NC2=CC=CC=C2C(=C1)C(=O)NCCN(CC)CC
877,COC[C@@H](NC(C)=O)C(=O)NCC1=CC=CC=C1
878,[H][C@@]12CC[C@@](O)(C#C)[C@@]1(CC)CC(=C)[C@]1([H])[C@@]3([H])CCCC=C3CC[C@@]21[H]
879,OC1=CC=C(C=C1)C1=C(C(=O)C2=CC=C(OCCN3CCCCC3)C=C2)C2=C(S1)C=C(O)C=C2
880,C[C@]12CC[C@H]3[C@@H](CCC4=CC(=O)CC[C@]34C)[C@@H]1CC[C@@H]2O
881,[H][C@@]12CC[C@@](OC(C)=O)(C#C)[C@@]1(CC)CC[C@]1([H])[C@@]3([H])CC\\C(C=C3CC[C@@]21[H])=N/O
882,[H][C@@]12CC[C@H](O)[C@@]1(C)CC[C@]1([H])C3=CC=C(OC(=O)N(CCCl)CCCl)C=C3CC[C@@]21[H]
883,COC1=CC(O)=C(C=C1)C(=O)C1=CC=CC=C1
884,[H][C@@](C)(COC1=CC=C(C=C1)[C@]1([H])OC2=C(S[C@]1([H])C1=CC=C(O)C=C1)C=C(O)C=C2)N1CCCC1
885,[H][C@@]12CCC(=O)[C@@]1(C)CC[C@]1([H])C3=C(CC[C@@]21[H])C=C(OS(O)(=O)=O)C=C3
886,OC(=O)CC(O)(CC(O)=O)C(O)=O.CCN(CC)CC1=CC=C(OCC[C@H]2CC[C@H]3[C@@H]4[C@H](C)CC5=C(C=CC(O)=C5)[C@H]4CC[C@]23C)C(OC)=C1
887,[H][C@@]1(CCC2=CC(O)=CC=C2[C@@]1([H])C1=CC=C(OCCN2CCCC2)C=C1)C1=CC=CC=C1
888,COC1=CC=C(C=C1)C1=C(OC2=CC=C(OCCN3CCCCC3)C=C2)C2=C(S1)C=C(O)C=C2
889,CC1=C(N(CC2=CC=C(OCCN3CCCCCC3)C=C2)C2=C1C=C(O)C=C2)C1=CC=C(O)C=C1
890,[H][C@@]12CC[C@](C)(O)[C@@]1(C)CC[C@@]1([H])[C@@]2([H])CCC2=CC(=O)CC[C@]12C
891,[H][C@@]12CC[C@@](C)(O)[C@@]1(C)CCC1=C2C=CC2=CC(O)=CC=C12
892,CN1C(N)=NC2=C1C=C(C=N2)C1=CC=C(O)C=C1
893,OC1=CC=C(C=C1)C1=CC2=C(O1)C(CC#N)=CC(O)=C2
894,[H][C@@]12C[C@@](CO)(CO[C@]1([H])C1=CC=C(O)C=C1)CC=C2C
895,[H][C@]1(C)CC[C@]2(CO)CO[C@]([H])(C3=CC=C(O)C=C3)[C@@]1([H])[C@@]2([H])C
896,[H][C@]1(C)C=C(C)[C@]2([H])[C@]([H])(C)[C@@]1(CO)CO[C@]2([H])C1=CC=C(O)C=C1
897,[H][C@@]12CC(F)(F)C[C@]1([H])[C@@]([H])(OC1=C2C=C(O)C=C1)C1=CC=C(O)C=C1
898,[H]\\C(CC)=C(/[H])C1=C(O)C=C2CC[C@@]3([H])[C@]4([H])CC[C@]([H])(O)[C@@]4(C)CC[C@]3([H])C2=C1
899,[H][C@]1(O)CC[C@@]2([H])[C@]3([H])CCC4=CC(O)=CC=C4[C@@]3([H])[C@@]([H])(COC)C[C@]12C
900,OC1=CC=C(C=C1)N1N=C2C=CC(O)=CC2=C1Cl
901,CCC1=C2C=C(O)C=CC2=NN1C1=CC=C(O)C=C1
902,[H][C@]12O[C@]([H])(C(C(=O)OC)=C1C(=O)OC)C(=C2C1=CC=C(O)C=C1)C1=CC=C(O)C=C1
903,[H][C@@]12CCC[C@]1([H])[C@@]([H])(OC1=C2C=C(O)C=C1)C1=CC=C(O)C=C1
904,[H][C@@]12CCC[C@]1([H])[C@@]([H])(OC1=C2C=C(O)C=C1COC)C1=CC=C(O)C=C1
905,OC1=CC(O)=C(C=C1)C1=NN(CC=C)C2=C1C=CC=C2C(F)(F)F
906,OC1=CC=C2C(NN=C2C2=CC=C(O)C=C2O)=C1
907,[H][C@]12O[C@]([H])(C(=C1C1=CC=C(O)C=C1)C1=CC=C(O)C=C1)[C@]([H])(C(=O)OCC)[C@]2([H])C(=O)OCC
908,[H][C@]12CC=C(C)[C@]([H])(C1)[C@@]([H])(OC2(C)C)C1=CC=C(O)C=C1
909,OC1=CC=C(C=C1)C1=CC2=C(S1)C=C(O)C=C2
910,COC1=C(O)C=CC(CC=C)=C1
911,CC1CC(CC(C)(C)C1)OC(=O)C1=C(O)C=CC=C1
912,COC1=C(O)C(\\C=N\\C2=CC=C(C)C=C2)=CC=C1
913,[H][C@@]12CC[C@H](OC(=O)CCC3CCCC3)[C@@]1(C)CC[C@@]1([H])[C@@]2([H])CCC2=CC(=O)CC[C@]12C
914,[H][C@@]12CC[C@H](OC(=O)CCCCCC)[C@@]1(C)CC[C@@]1([H])[C@@]2([H])CCC2=CC(=O)CC[C@]12C
915,CCCCCCCCCCC(=O)O[C@H]1CC[C@H]2[C@@H]3CCC4=CC(=O)CC[C@]4(C)[C@H]3CC[C@]12C
916,[H][C@@]12C[C@@H]([18F])[C@H](O)[C@@]1(C)CC[C@]1([H])C3=C(CC[C@@]21[H])C=C(O)C=C3
917,OC1=CC2=C(OC(=N2)C2=CC=C(O)C(F)=C2)C(C=C)=C1
918,OC1=CC=C2C=C(C=C(C#N)C2=C1)C1=CC=C(O)C(F)=C1
919,OC1=CC2=C(C=C1)N=C(O2)C1=C2C=CC=C(O)C2=CC=C1
920,OC1=CC=C(C=C1)C1=CC=C2C(C=CC(O)=C2Cl)=C1
921,O\\N=C\\C1=C2C=CC=CC2=C(C=C1)C1=CC=C(O)C=C1
922,OC1=CC=C(C=C1)C1=CC2=C(O1)C(=CC(O)=C2)C#N
923,OC1=CC=C(C=C1)C1=C(Br)C2=C(C=C(O)C=C2)C1=O
924,OC1=CC2=C(C=C1)C(=NO2)C1=CC2=C(C=C1)C=C(O)C=C2
925,[H][C@@]1(O)C[C@@]2([H])[C@]3([H])CCC4=CC(O)=CC=C4[C@@]3([H])CC[C@]2(C)[C@]1([H])O
926,[H][C@@]12CC[C@](C)(O)[C@@]1(C)C=CC1=C3CCC(=O)C=C3CC[C@@]21[H]
927,[H][C@@]12CC[C@@](O)(C#C)[C@@]1(C)CC[C@]1([H])[C@@]3([H])CCC(=O)C=C3CC[C@@]21[H]
928,[H][C@@]12C[C@]1([H])[C@@]1(C)C(=CC2=O)C(Cl)=C[C@@]2([H])[C@]3([H])CC[C@](OC(C)=O)(C(C)=O)[C@@]3(C)CC[C@]12[H]
929,[H][C@@]12CC[C@](C)(O)[C@@]1(C)CC[C@@]1([H])[C@@]2([H])CC[C@@]2([H])CC(=O)\\C(C[C@]12C)=C/O
930,[H][C@@]12CC[C@@](O)(C#C)[C@@]1(CC)CC[C@]1([H])[C@@]3([H])CCC(C=C3CC[C@@]21[H])=NO
931,CN(C)C1=CC=C(C=C1)[C@H]1C[C@@]2(C)[C@@H](CC[C@]2(O)C(C)=O)[C@@H]2CCC3=CC(=O)CCC3=C12
932,[H][C@@]12CC[C@@](O)(CC#N)[C@@]1(C)CCC1=C3CCC(=O)C=C3CC[C@@]21[H]
933,CCC12CCC3C(CCC4=CC(=O)CCC34)C1CCC2(O)C#C
934,C[C@@H](CN1C=CC(=N1)C1=CC=C(C#N)C(Cl)=C1)NC(=O)C1=NNC(=C1)C(C)O
935,[H][C@@]12CC(=C)[C@](OC(C)=O)(C(C)=O)[C@@]1(C)CC[C@]1([H])[C@@]3([H])CCC(=O)C=C3CC[C@@]21[H]
936,C[C@@H]1O[C@@H](O[C@@H]2[C@@H](O)[C@H](OCCC3=CC(O)=C(O)C=C3)O[C@H](CO[C@@H]3O[C@H](CO)[C@@H](O)[C@H](O)[C@H]3O)[C@H]2OC(=O)\\C=C\\C2=CC(O)=C(O)C=C2)[C@H](O)[C@H](O)[C@H]1O
937,[H][C@]12SCC(CSC3=NN=NN3C)=C(N1C(=O)[C@H]2NC(=O)C(=N/OC)\\C1=CSC(N)=N1)C(O)=O
938,[H][C@]12SC(C)(C)[C@@H](N1C(=O)[C@H]2NC(=O)COC1=CC=CC=C1)C(O)=O
939,N[C@@H](C(=O)N[C@H]1[C@H]2CCC(Cl)=C(N2C1=O)C(O)=O)C1=CC=CC=C1
940,[H][C@@]1(NC(=O)CC2=CC=CS2)C(=O)N2C(C(O)=O)=C(COC(C)=O)CS[C@]12[H]
941,[H][C@]12SC(C)(C)[C@@H](N1C(=O)[C@H]2NC(=O)C1=C(C)ON=C1C1=CC=CC=C1)C(O)=O
942,[H][C@]12SCC(Cl)=C(N1C(=O)[C@H]2NC(=O)[C@H](N)C1=CC=CC=C1)C(O)=O
943,[H][C@]12SC(C)(C)[C@@H](N1C(=O)[C@H]2NC(=O)[C@H](NC(=O)N1CCN(C1=O)S(C)(=O)=O)C1=CC=CC=C1)C(O)=O
944,[H][C@]12SCC(\\C=C/C3=C(C)N=CS3)=C(N1C(=O)[C@H]2NC(=O)C(=N/OC)\\C1=CSC(N)=N1)C(O)=O
945,[H][C@@](NC(=O)CC1=CC=CS1)(C=O)[C@]1([H])NC(C(O)=O)=C(C)CS1
946,[H][C@]12SCC(CSC3=NN=NN3C)=C(N1C(=O)[C@]2(NC(=O)CSCC#N)OC)C(O)=O
947,[H][C@]12[C@@H](C)C(S[C@]3([H])CN[C@@]([H])(C3)C(=O)NC3=CC=CC(=C3)C(O)=O)=C(N1C(=O)[C@]2([H])[C@@H](C)O)C(O)=O
948,[H][C@]12SCC(CSC3=NN=NN3C)=C(N1C(=O)[C@@]2([H])NC(=O)[C@H](NC(=O)C1=C(O)C=C(C)N=C1)C1=CC=C(O)C=C1)C(O)=O
949,[O-]C(=O)C1=C(CS[C@]2([H])[C@H](NC(=O)C(=N/OC(C)(C)C(O)=O)\\C3=CSC(N)=N3)C(=O)N12)C[N+]1=CC=CC=C1
950,[H][C@]12SCC(CSC3=NN=C(C)S3)=C(N1C(=O)[C@H]2NC(=O)CN1C=NN=N1)C(O)=O
951,[H][C@]12SCC(CSC3=NN=NN3CS(O)(=O)=O)=C(N1C(=O)[C@H]2NC(=O)[C@H](O)C1=CC=CC=C1)C(O)=O
952,[H][C@]12SCC(CSC3=NN=NN3C)=C(N1C(=O)[C@@]2([H])NC(=O)[C@H](NC(=O)N1CCN(CC)C(=O)C1=O)C1=CC=C(O)C=C1)C(O)=O
953,[H][C@]12SCC(COC(N)=O)=C(N1C(=O)[C@]2(NC(=O)CC1=CC=CS1)OC)C(O)=O
954,CO\\N=C(/C(=O)N[C@@H]1C(=O)N2[C@]1([H])SCC(C[N+]1(C)CCCC1)=C2C([O-])=O)C1=CSC(N)=N1
955,[H][C@]12SCC=C(N1C(=O)[C@H]2NC(=O)C(=C/CC(O)=O)\\C1=CSC(N)=N1)C(O)=O
956,[H][C@@]1(NC(=O)C(=N/O)\\C2=NSC(N)=N2)C(=O)N2C(C(O)=O)=C(CS[C@]12[H])\\C=C1/CCN(C1=O)[C@]1([H])CCNC1
957,CN1CCN(CC1)C(=O)O[C@@H]1N(C(=O)C2=NC=CN=C12)C1=NC=C(Cl)C=C1
958,CN1CCN(CC1)C(=O)OC1N(C(=O)C2=NC=CN=C12)C1=NC=C(Cl)C=C1
959,[H][C@@]12CC[C@H](C(C)=O)[C@@]1(C)CC[C@@]1([H])[C@@]2([H])CC[C@@]2([H])C[C@](C)(O)CC[C@]12C
960,NCC1=CC(=O)NO1
961,[H][C@]12SC(C)(C)[C@@H](N1C(=O)[C@H]2NC(=O)C1(N)CCCCC1)C(O)=O
962,[H][C@]12SCC=C(N1C(=O)[C@H]2NC(=O)C(=N/OC)\\C1=CSC(N)=N1)C(O)=O
963,[H][C@]12SCC(COC(C)=O)=C(N1C(=O)[C@H]2NC(=O)CC#N)C(O)=O
964,[H][C@]12CC(SCC\\N=C\\N)=C(N1C(=O)[C@]2([H])[C@@H](C)O)C(O)=O
965,[H][C@]12OCC(CSC3=NN=NN3C)=C(N1C(=O)[C@]2(NC(=O)C(C(O)=O)C1=CC=C(O)C=C1)OC)C(O)=O
966,[H][C@]12[C@@H](C)C(S[C@@H]3CN[C@H](CNS(N)(=O)=O)C3)=C(N1C(=O)[C@]2([H])[C@@H](C)O)C(O)=O
967,[H][C@]12SC(C)(C)[C@@H](N1C(=O)[C@H]2NC(=O)C1=C(C)ON=C1C1=CC=CC=C1Cl)C(O)=O
968,C[C@@H](NC(=O)[C@H](CCCCNC(=O)OCC1=CC=CC=C1)NC(=O)CC[C@H](NC(=O)OC(C)(C)C)C(O)=O)B(O)O
969,[H][C@]12SCC(COC(C)=O)=C(N1C(=O)[C@H]2NC(=O)C(=N/OC)\\C1=CSC(N)=N1)C(O)=O
970,OC1=CC=CC=C1
971,[H][C@]12C[C@@H](O)[C@H](\\C=C\\[C@@H](O)C(C)CC#CC)[C@@]1([H])C\\C(C2)=C\\CCCC(O)=O
972,FC(F)OC1=C(OCC2CC2)C=C(C=C1)C(=O)NC1=C(Cl)C=NC=C1Cl
973,COC1=CC=C(C=C1OC1CCCC1)C(=O)NC1=C(Cl)C=NC=C1Cl
974,COC1=C(OC2CCCC2)C=C(C=C1)C1CNC(=O)C1
975,[H][C@]1(COP(O)(O)=O)O[C@@]([H])(N2C(Br)=NC3=C(N)N=CN=C23)[C@]([H])(O)[C@]1([H])O
976,[H][C@@]1(CNC(=O)C1)C1=CC=C(OC)C(OC2CCCC2)=C1
977,COC1=C(OC2CCCC2)C=C(C=C1)[C@]1(CC[C@@H](CC1)C(O)=O)C#N
978,[H][C@]1(CNC(=O)C1)C1=CC(OC2CCCC2)=C(OC)C=C1
979,OB1OCC2=C1C=CC(OC1=CC=C(C=C1)C#N)=C2
980,CC(C)C(=O)C1=C2C=CC=CN2N=C1C(C)C
981,OC(=O)C1=CC=C(C=C1)C1=NC(C2=CC=CC(=C2)[N+]([O-])=O)=C2N=CC=CC2=C1
982,[H][C@@]1(CC2=CC(OCCCC)=C(OC)C=C2)CNC(=O)N1
983,NC1=CC(=CNC1=O)C1=CC=NC=C1
984,C[C@@]1(CCCN1)C1=NC2=CC=CC(C(N)=O)=C2N1
985,FC1=CC=C(CC2=NNC(=O)C3=CC=CC=C23)C=C1C(=O)N1CCN(CC1)C(=O)C1CC1
986,CN1N=CN=C1[C@@H]1[C@H](NC2=C3C1=NNC(=O)C3=CC(F)=C2)C1=CC=C(F)C=C1
987,NC(=O)C1=CC=CC2=CN(N=C12)C1=CC=C(C=C1)[C@@H]1CCCNC1
988,CNCC1=CC=C(C=C1)C1=C2CCNC(=O)C3=C2C(N1)=CC(F)=C3
989,N[C@@H](CC1=CC(I)=C(OC2=CC(I)=C(O)C=C2)C(I)=C1)C(O)=O
990,N[C@@H](CC1=CC(I)=C(OC2=CC(I)=C(O)C(I)=C2)C(I)=C1)C(O)=O
991,N[C@H](CC1=CC(I)=C(OC2=CC(I)=C(O)C(I)=C2)C(I)=C1)C(O)=O
992,CC(C)C1=CC(OC2=C(Cl)C=C(CC(O)=O)C=C2Cl)=CC=C1O
993,CC(C)C1=C(O)C=CC(OC2=C(Br)C=C(NC(=O)CC(O)=O)C=C2Br)=C1
994,CC(C)C1=C(O)C=CC(CC2=C(C)C=C(OCC(O)=O)C=C2C)=C1
995,NC1=CC=NC=C1
996,CCCCN1CCCCC1C(=O)NC1=C(C)C=CC=C1C
997,NC(=O)C1=CN(CC2=C(F)C=CC=C2F)N=N1
998,CS(=O)(=O)CCNCC1=CC=C(O1)C1=CC2=C(C=C1)N=CN=C2NC1=CC(Cl)=C(OCC2=CC(F)=CC=C2)C=C1
999,COC1=C(OCC2CCN(C)CC2)C=C2N=CN=C(NC3=C(F)C=C(Br)C=C3)C2=C1
1000,C[C@@H]1COC(NC2=CC=C3N=CN=C(NC4=CC=C(OCC5=NC=CS5)C(Cl)=C4)C3=C2)=N1
1001,CC1=CC=C(C=C1)S(O)(=O)=O.CC1=CC=C(C=C1)S(O)(=O)=O.CN1CCN(CC1)C(C)(C)C#CC1=C(NC(=O)C=C)C=C2C(NC3=CC=C(F)C(Cl)=C3)=NC=NC2=C1
1002,BrC1=CC(NC2=C3C=C(NC(=O)C=C)C=CC3=NC=N2)=CC=C1
1003,CN(C)C\\C=C\\C(=O)NC1=C(O[C@H]2CCOC2)C=C2N=CN=C(NC3=CC(Cl)=C(F)C=C3)C2=C1
1004,NC(=O)C1=C2NCC[C@@H](C3CCN(CC3)C(=O)C=C)N2N=C1C1=CC=C(OC2=CC=CC=C2)C=C1
1005,CN1CCN(CC1)C1=C(F)C=C(NC2=NC(OC3=CC=CC(NC(=O)C=C)=C3)=C3C=CNC3=N2)C=C1
1006,NCCC(O)(P(O)(O)=O)P(O)(O)=O
1007,OC(CN1C=CN=C1)(P(O)(O)=O)P(O)(O)=O
1008,NCCCC(O)(P(O)(O)=O)P(O)(O)=O
1009,CCCCCN(C)CCC(O)(P(O)(O)=O)P(O)(O)=O
1010,OP(O)(=O)C(NC1CCCCCC1)P(O)(O)=O
1011,OC(CC1=CN=C2C=CC=CN12)(P(O)(O)=O)P(O)(O)=O
1012,OC(CC1=CC(=CC=C1)C1=CC=CC2=C1OC1=C2C=CC=C1)(P(O)(O)=O)P(O)(O)=O
1013,C[C@H](NC(=O)C(=O)NC1=C(C=CC=C1)C(C)(C)C)C(=O)N[C@@H](CC(O)=O)C(=O)COC1=C(F)C(F)=CC(F)=C1F
1014,[H]C(=O)[C@H](O)[C@@H](O)[C@]([H])(O[C@@]1([H])O[C@H](CO)[C@@]([H])(O[C@H]2O[C@H](C)[C@@H](N[C@@]3([H])C=C(CO)[C@@H](O)[C@H](O)[C@H]3O)[C@H](O)[C@H]2O)[C@H](O)[C@H]1O)[C@H](O)CO
1015,OCCN1C[C@H](O)[C@@H](O)[C@H](O)[C@H]1CO
1016,[H][C@]1(C)O[C@]([H])(O)[C@]([H])(O)[C@@]([H])(O)[C@]1([H])N[C@@]1([H])C=C(CO)[C@@]([H])(O)[C@]([H])(O)[C@@]1([H])O
1017,OC(=O)[C@@H]1CCC(=O)N1
1018,[H][C@]1(O)C=C(CO)[C@@]([H])(O)[C@]([H])(O)[C@@]1([H])O
1019,[H][C@]1(C)O[C@]([H])(O)[C@]([H])(O)[C@@]([H])(O)[C@]1([H])N
1020,[H][C@]1(C)O[C@]([H])(O)[C@]([H])(O)[C@@]([H])(O)[C@]1([H])O
1021,[H][C@]1(C)O[C@]([H])(O[C@]2([H])[C@@]([H])(CO)O[C@]([H])(OC[C@@]3([H])O[C@@]([H])(O)[C@]([H])(O)[C@@]([H])(O)[C@]3([H])O)[C@]([H])(O)[C@@]2([H])O)[C@]([H])(O)[C@@]([H])(O)[C@]1([H])N[C@@]1([H])C=C(CO)[C@@]([H])(O[C@@]2([H])O[C@]([H])(CO)[C@@]([H])(O[C@@]3([H])O[C@]([H])(CO)[C@@]([H])(O)[C@]([H])(O)[C@@]3([H])O)[C@]([H])(O)[C@@]2([H])O)[C@]([H])(O)[C@@]1([H])O
1022,[H][C@@]12C[C@H]3OC4(CCCC4)O[C@@]3(C(=O)COC(C)=O)[C@@]1(C)C[C@H](O)[C@@]1(F)[C@@]2([H])CCC2=CC(=O)C=C[C@]12C
1023,[H][C@@]12CC[C@](OC(C)=O)(C(C)=O)[C@@]1(C)CC[C@@]1([H])[C@@]2([H])C=C(C)C2=CC(=O)CC[C@]12C
1024,[H][C@@]12C[C@@H](C)[C@](OC(=O)CC)(C(=O)SCF)[C@@]1(C)C[C@H](O)[C@@]1(F)[C@@]2([H])C[C@H](F)C2=CC(=O)C=C[C@]12C
1025,[H][C@@]12C[C@@]3([H])[C@]4([H])C[C@H](F)C5=CC(=O)C=C[C@]5(C)[C@@]4(F)[C@@H](O)C[C@]3(C)[C@@]1(OC(C)(C)O2)C(=O)CO
1026,[H][C@@]12CC[C@](O)(C(=O)CO)[C@@]1(C)C[C@H](O)[C@@]1(F)[C@@]2([H])CCC2=CC(=O)CC[C@]12C
1027,[H][C@@]12CC[C@](O)(C(=O)CO)[C@@]1(C)C[C@H](O)[C@@]1([H])[C@@]2([H])CCC2=CC(=O)CC[C@]12C
1028,[H][C@@]12C[C@@H](C)[C@](O)(C(=O)CCl)[C@@]1(C)C[C@H](O)[C@@]1(Cl)[C@@]2([H])CCC2=CC(=O)C=C[C@]12C
1029,[H][C@@]12CC[C@](O)(C(=O)CO)[C@@]1(C)C[C@H](O)[C@@]1([H])[C@@]2([H])C[C@H](C)C2=CC(=O)C=C[C@]12C
1030,[H][C@@]12C[C@H](C)[C@](OC(=O)CC)(C(=O)CCl)[C@@]1(C)C[C@H](O)[C@@]1(F)[C@@]2([H])CCC2=CC(=O)C=C[C@]12C
1031,[H][C@@]12C[C@@]3([H])[C@]4([H])C[C@H](F)C5=CC(=O)C=C[C@]5(C)[C@@]4(F)[C@@H](O)C[C@]3(C)[C@@]1(OC(C)(C)O2)C(=O)COC(C)=O
1032,[H][C@@]12C[C@H]3OC(CCC)O[C@@]3(C(=O)CO)[C@@]1(C)C[C@H](O)[C@@]1([H])[C@@]2([H])CCC2=CC(=O)C=C[C@]12C
1033,[H][C@@]12CC[C@](O)(C(=O)COC(C)=O)[C@@]1(C)CC(=O)[C@@]1([H])[C@@]2([H])CCC2=CC(=O)CC[C@]12C
1034,OCCCCCCO
1035,[H][C@@]1(CC[C@@]2([H])[C@]3([H])CCC4=CC(=O)CC[C@]4(C)[C@@]3([H])[C@@H](O)C[C@]12C=O)C(=O)CO
1036,[H][C@@]12C[C@@H](C)[C@](OC(=O)C3=CC=CO3)(C(=O)SCF)[C@@]1(C)C[C@H](O)[C@@]1(F)[C@@]2([H])C[C@H](F)C2=CC(=O)C=C[C@]12C
1037,[H][C@@]12C[C@@H](C)[C@H](C(=O)CO)[C@@]1(C)C[C@H](O)[C@@]1(F)[C@@]2([H])C[C@H](F)C2=CC(=O)C=C[C@]12C
1038,CN(C)C1=CC=C(C=C1)[C@H]1C[C@]2(C)[C@@H](CC[C@]2(O)CCCO)[C@@H]2CCC3=CC(=O)CCC3=C12
1039,[H][C@@]12C[C@@H](C)[C@](O)(C(=O)SCF)[C@@]1(C)C[C@H](O)[C@@]1(F)[C@@]2([H])C[C@H](F)C2=CC(=O)C=C[C@]12C
1040,[H][C@@]12C[C@@H](C)[C@](OC(=O)C3=CC=CO3)(C(=O)CCl)[C@@]1(C)C[C@H](O)[C@@]1(Cl)[C@@]2([H])CCC2=CC(=O)C=C[C@]12C
1041,[H][C@@]12CC[C@](O)(C(=O)COP(O)(O)=O)[C@@]1(C)C[C@H](O)[C@@]1([H])[C@@]2([H])CCC2=CC(=O)C=C[C@]12C
1042,[H][C@@]12C[C@H](C)[C@](O)(C(=O)COP(O)(O)=O)[C@@]1(C)C[C@H](O)[C@@]1(F)[C@@]2([H])CCC2=CC(=O)C=C[C@]12C
1043,CC1=CN([C@H]2C[C@H](O)[C@@H](COP(O)(O)=O)O2)C(=O)NC1=O
1044,O[C@H]1C[C@@H](O[C@@H]1COP(O)(O)=O)N1C=CC(=O)NC1=O
1045,O=C1NC=CC(=O)N1.FC1=CN(C2CCCO2)C(=O)NC1=O
1046,CCCCCCCCCCC[C@@H](O)CC(O)=O
1047,CCCCC[C@H](O)\\C=C\\[C@H]1[C@H](O)CC(=O)[C@@H]1CCCCCCC(O)=O
1048,CCNC(=O)CCC\\C=C/C[C@H]1[C@@H](O)C[C@@H](O)[C@@H]1\\C=C\\[C@@H](O)CCC1=CC=CC=C1
1049,CCCCC[C@H](O)\\C=C\\[C@H]1[C@H](O)CC(=O)[C@@H]1C\\C=C/CCCC(O)=O
1050,CCCCC(C)(O)C\\C=C\\[C@H]1[C@H](O)CC(=O)[C@@H]1CCCCCCC(=O)OC
1051,CCCC[C@H](C)C[C@H](O)\\C=C\\[C@H]1[C@H](O)CC(=O)[C@@H]1CCCC\\C=C\\C(O)=O
1052,[H][C@@](C)(CN1C=NC2=C(N)N=CN=C12)OCP(=O)(OCOC(=O)OC(C)C)OCOC(=O)OC(C)C
1053,CC1=CN([C@H]2C[C@H](N=[N+]=[N-])[C@@H](CO)O2)C(=O)NC1=O
1054,NC1=NC(=O)N(C=C1)[C@@H]1CS[C@H](CO)O1
1055,NC1=NC2=C(N=CN2[C@@H]2C[C@H](CO)C=C2)C(NC2CC2)=N1
1056,CC(C)OC(=O)[C@H](C)N[P@](=O)(CO[C@H](C)CN1C=NC2=C(N)N=CN=C12)OC1=CC=CC=C1
1057,OCC1OC(OC2=C3C(=O)C4=C(C=C(C=C4O)C(O)=O)C(C4C5=CC=CC(OC6OC(CO)C(O)C(O)C6O)=C5C(=O)C5=C4C=C(C=C5O)C(O)=O)C3=CC=C2)C(O)C(O)C1O
1058,OC1=C2N(C[C@H]3O[C@@H]4CC[C@@H](C4)N3C2=O)C=C(C(=O)NCC2=C(F)C=C(F)C=C2F)C1=O
1059,C[C@H](CN1C=NC2=C1N=CN=C2N)OCP(O)(O)=O
1060,[H]C(=N[C@@H]1C(=O)N2[C@@H](C(O)=O)C(C)(C)S[C@]12[H])N1CCCCCC1
1061,CN1C(N)=C(NC(=O)NCCN)C=[N+]1CC1=C(N2[C@H](SC1)[C@H](NC(=O)C(=N/OC(C)(C)C(O)=O)\\C1=NSC(N)=N1)C2=O)C([O-])=O
1062,[H][C@]12SCC(C[N+]3(CCNC(=O)C4=C(Cl)C(O)=C(O)C=C4)CCCC3)=C(N1C(=O)[C@H]2NC(=O)C(=N/OC(C)(C)C(O)=O)\\C1=CSC(N)=N1)C([O-])=O
1063,CCOC(=O)C1=C(C)NC(C)=C(C1C1=C(Cl)C(Cl)=CC=C1)C(=O)OC
1064,COCC(=O)O[C@]1(CCN(C)CCCC2=NC3=CC=CC=C3N2)CCC2=C(C=CC(F)=C2)[C@@H]1C(C)C
1065,COC(=O)C1=C(C)NC(C)=C(C1C1=CC=CC=C1[N+]([O-])=O)C(=O)OCC(C)=O
1066,CC1=C(C(C2=CC=CC(=C2)[N+]([O-])=O)C(=C(C)N1)P1(=O)OCC(C)(C)CO1)C(=O)OCCN(CC1=CC=CC=C1)C1=CC=CC=C1
1067,CC1CC(CC(C)(C)C1)OC(=O)C(O)C1=CC=CC=C1
1068,CC(C)C(=O)OC(C)OC(=O)NCC1(CC(O)=O)CCCCC1
1069,[H][C@]12SC(C)(C)[C@@H](N1C(=O)[C@H]2NC(=O)[C@H](NC(=O)N1CCN(CC)C(=O)C1=O)C1=CC=CC=C1)C(O)=O
1070,[H][C@]12SC(C)(C)[C@@H](N1C(=O)[C@H]2NC(=O)[C@H](N)C1=CC=CC=C1)C(O)=O
1071,[H][C@]12SC(C)(C)[C@@H](N1C(=O)[C@H]2NC(=O)C1=C(C)ON=C1C1=C(Cl)C=CC=C1Cl)C(O)=O
1072,[H][C@]12SCC(C)=C(N1C(=O)[C@H]2NC(=O)[C@H](N)C1=CC=CC=C1)C(O)=O
1073,[H][C@]12SC(C)(C)[C@@H](N1C(=O)[C@H]2NC(=O)C1=C(OCC)C=CC2=CC=CC=C12)C(O)=O
1074,[H][C@]12SC(C)(C)[C@@H](N1C(=O)[C@H]2N1C(=O)[C@H](NC1(C)C)C1=CC=CC=C1)C(O)=O
1075,[H][C@]12SCC(C)=C(N1C(=O)[C@H]2NC(=O)[C@H](N)C1=CC=C(O)C=C1)C(O)=O
1076,[H][C@]12SC(C)(C)[C@@H](N1C(=O)[C@H]2NC(=O)C1=C(OC)C=CC=C1OC)C(O)=O
1077,[H][C@]12SC(C)(C)[C@@H](N1C(=O)[C@H]2NC(=O)[C@H](N=[N+]=[N-])C1=CC=CC=C1)C(O)=O
1078,[H][C@]12SCC(CSC3=NC(=O)C(=O)NN3C)=C(N1C(=O)[C@H]2NC(=O)C(=N/OC)\\C1=CSC(N)=N1)C(O)=O
1079,COC1=C(C=CC(N)=C1Cl)C(=O)NC1CCN2CCCC1C2
1080,CO[C@H]1CNCC[C@H]1NC(=O)C1=CC(Cl)=C(N)C=C1OC
1081,CCC1=C(C(=O)C(N)=O)C2=C(OCC(=O)OC)C=CC=C2N1CC1=CC=CC=C1
1082,[H]C(CCCC(O)=O)=C([H])CC1C(\\C([H])=C(/[H])C(=O)CCCCC)C(O)CC1=O
1083,[H]N([H])[C@@H](CCC(=O)N([H])[C@@H](CSCC1=CC=CC=C1)C(=O)N([H])CC(O)=O)C(O)=O
1084,[H][C@]1(CC[C@H](Cl)[C@@H](C1)OC)\\C=C(/C)[C@@]1([H])OC(=O)[C@]2([H])CCCCN2C(=O)C(=O)[C@]2(O)O[C@@]([H])([C@H](C[C@H]2C)OC)[C@H](C[C@@H](C)C\\C(C)=C\\[C@@H](CC)C(=O)C[C@H](O)[C@H]1C)OC
1085,CC1=C(C=NO1)C(=O)NC1=CC=C(C=C1)C(F)(F)F
1086,O\\N=C1\\C(\\NC2=C\\1C=CC=C2)=C1\\C(=O)NC2=C1C=CC=C2
1087,OC(=O)C1=CC(=O)C2=CC=CC=C2N1
1088,OC1=CC(O)=C2C[C@@H](OC(=O)C3=CC(O)=C(O)C(O)=C3)[C@H](OC2=C1)C1=CC(O)=C(O)C(O)=C1
1089,O=C1NC2=C(C=CC=C2)\\C1=C1/NC2=C(C=CC=C2)C1=O
1090,N[C@H](CO)CC1CCCCC1
1091,C[C@H]1[C@H](NC(=O)C(=N/OC(C)(C)C(=O)O)\\C2=CSC([NH3+])=N2)C(=O)N1S([O-])(=O)=O
1092,CCC1(CCC(=O)NC1=O)C1=CC=C(N)C=C1
1093,OC(=O)C[NH2+]CP(O)(O)=O
1094,CCOC(=O)[C@@H](N)CC1=CC=C(C=C1)C1=NC(N)=NC(O[C@H](C2=CC=C(Cl)C=C2N2C=CC(C)=N2)C(F)(F)F)=C1
1095,O.O[Al](O)O.O[Al](O)OS(=O)(=O)OC[C@H]1O[C@@](COS(=O)(=O)O[Al](O)O)(O[C@H]2O[C@H](COS(=O)(=O)O[Al](O)O)[C@@H](OS(=O)(=O)O[Al](O)O)[C@H](OS(=O)(=O)O[Al](O)O)[C@H]2OS(=O)(=O)O[Al](O)O)[C@@H](OS(=O)(=O)O[Al](O)O)[C@@H]1OS(=O)(=O)O[Al](O)O
1096,O[C@@H]1CO[C@@H](O[C@@H]2CO[C@@H](O)[C@H](OS(O)(=O)=O)[C@H]2OS(O)(=O)=O)[C@H](OS(O)(=O)=O)[C@H]1OS(O)(=O)=O
1097,[H][C@]1(O)O[C@@]([H])(C(O)=O)[C@]([H])(O)[C@]([H])(O)[C@@]1([H])OS(O)(=O)=O
1098,[H][C@]1(O)O[C@]([H])(COS(O)(=O)=O)[C@@]([H])(O)[C@]([H])(O)[C@@]1([H])NS(O)(=O)=O
1099,[H][C@@]1(O)OC(=C[C@]([H])(O)[C@@]1([H])OS(O)(=O)=O)C(O)=O
1100,CCC[C@H](NC(=O)[C@@H](NC(=O)[C@H](NC(=O)[C@@H](NC(=O)CNC(=O)CN(C)C(C)=O)C(C)C)[C@@H](C)CC)[C@@H](C)O)C(=O)N[C@@H]([C@@H](C)CC)C(=O)N[C@@H](CCCN=C(N)N)C(=O)N1CCC[C@H]1C(=O)NCC
1101,COC1=C(OC[C@H]2C[C@H]3CN(C)C[C@H]3C2)C=C2N=CN=C(NC3=CC=C(Cl)C(Cl)=C3F)C2=C1
1102,[H][C@@]1(CC[C@@]2([H])[C@]3([H])CC[C@@]4([H])NC(=O)C=C[C@]4(C)[C@@]3([H])CC[C@]12C)C(=O)NC1=CC(=CC=C1C(F)(F)F)C(F)(F)F
1103,[H][C@@]12CC[C@H](C(=O)NC(C)(C)C)[C@@]1(C)CC[C@@]1([H])[C@@]2([H])CC[C@@]2([H])NC(=O)C=C[C@]12C
1104,OCCSSCCO
1105,[H][C@](N)(CC1=CC=C(I)C=C1)C(O)=O
1106,NC(CO)(CO)CO.CCCCC[C@H](O)\\C=C\\[C@H]1[C@H](O)C[C@H](O)[C@@H]1C\\C=C/CCCC(O)=O
1107,[H][C@]12C[C@@H](O)[C@H](\\C=C\\[C@@H](O)CCCCC)[C@@]1([H])C\\C(O2)=C\\CCCC(O)=O
1108,[H][C@]1(S)C[C@@]([H])(O[C@]1([H])COP(O)(O)=O)N1C=C(C)C(=O)NC1=O
1109,CC[C@H](N1CCCC1=O)C(N)=O
1110,CC[C@H](N1C[C@@H](CC1=O)C=C(F)F)C(N)=O
1111,[H][C@]12CSSC[C@]3([H])NC(=O)[C@H](CCCCN)NC(=O)[C@H](C)NC(=O)CNC(=O)[C@H](CCCCN)NC(=O)CNC(=O)[C@H](CCCCN)NC(=O)[C@@H](N)CSSC[C@]([H])(NC(=O)[C@]([H])(CSSC[C@H](NC(=O)[C@H](CCCCN)NC(=O)CNC(=O)[C@H](CO)NC(=O)[C@H](CCCNC(N)=N)NC1=O)C(N)=O)NC(=O)[C@H](CC(O)=O)NC(=O)[C@H](CC1=CC=C(O)C=C1)NC(=O)[C@H](CCSC)NC(=O)[C@H](CC(C)C)NC(=O)[C@H](CCCNC(N)=N)NC(=O)[C@H](CO)NC3=O)C(=O)N[C@@]([H])([C@@H](C)O)C(=O)NCC(=O)N[C@@H](CO)C(=O)N2
1112,CC(CCC1=CC=CC=C1)NC(C)C(O)C1=CC=C(O)C=C1
1113,NC1=NC(N)=C2N=C(C(N)=NC2=N1)C1=CC=CC=C1
1114,NC(=N)NC(=O)C1=NC(Cl)=C(N)N=C1N
1115,CNC(=O)C1=NC=CC(OC2=CC=C(NC(=O)NC3=CC(=C(Cl)C=C3)C(F)(F)F)C=C2)=C1
1116,CN1C(NC2=CC=C(C=C2)C(F)(F)F)=NC2=CC(OC3=CC=NC(=C3)C3=NC=C(N3)C(F)(F)F)=CC=C12
1117,CC(C)(C)C1=NC(=C(S1)C1=NC(N)=NC=C1)C1=C(F)C(NS(=O)(=O)C2=C(F)C=CC=C2F)=CC=C1
1118,COC(=O)N[C@@H](C)CNC1=NC=CC(=N1)C1=CN(N=C1C1=CC(Cl)=CC(NS(C)(=O)=O)=C1F)C(C)C
1119,CCN1C(=O)C(=CC2=C1C=C(NC)N=C2)C1=C(Br)C=C(F)C(NC(=O)NC2=CC=CC=C2)=C1
1120,CCN(CC)CCNC(=O)C1=C(C)NC(\\C=C2/C(=O)NC3=C2C=C(F)C=C3)=C1C
1121,ClC1=CC=C(NC2=NN=C(CC3=CC=NC=C3)C3=CC=CC=C23)C=C1
1122,CC1=C2N=C(NC3=CC=C(OCCN4CCCC4)C=C3)N=NC2=CC(=C1)C1=CC(OC(=O)C2=CC=CC=C2)=CC=C1Cl
1123,COC(=O)NC1=NC2=C(N1)C=CC(SC1=CC=C(NC(=O)[C@H](C)N)C=C1)=C2
1124,CC1=CC(NC(=O)NC2=CC=C(C=C2)C2=C3C(N)=NNC3=CC=C2)=C(F)C=C1
1125,CN(C1=CC2=NN(C)C(C)=C2C=C1)C1=CC=NC(NC2=CC=C(C)C(=C2)S(N)(=O)=O)=N1
1126,CNC(=O)C1=C(SC2=CC=C3C(NN=C3\\C=C\\C3=CC=CC=N3)=C2)C=CC=C1
1127,COC1=C(C=C2C(OC3=CC=C(NC(=O)NC4CC4)C(Cl)=C3)=CC=NC2=C1)C(N)=O
1128,COC(=O)C1=CC=C2C(NC(=O)\\C2=C(/NC2=CC=C(C=C2)N(C)C(=O)CN2CCN(C)CC2)C2=CC=CC=C2)=C1
1129,COC1=C(OC)C=C2C(OC3=CC(Cl)=C(NC(=O)NC4=NOC(C)=C4)C=C3)=CC=NC2=C1
1130,COC1=NC=C(CN2C3CC2CN(C3)C2=CC=C(C=N2)C2=CC(OCC(C)(C)O)=CN3N=CC(C#N)=C23)C=C1
1131,COC1=CC2=C(C=C1OC)C(OC1=CC=C(NC(=O)C3(CC3)C(=O)NC3=CC=C(F)C=C3)C=C1)=CC=N2
1132,COC1=C(OCCCN2CCOCC2)C=C2N=CC=C(OC3=CC=C(NC(=O)C4(CC4)C(=O)NC4=CC=C(F)C=C4)C=C3F)C2=C1
1133,CO[C@@]1(CC[C@@H](CC1)C1=NC(NC2=NNC(C)=C2)=CC(C)=N1)C(=O)N[C@@H](C)C1=CC=C(N=C1)N1C=C(F)C=N1
1134,COC1=C(OCCCN2CCCCC2)C=C2N=CN=C(N3CCN(CC3)C(=O)NC3=CC=C(OC(C)C)C=C3)C2=C1
1135,CC1=CN=C(NC2=CC=C(OCCN3CCCC3)C=C2)N=C1NC1=CC=CC(=C1)S(=O)(=O)NC(C)(C)C
1136,S=C(NCC1=CC=C2OCOC2=C1)N1CCN(CC1)C1=NC=NC2=C1OC1=C2C=CC=C1
1137,FC(F)(F)C1=CC=C(CNC2=NC=C(CC3=CNC4=NC=C(Cl)C=C34)C=C2)C=N1
1138,NCCC(=O)N1[Zn]OC(=O)[C@@H]1CC1=CN=CN1
1139,N[C@@H](CC1=CC=C(OP(O)(O)=O)C=C1)C(O)=O
1140,FC(F)(F)OC1=CC=C(NC(=O)C2=C(NCC3=CC=NC4=CC=CC=C34)C=CS2)C=C1
1141,[H]N1C(=O)C(CC2=CC=C(C=C2)N2CCN(CC2)C=O)C2=CC=CC=C12
1142,CCN1CCN(CC1)C1=CC=C(NC2=CC(=NC=N2)N(C)C(=O)NC2=C(Cl)C(OC)=CC(OC)=C2Cl)C=C1
1143,CCN1C(=O)N(CC2=CN=C3NC(CN4CCOCC4)=CC3=C12)C1=C(F)C(OC)=CC(OC)=C1F
1144,CC1=CC=C(C=C1)C1=NN(C2=C1C(N)=NC=N2)C(C)(C)C
1145,COC1=CC(OC)=C(Cl)C2=C1C(=O)[C@]1(O2)[C@H](C)CC(=O)C=C1OC
1146,OC1=CC=CC2=C1C(=O)C1=C(O)C=CC=C1C2
1147,CC(C)CCC(=O)CC1N(C(=O)C2=CC=CC=C12)C1=NC2=C(C=CC(Cl)=N2)C=C1
1148,CCCNC(=O)C1=C(N)C2=CC=CC(=C2N=N1)C1=C(F)C=CC=C1OC
1149,[H][C@@]1(SCC(=C)C(=N1)C(O)=O)[C@H](NC(=O)C(=N/OC)\\C1=CSC(N)=N1)C=O
1150,[H][C@]12SC(C)(C)[C@@H](N1C(=O)[C@H]2NC(=O)CC1=CC=CC=C1)C(O)=O
1151,N[C@@H](CS(O)(=O)=O)C(O)=O
1152,CN(N=O)C(=O)N[C@H]1[C@@H](O)O[C@H](CO)[C@@H](O)[C@@H]1O
1153,[H][C@]1(CO)O\\C(=N/OC(=O)NC2=CC=CC=C2)[C@]([H])(NC(=O)CCC)[C@@]([H])(O)[C@]1([H])O
1154,NS(=O)(=O)C1=C(Cl)C=C2NCNS(=O)(=O)C2=C1
1155,NC1=NC(=O)N(C=C1)[C@@H]1O[C@H](COP(O)(O)=O)[C@@H](O)[C@H]1O
1156,O[C@H]1[C@@H](O)[C@@H](O[C@@H]1COP(O)(=O)OP(O)(O)=O)N1C=CC(=O)NC1=O
1157,[18F]C1=CC=C(C=N1)C1=CC=C2C(NC3=C2C=NC=C3)=C1
1158,CCCCS(=O)(=O)N[C@@H](CC1=CC=C(OCCCCC2CCNCC2)C=C1)C(O)=O
1159,[H][C@@]1(COC2=CC=C(C=C2)C2=CC=C(C=C2)C(=N)NC(=O)OC)C[C@@H](CC(=O)OC)C(=O)N1
1160,NC(=N)C1=CC=C(C=C1)C1=CC=C(OC[C@@H]2C[C@@H](CC(O)=O)C(=O)N2)C=C1
1161,[Fe+3].CC1=C([O-])C(=O)C=CO1.CC1=C([O-])C(=O)C=CO1.CC1=C([O-])C(=O)C=CO1
1162,NC[C@@H]1O[C@H](O[C@@H]2[C@@H](CO)O[C@@H](O[C@@H]3[C@@H](O)[C@H](N)C[C@H](N)[C@H]3O[C@H]3O[C@H](CN)[C@@H](O)[C@H](O)[C@H]3N)[C@@H]2O)[C@H](N)[C@@H](O)[C@@H]1O
1163,[H][C@@]12CC3=C(C(O)=C(NC(=O)CNC(C)(C)C)C=C3N(C)C)C(=O)C1=C(O)[C@]1(O)C(=O)C(C(N)=O)=C(O)[C@@H](N(C)C)[C@]1([H])C2
1164,[H][C@@]1(O[C@@H]2[C@@H](O)[C@H](N)C[C@H](N)[C@H]2O[C@H]2O[C@H](CN)[C@@H](O)[C@H](O)[C@H]2N)O[C@H](CO)[C@@H](O)[C@H]1O
1165,NCCCCN(CC1=NC2=CC=CC=C2N1)[C@H]1CCCC2=C1N=CC=C2
1166,[H][C@@]12C[C@@]3([H])C(=C(O)[C@]1(O)C(=O)C(C(=O)NCO)=C(O)[C@H]2N(C)C)C(=O)C1=C(C(Cl)=CC=C1O)[C@@]3(C)O
1167,[H][C@@]12[C@@H](O)[C@@]3([H])C(C(=O)C4=C(C=CC=C4O)[C@@]3(C)O)=C(O)[C@]1(O)C(=O)C(C(N)=O)=C(O)[C@H]2N(C)C
1168,C[C@@H](N)C(O)=O
1169,[H][C@@](NC(=O)CC1=CC=CS1)(C=O)[C@]1([H])NC(C(O)=O)=C(CC(=O)OC)CS1
1170,[H]N([H])C1=NC(=CS1)C(=N\\OC(C)(C)C(O)=O)\\C(=O)N([H])[C@H](C=O)[C@@]1([H])SCC(=C)C(=N1)C(O)=O
1171,CC(C)(O\\N=C(/C(=O)NCB(O)O)C1=CSC(N)=N1)C(O)=O
1172,[H][C@@](C)(N1C(=O)[C@@]2([H])[C@@]3([H])CC[C@]([H])(C3)[C@@]2([H])C1=O)C(O)=O
1173,CCC1=C(C)NN(C1=O)C1=NN=NN1
1174,[H][C@@](NC(=O)CC1=CC=CS1)(B(O)O)C1=CC(=CC=C1)C(O)=O
1175,[H][C@@]12C=C(C)CC[C@@]1([H])C(C)(C)OC1=C2C(O)=CC(CCCCC)=C1
1176,[H][C@@]12CC(=O)CC[C@@]1([H])C(C)(C)OC1=CC(=CC(O)=C21)C(C)(C)CCCCCC
1177,CC1=C(N(N=C1C(=O)NN1CCCCC1)C1=C(Cl)C=C(Cl)C=C1)C1=CC=C(Cl)C=C1
1178,CCCC1=C2N(CC)C(=CC(=O)C2=CC2=C1OC(=CC2=O)C(O)=O)C(O)=O
1179,O=C(NC1=C2OC(=CC(=O)C2=CC=C1)C1=NNN=N1)C1=CC=C(OCCCCC2=CC=CC=C2)C=C1
1180,CCCCC\\C=C/C\\C=C/C=C/C=C/[C@@H](SC[C@H](N)C(=O)NCC(O)=O)[C@@H](O)CCCC(O)=O
1181,CN1C=C(C2=C1C=CC=C2)C1=C(C(=O)NC1=O)C1=CN(CCCN)C2=C1C=CC=C2
1182,CN(C)CCCN1C=C(C2=C1C=CC=C2)C1=C(C(=O)NC1=O)C1=CNC2=C1C=CC=C2
1183,CO[C@@H]1[C@@H](OC(N)=O)[C@@H](O)[C@H](OC2=C(C)C3=C(C=C2)C(O)=C(NC(=O)C2=CC=C(O)C(CC=C(C)C)=C2)C(=O)O3)OC1(C)C
1184,OC(=O)C1CCN(CC1)C1=C(Cl)C=C(C=N1)C(=O)NC1=NC(C2=CC(Cl)=CS2)=C(S1)N1CCN(CC1)C1CCCCC1
1185,OC(=O)CSC1=NN=C(Br)N1C1=CC=C(C2CC2)C2=C1C=CC=C2
1186,NCCCCCC(O)=O
1187,OCCN(CCO)CC(O)=O
1188,CCCSC1=CC2=C(C=C1)N=C(NC(=O)OC)N2
1189,COC(=O)NC1=NC2=C(N1)C=C(C=C2)C(=O)C1=CC=CC=C1
1190,[H][C@]1(C\\C=C(C)/CCC[C@H](C)[C@H](O)[C@@H](C)C(=O)C(C)(C)[C@@H](O)CC(=O)O1)C(\\C)=C\\C1=CSC(C)=N1
1191,[H]\\C(=C(\\C)[C@]1([H])C[C@]2([H])O[C@]2(C)CCC[C@]([H])(C)[C@]([H])(O)[C@@]([H])(C)C(=O)C(C)(C)[C@@]([H])(O)CC(=O)O1)C1=CSC(C)=N1
1192,[H][C@@]1(CCC2=C(C(OC)=C(OC)C(OC)=C2)C2=CC=C(OC)C(=O)C=C12)NC(=O)CS
1193,COC1=C(OC)C(OC)=C2C(CCC(NC(C)=O)C3=CC(=O)C(O)=CC=C23)=C1
1194,C[N+](C)(C)CCCC[C@H](N)C(O)=O
1195,NCCCCCCNS(=O)(=O)C1=CC=CC2=C1C=CC=C2Cl
1196,CN(C)S(=O)(=O)C1=CC=C2NC(=O)\\C(=C/C3=CC4=C(CCCC4)N3)C2=C1
1197,[Ca++].[Ca++].[Ca++].OC(CC([O-])=O)(CC([O-])=O)C([O-])=O.OC(CC([O-])=O)(CC([O-])=O)C([O-])=O
1198,[Ca++].CC(=O)CCC([O-])=O.CC(=O)CCC([O-])=O
1199,NC1=NC(N2C=C(C(O)=O)C(=O)C3=CC(F)=C(N4CC(O)C4)C(Cl)=C23)=C(F)C=C1F
1200,[H][C@@]12N3CC[C@@]11C4=C(C=C(OC)C(=C4)[C@]4(C[C@H]5C[N@](C[C@](O)(CC)C5)CCC5=C4NC4=CC=CC=C54)C(=O)OC)N(C=O)[C@@]1([H])[C@](O)([C@H](OC(C)=O)[C@]2(CC)C=CC3)C(=O)OC
1201,O=C(CC1=CC=C(C=N1)C1=CC=C(OCCN2CCOCC2)C=C1)NCC1=CC=CC=C1
1202,CCC(=O)O[C@H]1C[C@H]2OC[C@@]2(OC(C)=O)[C@H]2[C@H](OC(=O)C3=CC=CC=C3)[C@]3(O)C[C@H](OC(=O)[C@H](O)[C@@H](NC(=O)OC(C)(C)C)C4=CC=CO4)C(C)=C([C@@H](O)C(=O)[C@]12C)C3(C)C
1203,[H][C@]12[C@H](OC(=O)C3=CC=CC=C3)[C@]3(O)C[C@H](OC(=O)[C@H](O)[C@@H](NC(=O)OC(C)(C)C)C4=CC=CC=C4)C(C)=C([C@@H](OC)C(=O)[C@]1(C)[C@H](C[C@H]1OC[C@@]21OC(C)=O)OC)C3(C)C
1204,CC(=O)NO
1205,CNC(=O)[C@@H](NC(=O)[C@H](CC(C)C)[C@H](O)C(=O)NO)C(C)(C)C
1206,[H][C@@](CC1=CC=CC=C1)(NC(=O)[C@]([H])(CC(C)C)[C@]([H])(CSC1=CC=CS1)C(=O)NO)C(=O)NC
1207,COC1=CC=C(C=C1)S(=O)(=O)N(CC1=CC=CN=C1)[C@H](C(C)C)C(=O)NO
1208,COC1=CC=C(C=C1)S(=O)(=O)N(CC(C)C)CC(=O)NO
1209,[H][C@@]1([C@@H](NC(C)=O)C(CC)CC)[C@H](O)[C@H](C[C@H]1NC(N)=N)C(O)=O
1210,COC1=CC=CC=C1OC1=C(NS(=O)(=O)C2=CC=C(C=C2)C(C)(C)C)N=C(N=C1OCCO)C1=NC=CC=N1
1211,CC1=NOC(NS(=O)(=O)C2=C(SC=C2)C(=O)CC2=CC3=C(OCO3)C=C2C)=C1Cl
1212,COC([C@H](OC1=NC(C)=CC(C)=N1)C(O)=O)(C1=CC=CC=C1)C1=CC=CC=C1
1213,CCCOC1=CC=C2[C@@H]([C@H]([C@@H](C2=C1)C1=CC=C(OC)C=C1OCCO)C(O)=O)C1=CC=C2OCOC2=C1
1214,COC1=CC=CC=C1OC1=C(NS(=O)(=O)C2=NC=C(C=C2)C(C)C)N=C(N=C1OCCO)C1=CC(=NC=C1)C1=NNN=N1
1215,CCCNS(=O)(=O)NC1=C(C(OCCOC2=NC=C(Br)C=N2)=NC=N1)C1=CC=C(Br)C=C1
1216,CCCCC1=NC2(CCCC2)C(=O)N1CC1=CC=C(C(COCC)=C1)C1=CC=CC=C1S(=O)(=O)NC1=NOC(C)=C1C
1217,[H][C@@]12C[C@@]3([H])C(=C(O)[C@]1(O)C(=O)C(C(N)=O)=C(O)[C@H]2N(C)C)C(=O)C1=C(O)C=CC(Cl)=C1[C@@]3(C)O
1218,[H][C@@]12CC3=C(C=C(CNCC(C)(C)C)C(O)=C3C(=O)C1=C(O)[C@]1(O)C(=O)C(C(N)=O)=C(O)[C@@H](N(C)C)[C@]1([H])C2)N(C)C
1219,CN[C@@H]1[C@@H](O)[C@@H](O[C@H]2[C@@H](C[C@H](N)[C@@H](O[C@H]3OC(CNCCO)=CC[C@H]3N)[C@@H]2O)NC(=O)[C@@H](O)CCN)OC[C@]1(C)O
1220,C[N+](C)(C)C[C@H](O)CC(O)=O
1221,O=C1NC=C(C#C)C(=O)N1
1222,[H][C@]1(O[C@](O)(C[C@H](O)[C@H]1NC(C)=O)C(O)=O)[C@H](O)[C@H](O)CO
1223,FC(F)(F)C(=O)CC(=O)C1=CC=CS1
1224,NCCO
1225,NC(=N)C1=CC=C(N\\N=N\\C2=CC=C(C=C2)C(N)=N)C=C1
1226,COC1=CC=C(O)C(=C1)C1=NC2=C(N1)C=CC(=C2)C(N)=[NH2+]
1227,NC(=[NH2+])C1=CC=C2NC(=NC2=C1)C1=CC=CC(OC2CCCC2)=C1[O-]
1228,CC(C)COC1=C([O-])C(=CC=C1)C1=NC2=CC(C(N)=[NH2+])=C(F)C=C2N1
1229,CCCCCCCCCCCCO
1230,[H][C@]1(CO)O[C@@]([H])(N2C=C(I)C3=C(N)N=CN=C23)[C@]([H])(O)[C@]1([H])O
1231,CC[C@H](CO)NC1=NC(NCC2=CC=CC=C2)=C2N=CN(C(C)C)C2=N1
1232,[H]N([C@H](CO)C1=CC(Cl)=CC=C1)C(=O)C1=CC(=CN1[H])C1=CC(=NC=C1Cl)N([H])C(C)C
1233,CCC1=NC=CC(=C1)C(N)=S
1234,NNC(=O)C1=CC=NC=C1
1235,CO[C@H]1\\C=C\\O[C@@]2(C)OC3=C(C2=O)C2=C(C(O)=C3C)C(=O)C(NC(=O)\\C(C)=C/C=C/[C@H](C)[C@H](O)[C@@H](C)[C@@H](O)[C@@H](C)[C@H](OC(C)=O)[C@@H]1C)=C1NC3(CCN(CC3)CC(C)C)N=C21
1236,CO[C@H]1\\C=C\\O[C@@]2(C)OC3=C(C)C(O)=C4C(O)=C(NC(=O)\\C(C)=C/C=C/[C@H](C)[C@H](O)[C@@H](C)[C@@H](O)[C@@H](C)[C@H](OC(C)=O)[C@@H]1C)C=C(O)C4=C3C2=O
1237,CO[C@H]1C[C@H](C)CC2=C(OC)C(=O)C=C(NC(=O)\\C(C)=C\\C=C/[C@H](OC)[C@@H](OC(N)=O)\\C(C)=C\\[C@H](C)[C@H]1O)C2=O
1238,CCCCN1C(CC2=CC(OC)=C(OC)C(OC)=C2)=NC2=C(N)N=CN=C12
1239,[H]/C1=C([H])/[C@]([H])(OC)[C@@]([H])(OC(O)=N)C(C)=C([H])[C@]([H])(C)[C@@]([H])(O)[C@]([H])(C[C@]([H])(C)CC2=C(NCC=C)C(=O)C=C(N=C(O)\\C(C)=C\\1/[H])C2=O)OC
1240,CC1(C)CC2=C(C(=NN2C2=CC(N[C@H]3CC[C@@H](CC3)OC(=O)CN)=C(C=C2)C(N)=O)C(F)(F)F)C(=O)C1
1241,CCC1=C(O)C=C(O)C(=C1)C1=C(C(C)=NN1)C1=CC2=C(OCCO2)C=C1
1242,CC(C)NCCCN1C(SC2=C(Br)C=C3OCOC3=C2)=NC2=C1N=CN=C2N
1243,COC(=O)C1=C(CCC(=O)NC2=C(O)C=C(OC)C(O)=C2)C(Cl)=C(O)C=C1O
1244,COC1=CC(N)=C(OC)C(CCOC(=O)C2=C(O)C=C(O)C(Cl)=C2)=C1OC
1245,[H][C@@](C)(N)[P@](O)(=O)C[C@@]([H])(CC1=CC=C(C=C1)C1=CC=CC=C1)C(=O)N[C@@]([H])(C)C(O)=O
1246,CC(C)C[C@H](NP(O)(=O)O[C@@H]1O[C@@H](C)[C@H](O)[C@@H](O)[C@H]1O)C(=O)N[C@@H](CC1=CNC2=CC=CC=C12)C(O)=O
1247,[H][C@@](C)(NC(=O)[C@]([H])(CC1=CC=CC=C1)NC(=O)[C@@]([H])(S)CCCCC)C(O)=O
1248,O[C@H]1CCN(C1)C(=O)NC1=C2N=C(C=CN2N=C1)N1CCC[C@@H]1C1=C(F)C=CC(F)=C1
1249,NCC(=O)NC1O[C@H](COP(O)(O)=O)[C@@H](O)[C@H]1O
1250,NC(=O)N(C1=CC=C(C(N)=O)C(=N1)C1=CC=C(F)C=C1F)C1=C(F)C=CC=C1F
1251,[H][C@]12CCC(=C)[C@@H](C\\C=C3/[C@H](O)COC3=O)[C@]1(C)CC[C@@H](O)[C@@]2(C)CO
1252,CCOC(=O)C(C)=O
1253,CN1C=NC2=C(F)C(NC3=CC=C(Br)C=C3F)=C(C=C12)C(=O)NOCCO
1254,CC1=CC(F)=CC=C1C1=C2C=CC(=O)N(C2=NC(NC(CO)CO)=N1)C1=C(F)C=CC=C1F
1255,CC(C)C1=CC2=C(OC3=NC(N)=C(C=C3C2=O)C(O)=O)C=C1
1256,[H][C@@]1(O)O[C@@]([H])(C(O)=O)[C@@]([H])(O)[C@]([H])(O)[C@@]1([H])OS(O)(=O)=O
1257,[O-][N+](=O)C1=CC=C(O1)\\C=N\\N1CC(=O)NC1=O
1258,CC(C)CN1C=NC2=C1C1=C(C=CC=C1)N=C2N
1259,CCN(CCO)CCCC(C)NC1=C2C=CC(Cl)=CC2=NC=C1
1260,CCOCC1=NC2=C(N)N=C3C=CC=CC3=C2N1CC(C)(C)O
1261,[H][C@]1(O)[C@@]([H])(O)[C@@]([H])(CO)O[C@@]([H])(OCCCCCC)[C@]1([H])O
1262,CCC1=C2CN3C(=CC4=C(COC(=O)[C@]4(O)CC)C3=O)C2=NC2=CC=C(OC(=O)N3CCC(CC3)N3CCCCC3)C=C12
1263,CC[C@@]1(O)C(=O)OCC2=C1C=C1N(CC3=CC4=C(C=CC(O)=C4CN(C)C)N=C13)C2=O
1264,CCCCC(C)(C)[C@H](O)\\C=C\\[C@H]1[C@H](O)CC(=O)[C@@H]1CCCC\\C=C\\C(=O)OC
1265,[H][C@@]12CC[C@]3(O)C[C@H](C[C@@H](O)[C@]3(CO)[C@@]1([H])[C@H](O)C[C@]1(C)[C@H](CC[C@]21O)C1=CC(=O)OC1)O[C@@H]1O[C@@H](C)[C@H](O)[C@@H](O)[C@H]1O
1266,[H][C@@]12CCCN1C(=O)[C@@H](CC)NC(=O)[C@@H](NC(=O)C1=NC=CC=C1O)[C@@H](C)OC(=O)[C@@H](NC(=O)[C@]1([H])CC(=O)[C@]([H])(CS[C@@H]3CN4CCC3CC4)CN1C(=O)[C@H](CC1=CC=C(C=C1)N(C)C)N(C)C2=O)C1=CC=CC=C1
1267,[H][C@@](CC(C)C)(CC(=O)NO)C(=O)N[C@@]([H])(CC1=CC=CC=C1)C(=O)NC
1268,[H][C@]1(O)CCCN[C@]1([H])CC(=O)CN1C=NC2=C(C=C(Cl)C(Br)=C2)C1=O
1269,CC(C)[C@@H](N)C(=O)NO
1270,COC1=CC=C(C=C1)S([O-])=O
1271,CC1=CN([C@H]2C[C@H](O)[C@@H](CO)O2)C(=O)NC1=O
1272,OC(=O)CCCCO\\N=C(\\C1=CN=CC=C1)C1=CC(=CC=C1)C(F)(F)F
1273,CCCCCCCCCCCCCCCCCCOC[C@@H](O)CO[P@@](O)(=O)OCC[N+](C)(C)C
1274,NC1=NC=NC2=C1N=CN2[C@@H]1O[C@H](COP(O)(=O)CP(O)(=O)OP(O)(O)=O)[C@@H](O)[C@H]1O
1275,NC1=C2N=CN([C@@H]3O[C@H](COP(O)(=O)OP(O)(=O)OC[C@H]4O[C@H]([C@H](O)[C@@H]4O)[N+]4=CC=CC(=C4)C(O)=O)[C@@H](O)[C@H]3O)C2=NC=N1
1276,[H]C1COCCN1CCNC(=O)C1=CC=C(Cl)C=C1
1277,CC1=CC(=NO1)C(=O)NNCC1=CC=CC=C1
1278,CCN1C=C(C(O)=O)C(=O)C2=C1C=C(C=C2)C1=CC=NC=C1
1279,CC(C)C1=CC=CC(C(C)C)=C1OCOP(O)(O)=O
1280,CCCCCCCCCO[C@@H]1O[C@H](CO)[C@@H](O)[C@H](O)[C@H]1O
1281,CC(=O)N[C@H]1[C@H](O)O[C@H](CO)[C@@H](O)C1O[C@@H]1O[C@@H]([C@@H](O[C@@H]2O[C@H](CO)[C@@H](O)C(O[C@@H]3O[C@@H]([C@@H](O)[C@H](O)[C@H]3O)C(O)=O)[C@H]2NC(C)=O)[C@H](O)[C@H]1O)C(O)=O
1282,CN(C)\\N=N\\C1=C(N=CN1)C(N)=O
1283,O[C@H](COP(O)(O)=O)[C@@H](O)[C@H](O)[C@@H](O)C(O)=O
1284,[H][C@@]12CC[C@@](O)(C#C)[C@@]1(C)CC[C@@]1([H])[C@@]2([H])[C@@H](O)C=C2C[C@@H](O)CC[C@]12C
1285,CC(C)C1=C(O)C=C(\\C=C\\C2=CC=CC=C2)C=C1O
1286,OCCCC(O)=O
1287,CC(C)=CCC\\C(C)=C/CC\\C(C)=C/CO
1288,CCCCCCCCCCCCCCCCCC(=O)O[Al](O)O
1289,CCOC(=O)NC1=C(N)C=C(NCC2=CC=C(F)C=C2)C=C1
1290,CCC1=C(C(=O)C2=CC(Br)=C(O)C(Br)=C2)C2=CC=CC=C2O1
1291,CC1=NC(C)=C2CCC(=O)N(CC3=CC=C(C=C3)C3=CC=CC=C3C3=NNN=N3)C2=N1
1292,[H][C@]1(CC[C@H](O)C2=CC=C(F)C=C2)C(=O)N(C2=CC=C(F)C=C2)[C@]1([H])C1=CC=C(O)C=C1
1293,[H][C@]12C[C@]([H])(N(C(=O)[C@@]3([H])CC4=C(CN3C(=O)[C@H](CO)NC(=O)[C@H](CC3=CC=CS3)NC(=O)CNC(=O)[C@]3([H])C[C@@H](O)CN3C(=O)[C@@H]3CCCN3C(=O)[C@H](CCCNC(N)=N)NC(=O)[C@H](N)CCCNC(N)=N)C=CC=C4)[C@@]1([H])CCCC2)C(=O)N[C@@H](CCCNC(N)=N)C(O)=O
1294,CCC(=O)NCC[C@@H]1CCC2=C1C1=C(OCC1)C=C2
1295,CCC(=O)NC[C@@H]1C[C@H]1C1=CC=CC2=C1CCO2
1296,OC[C@H]1O[C@H]([C@H](O)[C@@H]1O)N1C=C(F)C(=O)NC1=O
1297,[H]S(=O)C[C@H](N)C(O)=O
1298,CC(C)(C)C1=CN=C(CSC2=CN=C(NC(=O)C3CCNCC3)S2)O1
1299,[H][C@]1(O[C@]1([H])C(=O)CC\\C=C\\C\\C=C\\C)C(N)=O
1300,C\\C(C=C)=C/[C@@]1(C)SC(=O)C(C)=C1O
1301,[H][C@](N)(CSC(C)=O)C(O)=O
1302,CCCCCCCCCCC[C@@H](C[C@@H]1OC(=O)[C@H]1CCCCCC)OC(=O)[C@H](CC(C)C)NC=O
1303,NC1=NC(=O)NC=C1F
1304,NC1=NC(=O)N(C=N1)[C@H]1C[C@H](O)[C@@H](CO)O1
1305,COC1=C2N(C=C(C(O)=O)C(=O)C2=CC(F)=C1N1CCNC(C)C1)C1CC1
1306,NC1=NC(=O)N(C=C1)[C@H]1C[C@H](O)[C@@H](CO)O1
1307,CCCCCCCCOCCOCCOCCOCCO
1308,OC1=C([C@H]2CC[C@@H](CC2)C2=CC=C(Cl)C=C2)C(=O)C2=CC=CC=C2C1=O
1309,OC(=O)C1=CC(=O)NC(=O)N1
1310,CCCCCCCCOCCOCCOCCOCCOCCO
1311,CCS(=O)(=O)N1CC(CC#N)(C1)N1C=C(C=N1)C1=C2C=CNC2=NC=N1
1312,COC1=C(C=C2CC[C@H]3[C@@H]4CC=C[C@@]4(C)CC[C@@H]3C2=C1)C(N)=O
1313,[H][C@]12SCC(C=CC)=C(N1C(=O)[C@@]2([H])NC(=O)[C@H](N)C1=CC=C(O)C=C1)C(O)=O
1314,[H][C@]12SC(=C(N1C(=O)[C@]2([H])[C@@H](C)O)C(=O)OCC1=C(C)OC(=O)O1)[C@@]1([H])CCCO1
1315,O.[Na+].CCCCCCCCCCCCCCCC(=O)OC[C@H](COP([O-])(=O)OCCNC(=O)[C@H](C)NC(=O)CC[C@@H](NC(=O)[C@H](C)NC(=O)[C@@H](C)O[C@@H]([C@H](O)[C@H](O)CO)[C@@H](NC(C)=O)C=O)C(N)=O)OC(=O)CCCCCCCCCCCCCCC
1316,CC(C)C[C@H](NC(=O)[C@@H](O)[C@H](N)CC1=CC=CC=C1)C(O)=O
1317,CC(C)C[C@H]([C@H](O)C(=O)NO)C(=O)N[C@H](C(=O)OC1CCCC1)C1=CC=CC=C1
1318,[H][C@@]12CCC[C@]1([H])[C@H](N(C2)C(=O)[C@@H](NC(=O)[C@@H](NC(=O)C1=NC=CN=C1)C1CCCCC1)C(C)(C)C)C(=O)N[C@@H](CCC)C(=O)C(=O)NC1CC1
1319,[H][C@@]12CC(=C)[C@]([H])(CC[C@@]3([H])C[C@@H](C)C(=C)[C@@]([H])(C[C@]4([H])O[C@H](C[C@H](O)CN)[C@H](OC)[C@@]4([H])CC(=O)C[C@@]4([H])CC[C@]5([H])O[C@@]6([H])[C@H]7O[C@@]8(C[C@]7([H])O[C@@]6([H])[C@@]([H])(O8)[C@@]5([H])O4)CC1)O3)O2
1320,[H][C@@](CCN1CCOCC1)(CSC1=CC=CC=C1)NC1=C(C=C(C=C1)S(=O)(=O)NC(=O)C1=CC=C(C=C1)N1CCN(CC2=C(CCC(C)(C)C2)C2=CC=C(Cl)C=C2)CC1)S(=O)(=O)C(F)(F)F
1321,OC(=O)C1=CC(=CC=C1O)\\N=N\\C1=CC=C(O)C(=C1)C(O)=O
1322,N[C@H]1C(O)O[C@H](CO)[C@@H](O)[C@@H]1O
1323,CC(C)(C)N1[NH+]=C(C2=C1N=CN=C2N)C1=CC=C(Cl)C=C1
1324,[H][C@@](CO)(NC1=NC(NC2=CC=CC(Cl)=C2)=C2N=CN(C(C)C)C2=N1)C(C)C
1325,CC(C)(C)C1=NN(C(NC(=O)NC2=C3C=CC=CC3=CC=C2)=C1)C1=CC=CC(N)=C1
1326,CC(C)N1N=C(C2=C1N=CN=C2N)C1=CC=CC(O)=C1
1327,[H][C@]1(CO)O[C@@]([H])(N2C(NCC3=CC=C(Cl)C(Cl)=C3)=NC3=C(N)N=CN=C23)[C@]([H])(O)[C@]1([H])O
1328,NC1=NC=CC(=N1)C1=C(N=CN1C1CCNCC1)C1=CC=C(F)C=C1
1329,C[S@@](=O)C1=CC=C(C=C1)C1=NC(=C(N1)C1=CC=NC=C1)C1=CC=C(F)C=C1
1330,CC1=CC(NC2=NC=NC3=CC=C(NC4=NC(C)(C)CO4)C=C23)=CC=C1OC1=CC2=NC=NN2C=C1
1331,N[C@@H](CC1=CC(=O)C(O)=CC1=O)C(O)=O
1332,[H][C@@]12CCC(=O)[C@@]1(C)CCC1=C2C=CC2=C1C=CC(O)=C2
1333,[H][C@@]1(CC[C@@]2([H])[C@]3([H])[C@H](O)C[C@]4([H])C[C@H](O)CC[C@]4(C)[C@@]3([H])C[C@H](O)[C@]12C)[C@H](C)CCC(=O)NCCS(O)(=O)=O
1334,[H][C@@]1(CC[C@@]2([H])[C@]3([H])CC=C4C=C(CC[C@]4(C)[C@@]3([H])CC[C@]12C)C(O)=O)C(=O)C1=CC=C(O)C=C1
1335,[H][C@@]12CC(=O)N1[C@@H](C(O)=O)[C@](C)(CN1C=CN=N1)S2(=O)=O
1336,[H][C@@](CC1=CC=CC(=C1)C(O)=O)(NC(C)=O)B(O)O
1337,CCOC1=C(C(=O)NCB(O)O)C2=C(C=CC=C2)C=C1
1338,ClC1=CC=C(CN(CC2=CC=C(Cl)C=C2)C2=NNN=N2)C=C1
1339,N#C\\C(=C\\NC1=CC=C(NC2=CC=CC=C2)C=C1)C1=NNN=N1
1340,[H][C@]1(CO)O[C@]([H])(O[C@]2([H])[C@@]([H])(CO)O[C@@]([H])(OCCCCCCC3CCCCC3)[C@]([H])(O)[C@@]2([H])O)[C@]([H])(O)[C@@]([H])(O)[C@]1([H])O
1341,[H][C@]1(SCC(=NC=C1C(O)=O)C(O)=O)C1=CN2C(SC3=C2CCC3)=N1
1342,NC(=O)[C@@H]1CC[C@@H]2CN1C(=O)N2OS(O)(=O)=O
1343,OS(=O)(=O)ON1[C@H]2C[N@]([C@@H](CC2)C(=O)NC2CCNCC2)C1=O
1344,CN(CC1=CC(Br)=CC(Br)=C1N)C1CCCCC1
1345,OC[C@H]1O[C@H](C[C@@H]1O)N1C=CC(=O)NC1=O
1346,OCCOCN1C=C(CC2=CC=CC=C2)C(=O)NC1=O
1347,[H][C@]1(CO)O[C@@]([H])(C2=C3N=CNC(=O)C3=NN2)[C@]([H])(O)[C@]1([H])O
1348,O=C1NC=CC(=O)N1
1349,CO[C@@H]1O[C@H](CO)[C@@H](O)[C@H](O)[C@H]1O
1350,OC[C@H]1O[C@@H](O[C@H]2[C@H](O)[C@@H](O)C(O)O[C@@H]2CO)[C@H](O)[C@@H](O)[C@@H]1O
1351,[H][C@@]1(O)O[C@]([H])(CO)[C@@]([H])(S)[C@]([H])(O)[C@@]1([H])O
1352,OC[C@H]1ONC[C@@H](O)[C@@H]1O
1353,OC[C@H]1CNC[C@@H](O)[C@@H]1O
1354,C[S@](=O)CC[C@H](N)C(O)=O
1355,CC1=CN([C@H]2C[C@H](O)[C@@H](COP(O)(=O)OP(O)(=O)OP(O)(O)=O)O2)C(=O)NC1=O
1356,C[C@@H]1O[C@H](OP(O)(=O)OP(O)(=O)OC[C@H]2O[C@H](C[C@@H]2O)N2C=C(C)C(=O)NC2=O)[C@H](O)[C@H](O)[C@H]1O
1357,CC1=CN([C@H]2C[C@H](O)[C@@H](COP(O)(=O)OP(O)(=O)O[C@H]3O[C@H](CO)[C@@H](O)[C@H](O)[C@H]3O)O2)C(=O)NC1=O
1358,NC1=NC(=O)C2=C(N1)N=C[C@@H]1CN(CN21)C1=CC=C(C=C1)C(=O)N[C@H](CCC(O)=O)C(O)=O
1359,NC1=NC(=O)N(C=C1)[C@H]1C[C@H](O)[C@@H](COP(O)(O)=O)O1
1360,[H][C@@]1(C[C@@]([H])(O[C@]1([H])COP(O)(O)=O)N1C=C(C)C(=O)NC1=O)OP(O)(O)=O
1361,CSCC[C@H](NC(C)=O)C(O)=O
1362,OC(=O)CCC(=O)C1=C(C=CC=C1)C(O)=O
1363,C[C@H](OP(O)(O)=O)[C@@H](N)C(O)=O
1364,[H][C@@]1(O)O[C@]([H])(CO)[C@@]([H])(O)[C@]([H])(O)[C@@]1([H])OCCCCCCCC
1365,CCCCCCCCCCCCCCCC=O
1366,[H][C@@](O)(CO)[C@]([H])(O)CCCC
1367,[H][C@]1(CO)O[C@@]([H])(SCCCCCCC)[C@]([H])(O)[C@@]([H])(O)[C@]1([H])O
1368,CN1C=[N+]([C@@H]2O[C@H](CO[P@](O)(=O)O[P@](O)(=O)O[P@](O)(=O)OC[C@H]3O[C@H]([C@H](O)[C@@H]3O)N3C=NC4=C(N)N=CN=C34)[C@@H](O)[C@H]2O)C2=C1C(=O)N=C(N)N2
1369,CN1CN([C@@H]2O[C@H](COP(O)(=O)OP(O)(O)=O)[C@@H](O)[C@H]2O)C2=C1C(=O)NC(N)=N2
1370,[H]N([H])C1=NC(=O)C2=C(N1[H])N(C=N2)[C@@H]1O[C@H](COP(O)(=O)OP(O)(=O)OP(O)(=O)OC[C@H]2O[C@H]([C@H](O)[C@@H]2O)[N+]2=CN(C)C3=C2N([H])C(=NC3=O)N([H])[H])[C@@H](O)[C@H]1O
1371,CC1(C)C=C(CSS(C)(=O)=O)C(C)(C)N1O
1372,CC(C)(COP(O)(=O)OP(O)(=O)OC[C@H]1O[C@H]([C@H](O)[C@@H]1OP(O)(O)=O)N1C=NC2=C1N=CN=C2N)[C@@H](O)C(=O)NCCC(=O)NCCSC(=O)C1=CC=C(O)C=C1
1373,[H]N([H])C1=C2N=CN([C@@H]3O[C@H](COP(O)(=O)OP(O)(=O)OCC(C)(C)[C@@H](O)C(=O)N([H])CCC(=O)N([H])CCSCC(=O)C4=CC=C(O)C=C4)[C@@H](OP(O)(O)=O)[C@H]3O)C2=NC=N1
1374,[H]N([H])C1=C2N=CN([C@@H]3O[C@H](COP(O)(=O)OP(O)(=O)OCC(C)(C)[C@@H](O)C(=O)N([H])CCC(=O)N([H])CCSCC4=CC=C(O)C=C4)[C@@H](OP(O)(O)=O)[C@H]3O)C2=NC=N1
1375,C[C@H](NC(=O)[C@@H](C)O[C@H]1[C@H](O)[C@@H](CO)O[C@H](OP(O)(=O)OP(O)(=O)OC[C@H]2O[C@H]([C@H](O)[C@@H]2O)N2C=CC(=O)NC2=O)[C@@H]1NC(C)=O)C(O)=O
1376,N[C@@H](CCCCNC(O)=O)C(O)=O
1377,[H][C@]1(COP(O)(=O)OP(O)(=O)CP(O)(O)=O)O[C@@]([H])(N2C=NC3=C(N)N=CN=C23)[C@]([H])(O)[C@]1([H])O
1378,[H][C@](O)(CS)[C@]([H])(O)CS
1379,[H][C@](N)(CSSCCC)C=O
1380,O[C@@H]([C@H](O)C(O)=O)C(O)=O
1381,CCOCCOCCOCCOCCOCCOCCOCCOCCO
1382,NC(=[NH2+])C1=CC2=C(C=C1)N=C(CC1=NC3=C(N1)C=C(C=C3)C([NH3+])=[NH2+])N2
1383,[H][C@](N)(CC1=CC(I)=C(O)C(I)=C1)C(O)=O
1384,NC(=[NH2+])C1=CC=C2NC(=NC2=C1)C1=CC=CC=C1[O-]
1385,O=CCCCC1CCNCC1
1386,CN(C)C(=O)COC(=O)CC1=CC=C(OC(=O)C2=CC=C(NC(N)=N)C=C2)C=C1
1387,OC[C@@H](OP(O)(O)=O)C(O)=O
1388,[H][C@@](O)(COP(O)(O)=O)[C@@]([H])(O)[C@@]([H])(O)C=O
1389,[H][C@@](O)(COP(O)(O)=O)[C@@]([H])(O)[C@]([H])(O)[C@]([H])(O)CN(CC(O)O)CP(O)(O)=O
1390,[H][C@@](O)(CO)[C@]([H])(O)[C@]([H])(O)COP(O)(O)=O
1391,[H]C(=O)[C@H](O)[C@H](O)COP(O)(O)=O
1392,O[C@H](COP(O)(O)=O)C(O)=O
1393,OC[C@@H](O)COP(O)(O)=O
1394,OCC(=O)C(O)=O
1395,[H][C@]1(COP(O)(=O)OP(O)(=O)OP(O)(=O)OP(O)(=O)OP(O)(=O)OC[C@@]2([H])O[C@@]([H])(N3C=NC4=C(N)N=CN=C34)[C@]([H])(O)[C@]2([H])O)O[C@@]([H])(N2C=NC3=C(N)N=CN=C23)[C@]([H])(O)[C@]1([H])O
1396,O[C@@H]([C@H](CC(O)=O)C(O)=O)C(O)=O
1397,CC(C)C(C(O)C(O)=O)C(O)=O
1398,[H][C@](N)(CC[C@]([H])(N)C(O)=O)C[C@@]1([H])O[C@@]([H])(N2C=NC3=C(N)N=CN=C23)[C@]([H])(O)[C@]1([H])O
1399,O=C1C2=CC=CC3=C2C(=NN3)C2=C1C=CC=C2
1400,ClC1=CC(=CC=C1)C1=CNN=C1C1=CNC(=C1)C(=O)NCC1=CC=CC=C1
1401,CN1N=C(C)C2=C1N(O)C1=C(C=C(Cl)C=C1)C2=O
1402,CCOC1=NC(NC(=O)CC2=CC(OC)=C(Br)C=C2OC)=CC(N)=C1C#N
1403,CCOC1=NC(=CC=C1C#N)C(=O)NCC1=CC(OC)=CC=C1OC
1404,[H][C@](CS)(CC1=CC=CC=C1)NC(=O)CC(O)=O
1405,N[C@H](CC(O)=O)C(O)=O
1406,[H][C@](S)(CC1=CC=CC=C1)C(=O)NCC(=O)N1[C@@]([H])(CC[C@]1([H])C1=CC=CC=C1)C(O)=O
1407,OC(=O)C1=CC=CN=C1C(O)=O
1408,N[C@@H](COS(=O)(=O)CC1=CC=CC=C1)C(O)=O
1409,[H][C@@](C)(NC(=O)[C@@]([H])(CC1=CC=CC=C1)NC(=O)OCC1=CC=CC=C1)\\C=C\\C(=O)C=O
1410,[H][C@@](CC1=CC=CC=C1)(NC(=O)[C@]([H])(CC1=CC=CC=C1)NC(=O)OCC1=CC=CC=C1)C(=O)CO
1411,C[C@H](NC(=O)[C@H](CCCNC(N)N)NC(=O)OCC1=CC=CC=C1)C(=O)CF
1412,[H][C@](O)(CC(O)=O)C(=O)N[C@]([H])(CCC1=CC=CC=C1)C(=O)NCCC(C)C
1413,[H][C@](O)(CC(O)=O)C(=O)N[C@@]([H])(CCC1=CC=CC=C1)C(=O)NCCC(C)C
1414,OS(=O)(=O)CCNC1CCCCC1
1415,OC1=CC=C(C=C1)[N+]([O-])=O
1416,[H][C@@]12CCC(=O)[C@@]1(C)CC[C@@]1([H])[C@@]2([H])CC[C@]2([H])C[C@]([H])(O)CC[C@]12C
1417,[H][C@@](CCC(O)=O)(NCC1=C(COP(O)(O)=O)C=[NH+]C(C)=C1O)C(O)=O
1418,N[C@H](COP(O)(O)=O)CC1=CNC=N1
1419,[H][C@](N)(CCC(=O)N[C@@]([H])(CSC1=C(C=C(C=C1)N(=O)=O)N(=O)=O)C(=O)NCC(O)=O)C(O)=O
1420,N[C@@H](CC1=CNC2=C1C=C(F)C=C2)C(O)=O
1421,[H][C@@]1(C)C[C@]([H])(O)[C@@]([H])(O)[C@@]([H])(O)O1
1422,[H][C@]1(N)C=C(CO)[C@@]([H])(O)[C@]([H])(O)[C@@]1([H])O
1423,OC[C@H]1NC[C@H](O)[C@@H](O)[C@@H]1O
1424,[H][C@]1(O)C[C@@]([H])(CO)O[C@]([H])(O)[C@]1([H])O
1425,OC[C@H]1O[C@H](O[C@H]2[C@H](O)[C@@H](O)C(O)O[C@@H]2CO)[C@H](O)[C@@H](O)[C@@H]1O
1426,N[C@@H](CC(=O)OP(O)(O)=O)C(O)=O
1427,O[C@H]1[C@H](O)[C@@H](COP(O)(O)=O)O[C@H](OP(O)(O)=O)[C@@H]1O
1428,OC[C@H]1O[C@H](OP(O)(=O)OP(O)(=O)OC[C@H]2O[C@H]([C@H](O)[C@@H]2O)N2C=CC(=O)NC2=O)[C@H](O)[C@@H](O)[C@@H]1O
1429,CC(=O)N[C@@H]1[C@@H](O)[C@@H](O)[C@@H](CO)O[C@@H]1O[P@](O)(=O)O[P@](O)(=O)OC[C@H]1O[C@H]([C@H](O)[C@@H]1O)N1C=CC(=O)NC1=O
1430,O[C@@H]1[C@@H](COP(O)(=O)OP(O)(=O)O[C@H]2O[C@@H]([C@@H](O)[C@H](O)[C@H]2O)C(O)=O)O[C@H]([C@@H]1O)N1C=CC(=O)NC1=O
1431,CC(=O)N[C@@H]1[C@@H](O)[C@H](O)[C@@H](CO)O[C@@H]1OP(O)(=O)OP(O)(=O)OC[C@H]1O[C@H]([C@H](O)[C@@H]1O)N1C=CC(=O)NC1=O
1432,OC[C@H]1O[C@@H](O[C@H]2[C@H](O)[C@@H](O)C(O)O[C@@H]2CO)[C@H](O)[C@@H](O)[C@H]1O
1433,CC(C)S[C@@H]1O[C@H](CO)[C@H](O)[C@H](O)[C@H]1O
1434,OC[C@H]1O[C@@H](OC2=CC=C(C=C2)[N+]([O-])=O)[C@H](O)[C@@H](O)[C@H]1O
1435,O[C@@H]1CO[C@H](O)[C@H](O)[C@H]1O
1436,CO[C@@H]1[C@@H](O)O[C@@H](C)[C@@H](O)[C@H]1O
1437,CO[C@@H]1O[C@@H](C)[C@@H](O)[C@@H](O)[C@@H]1O
1438,OC(=O)\\C=C\\C1=CC(O)=C(O)C=C1
1439,OC(=O)\\C=C\\C1=CC=C(O)C=C1
1440,[H][C@](N)(CCSC)C(O)(O)C1=CC=CC=N1
1441,[H][C@](N)(CCCC)C(O)(O)CNC1CC1
1442,[H]N([C@@H]1CO[C@H](CO)C1)C(=O)[C@H](OCC1=CC=CC=C1)[C@H](O)[C@@H](O)[C@@H](OCC1=CC=CC=C1)C(=O)N([H])[C@@H]1[C@H](O)CC2=CC=CC=C12
1443,[H][C@@](CO)(CC1=CC=CC=C1)NC(=O)[C@@]([H])(NC(=O)[C@]([H])(C)NC(=O)OCC1=CC=CC=C1)C(C)C
1444,O[C@@H]1CN(N(CC2=CC=C(O)C=C2)C(=O)N(CC2=CC=C(O)C=C2)[C@@H]1CC1=CC=CC=C1)S(=O)(=O)C1=CC(=CC=C1)C#N
1445,CC1=CC(=CC(C)=C1OC1=C(Br)C(N)=NC(NC2=CC=C(C=C2)C#N)=N1)C#N
1446,CC(=O)C1=C(N[C@H](C(N)=O)C2=C(Br)C=CC=C2Br)C=C(C)C=C1
1447,[H][C@@](NC1=C(C=CC(C)=C1)C(C)=O)(C(N)=O)C1=C(Cl)C=CC=C1Cl
1448,CCOC1=C(F)C(CCNC(=S)NC2=CC=C(C)C=N2)=NC=C1
1449,[H][C@@](C)(O)[C@@]([H])(N)CC1=CC=CC=C1
1450,C[C@H]1CN2C(=S)NC3=CC(Cl)=CC(CN1CC=C(C)C)=C23
1451,O[C@H]1C[C@@H](O[C@@H]1COP(O)(=O)OP(O)(=O)OP(O)(O)=O)N1C=CC(=O)NC1=O
1452,N[C@@H](CC1=CC=CC2=C1C=CC=C2)C(O)=O
1453,C[N+](CO)(CO)CO
1454,CC(C)(C)C1=CC=C(SC2=CC=CC3=C2C(N)=NC(N)=N3)C=C1
1455,NC1=NC2=C(C(N)=N1)C(SC1=CC=C(C=C1)N1CCOCC1)=CC=C2
1456,COC1=CC=C(OC2=CC=CC3=NC(N)=NC(N)=C23)C=C1
1457,NC1=NC2=C(C(N)=N1)C(SC1=CC=CC=C1)=CC=C2
1458,CC1=CC=C(SC2=CC=CC3=C2C(N)=NC(N)=N3)C=C1
1459,[H][C@]12NC(=O)C(=O)N1[C@]([H])(CO)[C@@]([H])(O)[C@]([H])(O)[C@]2([H])O
1460,[H]N(P(O)(=O)OC[C@H]1O[C@H](C[C@@H]1O)N1C=CC(=O)N([H])C1=O)P(O)(=O)OP(O)(O)=O
1461,O[C@H]1C[C@@H](O[C@@H]1COP(O)(=O)OP(O)(O)=O)N1C=CC(=O)NC1=O
1462,[H][C@@]12CCCC[N@]1CC(=O)C1=C2N(CCCNS(=O)(=O)C(C)C)C2=C1C=CC=C2
1463,[H][C@@]12CCCC[N@]1CC(=O)C1=C2NC2=C1C=CC=C2
1464,CC1=C(Cl)C=C(NC2=NC(=CC=N2)C2=CC(=NC=C2)N2CCN(CCN)CC2)C=C1
1465,NC1=NC2=C(N=CN2[C@@H]2O[C@H](CO)[C@@H](OP(O)(O)=O)[C@H]2O)C(=O)N1
1466,NC1=NC2=C(N=CN2[C@@H]2O[C@H](COP(O)(=O)OP(O)(O)=O)[C@@H](O)[C@H]2O)C(=O)N1
1467,O=C1NC2=C(NC=N2)C(=O)N1
1468,[H][C@]1(O)[C@@]([H])(O)[C@]([H])(C[C@]1([H])COP(O)(O)=O)OP(O)(=O)OP(O)(O)=O
1469,[H][C@]1(O)O[C@]([H])(COP(O)(=O)CP(O)(=O)OC[C@@]2([H])O[C@@]([H])(N3C=NC4=C(N)N=CN=C34)[C@]([H])(O)[C@]2([H])O)[C@@]([H])(O)[C@@]1([H])O
1470,NC1=NC=NC2=C1N=CN2[C@@H]1O[C@H](COP(O)(=O)CP(O)(O)=O)[C@@H](O)[C@H]1O
1471,[H][C@]1(O)O[C@]([H])(C(O)=O)[C@@]([H])(O)[C@]([H])(O)[C@]1([H])O
1472,[H][C@@]1(O)OC(=C[C@]([H])(O)[C@]1([H])O)C(O)=O
1473,O[C@@H]1O[C@@H]([C@H](O)[C@H](O)[C@H]1O)C(O)=O
1474,CC1=C(CCO[P@](O)(=O)O[P@](O)([O-])=O)SC=[N+]1CC1=CN=C(C)N=C1N
1475,OCCOCCOCCO
1476,OC(=O)C=O
1477,CC(C)(COP(O)(O)=O)[C@@H](O)C(=O)NCCC(=O)NCCS
1478,OC(=O)C(=O)CC([O-])=O
1479,OC(=O)C1=CC=C(O)C=C1
1480,O[C@H]1O[C@H](COP(O)(O)=O)[C@@H](O)[C@H](O)[C@@H]1O
1481,[H][C@](N)(CO)[C@@]([H])(O)[C@]([H])(O)[C@]([H])(O)COP(O)(O)=O
1482,N[C@H]1[C@@H](O)O[C@H](COP(O)(O)=O)[C@@H](O)[C@@H]1O
1483,[H]C(=O)[C@H](O)[C@@H](O)[C@H](O)[C@H](O)COP(O)(O)=O
1484,[H][C@@](O)(COP(O)(O)=O)[C@@]([H])(O)[C@]([H])(O)C(O)=O
1485,OCC(=O)[C@@H](O)[C@H](O)[C@H](O)COP(O)(O)=O
1486,O=C1C=C(OC2=C1C=CC=C2C1=CC=CC=C1)N1CCOCC1
1487,[H][C@@]1(C#N)C2=C(N(C)C3=C(Cl)C(Cl)=CC=C23)C(=O)NC11CCN(C)CC1
1488,[H][C@@]1(CN)CNC2=C(SC3=C2C=C(OC)C=C3)C(=O)N1
1489,FC1=C(C=CC=C1)C1=CC(=CC=N1)C1=CC2=C(CCNC2=O)N1
1490,O=C1NCCC2=C1C=C(N2)C1=CC(=NC=C1)C1=CC2=C(C=CC=C2)N=C1
1491,[O-][N+](=O)C1=CC2=C(NC3=C2CC(=O)NC2=C3C=CC=C2)C=C1
1492,OC[C@@H](O)CCONC1=C(NC2=CC=CC=C12)C1=C2C=CC=CC2=NC1=O
1493,[H][C@](CN)(NC(=O)C1=CC=C(S1)C1=C2C=CNC2=NC=C1)C1=CC=CC=C1
1494,ClC1=CC=C(C=C1)C1(CCNCC1)C1=CC=C(C=C1)C1=CNN=C1
1495,ClC1=CC=C(COCCNCCNS(=O)(=O)C2=CC=CC3=CN=CC=C23)C=C1
1496,[H][C@@](N)(COC1=CN=CC(=C1)C1=CC=C2NN=C(C)C2=C1)CC1=CNC2=CC=CC=C12
1497,CC1=NC(C)=C(S1)C1=NC(N)=NC=C1
1498,CN1C=NC2=C1N=C(NCCO)N=C2NCC1=CC=CC=C1
1499,NC1=NC(OCC2CCCCC2)=C2N=CNC2=N1
1500,CC1=C(SC(N)=N1)C1=NC(NC2=CC=CC(=C2)[N+]([O-])=O)=NC=C1
1501,CC1=NC(C)=C(S1)C1=CC=NC(NC2=CC=C(C=C2)C(F)(F)F)=N1
1502,[H][C@@]12C=C(Br)N=C1C(=O)NCC[C@]2([H])C1=NC(N)=NC1=O
1503,COC1=CC=C2NC(=O)\\C(=C/C3=CN=CN3)C2=C1
1504,O=C1N=C2C=CC3=C(SC=N3)C2=C1CNC1=CC=C(C=C1)S(=O)(=O)NC1=CC=CC=N1
1505,O=C(CC1=CC2=C(C=CC=C2)C=C1)NC1=CC(=NN1)C1CC1
1506,C(OC1=C2NC=NC2=NC(NC2=CC=CC=C2)=N1)C1CCCCC1
1507,NS(=O)(=O)C1=CC=C(NC2=NC(OCC3CCCCC3)=C3N=CNC3=N2)C=C1
1508,C[C@H](C(=O)\\N=C1/C=C(N=N1)C1CC1)C1=CC=C(C=C1)N1CCNC1=O
1509,C1CC1NC1=NC(=CC=N1)C1=C2C=CC=NN2N=C1
1510,ClC1=CC=CC(NC2=NC(OCC3CCCCC3)=C3NC=NC3=N2)=C1
1511,[H][C@](C)(OC1=C(SC(=C1)N1C=NC2=CC(OC)=C(OC)C=C12)C(N)=O)C1=CC=CC=C1Cl
1512,CNS(=O)(=O)C1=CC=C(C=C1)C1=CC=C(O1)\\C=C1/SC(=N)NC1=O
1513,NS(=O)(=O)C1=CC=C(C=C1)C1=CC=C(O1)\\C=C1/SC(=N)NC1=O
1514,NS(=O)(=O)C1=CC=C(C=C1C(F)(F)F)C1=CC=C(O1)\\C=C1/SC(=N)NC1=O
1515,OC(=O)C1=CC=C(C=C1)C1=CC=C(O1)\\C=C1/SC(=N)NC1=O
1516,CN(C)C1=CC=C(NC2=NC(=CC=N2)C2=C(C)N=C(C)S2)C=C1
1517,NS(=O)(=O)C1=CC=C(NC2=CC(OC3CCCCC3)=NC3=NC=NN23)C=C1
1518,CC1=NC(=NN1C1=CC(Cl)=CC(Cl)=C1)C(O)=O
1519,O=C(NC1=CNN=C1C1=NC2=C(N1)C=CC=C2)C1=CC=CC=C1
1520,ClC1=CC=CC(Cl)=C1C(=O)NC1=CNN=C1C(=O)NC1CCNCC1
1521,COC1=C2C(NC=C2C2=NC(N)=NC=C2)=NC=C1
1522,CCCOC1=C2C(NC=C2C2=NC(N)=NC=C2)=NC=C1
1523,O=N(=O)C1=CC=CC(=C1)\\N=C1\\N=CCC(=N1)C1=CC=CC(CN2C=NC=N2)=C1
1524,CC1=C(SC(N)=N1)C1=N\\C(=N/C2=CC=C(C=C2)N2CCOCC2)N=CC1
1525,OC1=CC=C(NC2=NC(OCC3CCCCC3)=C3N=CNC3=N2)C=C1
1526,NC(=O)C1=CC=C(NC2=NC(OCC3CCCCC3)=C3N=CNC3=N2)C=C1
1527,NS(=O)(=O)C1=CC=CC(NC2=NC(OCC3CCCCC3)=C3N=CNC3=N2)=C1
1528,[H][C@@](CC)(CO)NC1=NC2=C(C=NN2C(NCC2=CC=CC=C2)=N1)C(C)C
1529,OCCCNCCS(=O)(=O)C1=CC=C(NC2=NC(OCC3CCCCC3)=C3N=CNC3=N2)C=C1
1530,CN1N=C(C(O)=O)C2=C1C1=NC(NC3=CC=CC=C3)=NC=C1CC2
1531,[H][C@@](CC)(CO)NC1=NC2=C(N=CN2C(C)C)C(NCC2=CC=C(C=C2)C2=CC=CC=N2)=N1
1532,NC(=O)C1=NN(C2=C1C=CC1=C2C=NN1)C1=CC=C(C=C1)S(N)(=O)=O
1533,NC(=O)C1=CC=C(NC2=NC(OCC3CCCCC3)=C(N=O)C(N)=N2)C=C1
1534,NC1=NC=CC(=N1)C1=C2C=CN=C(N)N2C2=NC=CC(O)=C12
1535,CN1CCN(CC1)C1=CN=C(NC2=NC3=C(C=C4N3C3(CCCCC3)CNC4=O)C=N2)C=C1
1536,OC1=CC(O)=C2C(OC(=C(O)C2=O)C2=CC(O)=C(O)C(O)=C2)=C1
1537,NC1=NC(N)=C2N=C(C3=CC=CC(O)=C3)C(=NC2=N1)C1=CC(O)=CC=C1
1538,COC1=CC=CC=C1N1C(=O)C2=C(Cl)C=CC=C2N=C1CSC1=C2N=CNC2=NC=N1
1539,[H]N(CCO)S(=O)(=O)C1=C(Cl)C=CC(=C1)C1=C(C)N=C(S1)N([H])C(C)=O
1540,C[C@H](NC1=C2N=CNC2=NC=N1)C1=CC2=CC=CC(Cl)=C2C(=O)N1C1=CC=CC=C1
1541,[H][C@@](CCC(O)=O)(NC(=O)C1=CC=C(NCC2=NC3=C(NC2)NC(=N)N=C3O)C=C1)C(O)=O
1542,NC1=NC2=C(N[C@@H](CNC3=CC=C(C=C3)C(=O)N[C@@H](CCC(O)=O)C(O)=O)CN2)C(=O)N1
1543,NC1=NC(=O)C2=C(N1)N(C=N2)[C@H]1C[C@H](O)[C@@H](COP(O)(O)=O)O1
1544,CC1=NC=C(COP(O)(O)=O)C(CN[C@@H]2CONC2=O)=C1O
1545,[H][C@@](C)(NCC1=C(COP(O)(O)=O)C=NC(C)=C1O)C(O)=O
1546,CCCCC1=C(NC2=NC=CN=C12)C1=CC=C(O)C=C1
1547,CN(C)CC(=O)NC1=CC2=C(NC(=O)C3=CC=CC=C23)C=C1
1548,OC1=C(CC2=C(NC(=S)NC2=O)C2=CC=CC=C2)C2=CC=CC=C2C=C1
1549,OC(=O)C1=C(O)C=C(O)C=C1
1550,OC(=O)CCCCCC(=O)CCC(O)=O
1551,OC(=O)CCC(=O)CCC(=O)CCC(O)=O
1552,ON(CC(O)=O)C=O
1553,[H]N([H])C1=NC(=O)C2=C(N1[H])N(C=N2)[C@@H]1O[C@H](COP(O)(=O)OP(O)(O)=O)[C@@]2([H])O[P@](O)(=O)O[C@@]12[H]
1554,ON(CC(O)=O)C(O)=O
1555,[H][C@]1(COP(O)(O)=O)O[C@@]([H])(N2C=NC3=C2N=CN=C3OP(O)(O)=O)[C@]([H])(O)[C@]1([H])O
1556,CC1=CC(NC2=NC(NC3=CC=C(CC(O)=O)C=C3)=NC=C2C(N)=O)=CC=C1
1557,NC1=NC2=C(N=C(CO)CN2)C(=O)N1
1558,[H]N([H])C1=NC(=O)C2=NC(COP(O)(=O)OP(O)(O)=O)=CN=C2N1[H]
1559,OB(O)C1=CC=CC(NC(=O)CI)=C1
1560,OB1O[C@H](CC(O)=O)CC[C@@H]1NC(=O)CC1=CC=CS1
1561,CSCC[C@H](N)P(O)(O)=O
1562,N[C@@H](CCSC(F)(F)F)C(O)=O
1563,CSCC[C@H](N)P(O)=O
1564,OC(=O)C1=CC=C(O1)C1=CC=CC=C1Cl
1565,[H][C@]12C[C@](O)(C(=O)OC)[C@](C)(O1)N1C3=C(C=CC=C3)C3=C4CNC(=O)C4=C4C5=CC=CC=C5N2C4=C13
1566,CN1C(=O)C(C)=C2N(C(=O)N(C3CC3)C(=O)C2=C1NC1=CC=C(I)C=C1F)C1=CC(NC(C)=O)=CC=C1
1567,CN1C=NC2=C(F)C(NC3=C(Cl)C=C(Br)C=C3)=C(C=C12)C(=O)NOCCO
1568,[H][C@]12C[C@](C[C@H](O1)C(O)=O)(C=C[C@H]2O)C(O)=O
1569,[H][C@@](CCCCC)(CC(=O)NO)C(=O)N[C@@]([H])(C(C)C)C(=O)N1CCC[C@@]1([H])CO
1570,[H][C@@](CC1=CC=C2OCOC2=C1)(C(O)=O)[C@]([H])(CC1=CC=C2OCOC2=C1)C(O)=O
1571,[H][C@@](CC1=CC=CC=C1)(C(O)=O)[C@]([H])(CC1=CC2=C(OCO2)C=C1)C(O)=O
1572,C[C@H](O)CO
1573,NC1=NC2=C(N=CN2[C@H]2C[C@H](O)[C@@H](COP(O)(=O)OP(O)(=O)OP(O)(O)=O)O2)C(=O)N1
1574,N[C@@H](C[SeH])C(O)=O
1575,NC1=NC=NC2=C1N=CN2[C@H]1C[C@H](O)[C@@H](COP(O)(=O)OP(O)(=O)OP(O)(O)=O)O1
1576,NC1=NC(=O)N(C=C1)[C@H]1C[C@H](O)[C@@H](COP(O)(=O)OP(O)(=O)OP(O)(O)=O)O1
1577,CC(=O)[C@@H](O)[C@H](O)COP(O)(O)=O
1578,[H][C@]1(CO)O[C@]([H])(OC2=CC=CC(=C2)N(=O)=O)[C@]([H])(O)[C@@]([H])(O)[C@@]1([H])O
1579,[H][C@]1(CO)O[C@@]([H])(S[C@]2([H])O[C@]([H])(CO)[C@]([H])(O)[C@]([H])(O)[C@@]2([H])O)[C@]([H])(O)[C@@]([H])(O)[C@@]1([H])O
1580,[H][C@]1(O)O[C@]([H])(CO)[C@@]([H])(O[C@@]2([H])O[C@]([H])(CO)[C@@]([H])(O[C@@]3([H])O[C@]([H])(CO)[C@@]([H])(O)[C@]([H])(O)[C@@]3([H])O)[C@]([H])(O)[C@@]2([H])O)[C@]([H])(O)[C@@]1([H])O
1581,OC1=CC=CC=C1O
1582,OC1=C(O)C(=CC=C1)C1=CC=CC=C1
1583,C[S@@](=O)CC[C@H](N)C(O)=O
1584,NC1=NC=NC2=C1N=CN2[C@@H]1O[C@H](COP(O)(=O)OP(O)(=O)OP(O)(O)=S)[C@@H](O)[C@H]1O
1585,OS(=O)(=O)CCCN1CCOCC1
1586,OC[C@@H](O)[C@@H](O[C@H]1O[C@H](CO)[C@@H](O[C@H]2O[C@H](CO)[C@@H](O[C@H]3O[C@H](CO)[C@@H](O)[C@H](O)[C@H]3O)[C@H](O)[C@H]2O)[C@H](O)[C@H]1O)[C@H](O)[C@@H](O)C=O
1587,[H][C@]1(CO)O[C@]2([H])O[C@]3([H])[C@@]([H])(CO)O[C@]([H])(O[C@]4([H])[C@@]([H])(CO)O[C@]([H])(O[C@]5([H])[C@@]([H])(CO)O[C@]([H])(O[C@]6([H])[C@@]([H])(CO)O[C@]([H])(O[C@]7([H])[C@@]([H])(CO)O[C@]([H])(O[C@]8([H])[C@@]([H])(CO)O[C@]([H])(O[C@@]1([H])[C@]([H])(O)[C@@]2([H])O)[C@]([H])(O)[C@@]8([H])O)[C@]([H])(O)[C@@]7([H])O)[C@]([H])(O)[C@@]6([H])O)[C@]([H])(O)[C@@]5([H])O)[C@]([H])(O)[C@@]4([H])O)[C@]([H])(O)[C@@]3([H])O
1588,CNC(=O)[C@H](CC1=CNC2=CC=CC=C12)NC(=O)[C@H](CC(C)C)CC(=O)NO
1589,CCCCCCCCCCCCCCCCOC[C@H](CO[P@@]([O-])(=O)OCC[N+](C)(C)C)OC(C)=O
1590,[H]C(=O)[C@H](O)COP(O)(O)=O
1591,NC1=NC2=C(N=CN2[C@@H]2O[C@@H]3COP(O)(=O)O[C@H]3[C@H]2O)C(=O)N1
1592,NC1=C2N=CN([C@@H]3O[C@@H]4COP(O)(=O)O[C@H]4[C@H]3O)C2=NC=N1
1593,NC1=CC=C2N=C(N)N=C(N)C2=C1
1594,CC(C)[C@@H](NC(=O)C1=CC=C(C=C1)C(=O)N1CCOCC1)C(=O)N1CCC[C@@H]1C(=O)N[C@H](C(C)C)C(=O)C(F)(F)C(F)(F)F
1595,CC(C)[C@@H](NC(=O)CN1C(=O)C(N)=CN=C1C1=CC=CC=C1)[C@@H](O)C1=NN=C(O1)C(C)(C)C
1596,N[C@@H](CSS)C(O)=O
1597,CC(C)(C)C1=NC2=C3C=CNC(=O)C3=C3C=C(F)C=CC3=C2N1
1598,N#CC[C@H](C1CCCC1)N1C=C(C=N1)C1=C2C=CNC2=NC=N1
1599,C[C@@H]1CCN(C[C@@H]1N(C)C1=NC=NC2=C1C=CN2)C(=O)CC#N
1600,CCCCCCCC[S@@](=O)CCO
1601,CCCCCCCCCCCCC(=O)CC(O)=O
1602,OC[C@@H]1O[C@@H](O)[C@H](O)[C@H]1O
1603,CC(=O)N[C@H]1C(O)O[C@H](COP(O)(O)=O)[C@@H](O)[C@@H]1O
1604,O[C@@H]1O[C@H](COP(O)(O)=O)[C@@H](O)[C@H]1O
1605,NC(CCO)(CCO)CCO
1606,OC(=O)C1=CC2=C(N1)C1=C(N=C(C=C1C(O)=O)C(O)=O)C(=O)C2=O
1607,[H][C@]1(O)O[C@]([H])(CO)[C@@]([H])(O)[C@]([H])(O)[C@@]1([H])F
1608,CC(=O)N[C@@H]1[C@@H](O)C[C@](O)(O[C@H]1[C@H](O)[C@H](O)CO)C(O)=O
1609,CCCS(=O)(=O)N1N=CC2=C(C=C(C)S2)B1O
1610,CC(C)C[C@H](N)P(O)(O)=O
1611,NC1=NC(=O)N(C=C1)[C@@H]1O[C@H](COP(O)(=O)OP(O)(=O)OP(O)(O)=O)[C@@H](O)[C@H]1O
1612,NC1=NC(=O)N(C=C1)[C@@H]1O[C@H](COP(O)(=O)O[C@]2(C[C@@H](O)[C@@H](O)[C@H](O2)[C@H](O)CO)C(O)=O)[C@@H](O)[C@H]1O
1613,NC1=NC(=O)N(C=C1)[C@@H]1O[C@H](COP(O)(=O)OP(O)(O)=O)[C@@H](O)[C@H]1O
1614,O[C@H]1[C@@H](O)[C@@H](O[C@@H]1COP(O)(=O)OP(O)(=O)OP(O)(O)=O)N1C=CC(=O)NC1=O
1615,N[C@H](CO)CCCCNC(O)=O
1616,[H][C@](N)(CC1=CNC2=C1C=CC(NNC1=CC=CC=C1)=C2O)C=O
1617,O=C1NC=CC2=C(C=CC=C12)S(=O)(=O)N1CCCNCC1
1618,[H]N([H])[C@H](COC1=CN=CC(=C1)C1=CC2=C(C=C1)C=NC=C2)CC1C=NC2=CC=CC=C12
1619,[H][C@@](N)(COC1=CN=CC(\\C=C\\C2=CC=NC=C2)=C1)CC1=CNC2=C1C=CC=C2
1620,[H][C@@](N)(COC1=C2C=CC(=NC2=CN=C1)C1=CC=NC=C1)CC1=CNC2=C1C=CC=C2
1621,[H][C@@]1(CNS(=O)(=O)C2=CC=CC3=CN=CC=C23)C[C@]([H])(CN1)OCC1=CC=C(Cl)C=C1
1622,CNCC1=CC=C(C=C1)C1=NC=NC2=C1N=CN2
1623,[H][C@](N)(C1=CC=CC=C1)C1=CC=C(C=C1)C1=C2N=CNC2=NC=N1
1624,ClC1=CC=C(C=C1)C1(CCNCC1)C1=CC=C(C=C1)C1=C2N=CNC2=NC=N1
1625,NC[C@@H](C1=CC=C(Cl)C=C1)C1=CC=C(C=C1)C1=CNN=C1
1626,NC[C@H](C1=CC=C(Cl)C=C1)C1=CC=C(C=C1)C1=CNN=C1
1627,BrC1=CC=C(\\C=C\\CNCCNS(=O)(=O)C2=CC=CC3=C2C=CN=C3)C=C1
1628,CNCCNS(=O)(=O)C1=CC=CC2=C1C=CN=C2
1629,CC1=NNC=C1C1=CC=C(CCN)C=C1
1630,N1N=C(C2=C1C=CC=C2)C1=CC=NC=C1
1631,NC1=NC=C(CC2=CC=CC=C2)S1
1632,NCC1(CCN(CC1)C1=C2C=CNC2=NC=N1)C1=CC=C(Cl)C=C1
1633,NCC1(CC2=CC=C(Cl)C=C2)CCN(CC1)C1=C2C=CNC2=NC=N1
1634,[NH3+]C1(CC2=CC=C(Cl)C=C2)CCN(CC1)C1=C2C=CNC2=NC=N1
1635,CC1=NNC2=C1C=C(C=C2)C1=CC(OC[C@@H](N)CC2=CC=CC=C2)=CN=C1
1636,[H][C@@](N)(COC1=CN=CC(=C1)C1=CC2=C(NN=C2C)C=C1)CC1=CC=C(Br)C=C1
1637,[H][C@@]1(CC[C@@H](CC1)C(=O)NC1=CC=NC=C1)[C@@H](C)N
1638,ClC1=CC=CC(NC(=O)NC2=NC=C(CCNC3=C4SC=CC4=NC=N3)S2)=C1
1639,CN1CCN(CC1)C1=CC=C(C=C1)C(=O)NC1=NNC2=CN(C=C12)C(=O)CC1=CC=CS1
1640,NC(=O)C1=CC=C[N+](=C1)[C@@H]1O[C@@H](COP(O)(O)=O)[C@H](O)[C@H]1O
1641,O[C@@H](CC1=CC=CC=C1)C(O)=O
1642,OC(=O)C(=O)CC1=CC=CC=C1
1643,[H][C@]1(O)CN[C@]([H])(CC2=CC=C(OC)C=C2)[C@]1([H])OC(C)=O
1644,COC1=CC=C(C[C@H](N)C(=O)N[C@@H]2[C@@H](CO)O[C@H]([C@@H]2O)N2C=NC3=C2N=CN=C3N(C)C)C=C1
1645,[H][C@@]1(OC(=O)[C@@](O)(CCCC(C)(C)O)CC(=O)OC)C(OC)=C[C@]23CCCN2CCC2=CC4=C(OCO4)C=C2[C@]13[H]
1646,NC(=O)N[C@@H](CC1=CC=CC=C1)C(O)=O
1647,O[C@H](COP(O)(O)=O)[C@H](O)[C@H](O)C(=O)COP(O)(O)=O
1648,OCC(=O)COP(O)(O)=O
1649,OC1=CC2=C(C(O)=C1)C(=O)C=C(O)C2=O
1650,CCCCCCCCC1=CC=C(CCC(N)(CO)CO)C=C1
1651,C[C@H](\\C=C(/C)\\C=C\\C(=O)NO)C(=O)C1=CC=C(C=C1)N(C)C
1652,CC(C)(N)C(O)=O
1653,[H][C@@](C)(O)C1=CC(=NC2=C1C=CC[C@]2([H])O)C(O)=O
1654,[H][C@@]1(CSC(=N1)C(\\N)=C\\C)C(O)=O
1655,[H][C@]1(C)O[C@]([H])(C[C@]1([H])OP(O)(O)=O)N1C=NC2=C1N=CN=C2N
1656,[H]N(CCS(O)(=O)=O)C(=O)[C@@H]1C[C@H](O[C@@H]2O[C@H](CO)[C@@H](OS(O)(=O)=O)[C@H](O)[C@H]2N([H])C(C)=O)[C@@H](CO)[N+]1([H])[H]
1657,[H][C@]1(CSC(=O)N1)[C@@]1(O)C[C@H]2C[C@@H](CC[C@H](C)\\C=C/C=C/CC\\C(C)=C/C(=O)O2)O1
1658,[H][C@]1(CSC(=O)N1)[C@@]1(O)C[C@H]2C[C@@H](CC[C@H](C)\\C=C/CC\\C(C)=C/C(=O)O2)O1
1659,CCC(=O)C(O)=O
1660,[H][C@@]12C[C@@H](O)[C@@]3([H])[C@@]4(C)CC[C@@H](O)[C@@H](C)[C@]4([H])CC[C@]3(C)[C@@]1(C)C[C@H](OC(C)=O)\\C2=C(\\CCC=C(C)C)C(O)=O
1661,CC(=O)C1=C(C)C2=CN=C(NC3=NC=C(C=C3)N3CCNCC3)N=C2N(C2CCCC2)C1=O
1662,CN(C)C(=O)C1=CC2=CN=C(NC3=CC=C(C=N3)N3CCNCC3)N=C2N1C1CCCC1
1663,CCN1CCN(CC2=CC=C(NC3=NC=C(F)C(=N3)C3=CC(F)=C4N=C(C)N(C(C)C)C4=C3)N=C2)CC1
1664,OC[C@H]1O[C@H]([C@H](O)[C@@H]1O)N1C=CC(=O)NC1=O
1665,N[C@@H](CS[As](O)(O)=O)C(O)=O
1666,OCCCO
1667,[H][C@]1(O)C[C@@]2([H])\\C=C\\CCC[C@]([H])(C)OC(=O)\\C=C\\[C@@]([H])(O)[C@]2([H])C1
1668,[H][C@@]1(O)C[C@@](O)(C=C[C@@]1([H])O)C(O)=O
1669,O[C@@H]1CC(=CC(=O)[C@H]1O)C(O)=O
1670,[H]N([C@H]1[C@H](O)O[C@H](CO)[C@@H](O)[C@H]1O)C(C)=O
1671,[H][C@]1(O)[C@]([H])(O)[C@@]2([H])N=C(O[C@@]2([H])[C@]1([H])CO)N(C)C
1672,[H][C@@]12CCCN1C(=O)[C@]([H])(CC1=CC=C(O)C=C1)NC2=O
1673,CN(C)C1=N[C@@H]2[C@@H](O)[C@H](O[C@@H]3O[C@H](CO)[C@@H](O[C@@H]4O[C@H](CO)[C@@H](O)[C@@H](O)[C@H]4NC(C)=O)[C@@H](O)[C@H]3NC(C)=O)[C@@H](CO)[C@@H]2O1
1674,[H][C@@]12CC[C@@]([H])(N1C)[C@@]([H])(C(=O)OC)[C@@]([H])(O)C2
1675,OC(=O)CNC(=O)CCC[P@@](O)(=O)OCC1=CC=C(C=C1)[N+]([O-])=O
1676,[H][C@](N)(CCC1=CC=CC=C1)C=CS(=O)(=O)C1=CC=CC=C1
1677,CN1CCN(CC1)C(O)=O
1678,CC(=O)OP(O)(O)=O
1679,CCCCCCCC(=O)SCCNC(=O)CCNC(=O)[C@H](O)C(C)(C)COP(O)(=O)OP(O)(=O)OC[C@H]1O[C@H]([C@H](O)[C@@H]1OP(O)(O)=O)N1C=NC2=C1N=CN=C2N
1680,[H][C@]1(COP(O)(=O)OP(O)(=O)C[As](O)(O)=O)O[C@@]([H])(N2C=NC3=C(N)N=CN=C23)[C@]([H])(O)[C@]1([H])O
1681,[H][C@](N)(CC1=CC=C(O)C=C1)C(N)=O
1682,[H][C@](N)(COC(=O)[C@@]([H])(N=C([O-])CC1=CC=CC=C1)[C@]1([H])N[C@@]([H])(C(O)=O)C(C)(C)S1)C([O-])=O
1683,ONC(=O)COP(O)(O)=O
1684,OS(=O)(=O)CCCSC1=NC2=C(S1)C=CC=C2
1685,OC(=O)[C@H]1CCCO1
1686,CC(O)C(O)=O
1687,CNC(=O)NC(=N)NCCC[C@@H]1NC(=O)[C@@H](C)NC(=O)C[C@H](NC(=O)C[C@H](NC(=O)[C@H](CC2=CC=CC=C2)N(C)C1=O)C(O)=O)C(O)=O
1688,CC(=O)NC(=N)NCCC[C@@H]1NC(=O)[C@H](CCCC(O)=O)NC(=O)[C@H](CC2=CNC=N2)N2[C@H](O)C[C@H](NC(=O)[C@H]3CCCN3C1=O)C2=O
1689,C[C@H]1O[C@@H](O)[C@H](O)[C@@H](O)[C@H]1O
1690,C[C@H]1O[C@H](O)[C@H](O)[C@@H](O)[C@H]1O
1691,NC1=CC=CC=C1C(O)=O
1692,CC1=CNC(=O)NC1=O
1693,N[C@@H](C=C)C(O)=O
1694,[H][C@](O)(CO)CO[P@@]([O-])(=O)OC[C@@]([H])(COC(=O)CCCC)OC(=O)CCCCCCC
1695,[H][C@]1(O)O[C@]([H])(C(O)=O)[C@@]([H])(OC)[C@]([H])(O)[C@@]1([H])O
1696,[H]N1C(=O)N(C=C(C)C1=O)[C@H]1C[C@H](O)[C@@H](COP(O)(=O)OP(O)(=O)O[C@H]2OC[C@@H](O)[C@H](O)[C@H]2O)O1
1697,[H]\\C(CCCCCCCCCCCCC)=C(\\[H])[C@@]([H])(O)[C@@]([H])(N)CO
1698,CC(C)(CNC(=O)C1=CC=C(OC2=CC=CC=C2)C=C1)C1=NC2=NC(N)=NC(N)=C2C=C1
1699,CC(C)CC(=O)C(O)=O
1700,[H][C@](O)(CC1=CNC2=C1C=CC=C2)C(O)=O
1701,[H][C@](O)(CCCCCC)C(O)=O
1702,NCCCC[C@@H](N)C(O)=O
1703,CC1=C(CCC(O)=O)C2=CC3=C(CCC(O)=O)C(C)=C4C=C5[N+]6=C(C=C7N8C(C=C1N2[Fe]68N34)=C([O-])[C@]7(C)CC(O)=O)C(=O)[C@]5(C)CC(O)=O
1704,COC(=O)N[C@@H](C(C1=CC=CC=C1)C1=CC=CC=C1)C(=O)NCCCC[C@@H](CO)N(CC(C)C)S(=O)(=O)C1=CC=C(N)C=C1
1705,[H][C@@]([NH3+])(CO)CC1=CN=CN1
1706,[H][C@]1(CCCN1C(=O)[C@]1([H])CCCN1C(=O)OCC1=CC=CC=C1)C=O
1707,O[C@@H]1[C@H](O)[C@@H](OP(O)(O)=O)[C@H](OP(O)(O)=O)[C@@H](O)[C@@H]1OP(O)(O)=O
1708,[H][C@]1(F)C[C@@]([H])(O[C@]1([H])COC(C1=CC=CC=C1)(C1=CC=CC=C1)C1=CC=CC=C1)N1C=CC(=O)NC1=O
1709,N[C@@H](CC(=O)O[Be--](F)(F)F)C(O)=O
1710,[H][C@](CO)(NC1=NC2=C(N=CN2C(C)C)C(NC2=CC(Cl)=CC(N)=C2)=N1)C(C)C
1711,OC1=CC2=C(C=C1)C(=O)C(O)=C(O2)C1=CC=C(O)C(O)=C1
1712,N[C@@H](CCC[C@H](N)C(O)=O)C(O)=O
1713,NC1=NC2=NC=C(COP(O)(O)=O)N=C2C(=O)N1
1714,[Cl-].CCNC1=CC2=[O+]C3=C(C=C(C)C(NCC)=C3)C(C3=CC=CC=C3C(=O)OCC)=C2C=C1C
1715,N[C@@H](CCS)C(O)=O
1716,[H][C@](N)(CS[As](C)(C)=O)C(O)=O
1717,NC1=NC=NC2=C1N=CN2[C@@H]1O[C@H](COP(O)(=O)OS(O)(=O)=O)[C@@H](O)[C@H]1O
1718,[H][C@](N)(CC1=CN=CN1)C(=O)OP(O)(=O)OC[C@@]1([H])O[C@@]([H])(N2C=NC3=C(N)N=CN=C23)[C@]([H])(O)[C@]1([H])O
1719,CN(C1CCN(CC1)C(=O)C1=CC2=CC=CC=C2C=C1)C(=O)C1=CC2=CC=CC=C2C=C1C(=O)[C@@H](C1=CC=CC2=CC=CC=C12)P(O)(O)=O
1720,OC(=O)CCC1=CC=C(O)C=C1
1721,C[C@@]1(O)C[C@@H](C1)C1=NC(=C2N1C=CN=C2N)C1=CC=C2C=CC(=NC2=C1)C1=CC=CC=C1
1722,C[C@]1(CCCN1C1=NN2C=CC=C2C(NC2=NNC(=C2)C2CC2)=N1)C(=O)NC1=CN=C(F)C=C1
1723,[H][C@@]1(C[C@](CC(C)C)(N(C(=O)C2=CC=C(C=C2)C(C)(C)C)[C@@]1([H])C1=NC=CS1)C(O)=O)C(O)=O
1724,[H][C@@]1(C[C@](CC(C)C)(N(C(=O)C2=CC=C(C=C2)C(F)(F)F)[C@@]1([H])C1=CC=CS1)C(O)=O)C(O)=O
1725,CNC(=O)C1=C(OC2=CC(N(CCO)S(C)(=O)=O)=C(C=C12)C1CC1)C1=CC=C(F)C=C1
1726,OCCNC1=CC=C2C(=O)N(C(=O)C3=CC=CC1=C23)C1=CC(Br)=CC=C1
1727,CC(=O)N[C@@H](CCC(O)=O)C(O)=O
1728,CCCCCCCCCCCC1=C(O)C(=O)C2=C(N=CS2)C1=O
1729,CCCCCCCC1=C(O)C2=C(SC=N2)C(=O)C1=O
1730,C[C@]1(OC(=O)N(NC2=CC=CC=C2)C1=O)C1=CC=C(F)C=C1F
1731,C[C@]1(OC(=O)N(NC2=CC=CC=C2)C1=O)C1=CC=C(OC2=CC=CC=C2)C=C1
1732,CCCCCCCCCC1=[N+]([O-])C2=CC=CC=C2C(O)=C1
1733,[H][C@@](O)(COP(O)(O)=O)[C@@]([H])(O)C1=CNC2=C1C=CC=C2
1734,OP(O)(=O)OCCNC(=O)C1=CC=C(OC(F)(F)F)C=C1
1735,OP(O)(=O)OCCNS(=O)(=O)C1=CC=C(OC(F)(F)F)C=C1
1736,OC1=C(SCC\\C=C\\P(O)(O)=O)C=CC=C1
1737,OC1=CC=C(F)C=C1SCC\\C=C\\P(O)(O)=O
1738,OC1=CC=CC=C1[S@](=O)CCCCP(O)(O)=O
1739,OC(=O)C[C@H](NC(=O)CC1=CNC2=CC=CC=C12)C(O)=O
1740,OC(=O)CNC(=O)CC1=CNC2=C1C=CC=C2
1741,[H][C@](NC(=O)CC1=CNC2=CC=CC=C12)(C(C)C)C(O)=O
1742,[H][C@]1(CCCCN1C(C)=O)C(O)=O
1743,[H][C@]1(CC)O[C@]2(C)[C@]([H])(OC(C)=O)[C@@]1(C)O[C@@]([H])(\\C=C\\C=C\\C=C\\C1=C(C)C(OC)=CC(=O)O1)[C@]2([H])O
1744,OC1=CC(\\C=C\\C2=CC=C(O)C(O)=C2)=CC(O)=C1
1745,O[C@@H]1CO[C@@H](O)[C@H](O)[C@@H]1O
1746,[H][C@@](CCCC)(CN(O)C=O)C(=O)N[C@]([H])(C(=O)N(C)C)C(C)(C)C
1747,OCN(O)CCCC1=CC=CC=C1
1748,[H][C@]1(COP(O)(O)=O)O[C@@]([H])(N2C=NC3=C2N=C(SC)N=C3NCCC(C)C)[C@]([H])(O)[C@]1([H])O
1749,O[C@@H]1CC(=C[C@@H](OP(O)(O)=O)[C@H]1O)C(O)=O
1750,[H]N1C(=O)\\C(C2=C1C=CC=C2)=C1/N([H])C2=CC=CC=C2/C/1=N\\OCC[C@@]([H])(O)CO
1751,[H][C@](N)(CC1=CC=CC=C1)C(O)O
1752,CCNC1=NC(NC(C)C)=NC(Cl)=N1
1753,CCNC1=NC(Cl)=NC(NC(C)(CC)C#N)=N1
1754,CCNC1=NC(Cl)=NC(NC(C)(CC)C#N)=N1
1755,CCNC1=NC(SC)=NC(NC(C)(C)C)=N1
1756,C[C@@H]1O[C@@H](O)[C@@H](O)[C@H](O)[C@@H]1O
1757,[H][C@](N)(CC1=CC=C(C=C1)C1=CC=CC=C1)C(O)=O
1758,CN1C2=CC=CC=C2C(C#N)(C(=O)NCCC(O)=O)C2=C1C=CC=C2
1759,[H][C@]1(O)C[C@]([H])(CC[C@]1([H])C1=CC=C(C=C1)C(=O)NCCCC(O)=O)C1=CC=CC=C1
1760,OC(=O)CC1=CC(=C(O)C=C1)[N+]([O-])=O
1761,OC(=O)CCCC(=O)NC1=CC=C(\\C=C\\C2=CC=CC=C2)C=C1
1762,COC1=C(O)C=CC(\\C=C\\C(O)=O)=C1
1763,[H][C@](C)(C[C@]([H])(C)[C@@]([H])(Cl)CCl)C(=O)C1=C(O)C(OC)=C(NC1=O)OC
1764,CCCCCC(C)C1=C(O)C(=CC(=C1)N(=O)=O)N(=O)=O
1765,[H][C@](CO)(COC(=O)CCCCCCCC)OC(=O)CCC
1766,CC(C)NC(=O)COC1=CC=CC(=C1)C1=NC2=C(C=CC=C2)C(NC2=CC=C3NN=CC3=C2)=N1
1767,[H]N([H])[C@H]1[C@@H](OC(C)=O)[C@@]2([H])O[C@](CS[C@@]2(O)C(=O)N([H])[H])([C@@H]1OP(O)(O)=O)C(O)=O
1768,CCCC\\C(C)=C\\C=C(/C)C(=O)C1=C(O)C=C(CCC\\C=C\\NC(=O)OC)OC1=O
1769,[H]\\C(CCC[C@@]([H])(C)C1=CC(=O)C([H])(C(=O)C(\\C)=C(/[H])\\C(\\[H])=C(/C)CCC)C(=O)O1)=N/C(=O)OC
1770,NCCCC[C@H](NC(=O)[C@@H](CC1=CC(Br)=C(O)C(Br)=C1)NC(=O)N1CCC(CC1)N1CC2=C(NC1=O)C=CC=C2)C(=O)N1CCN(CC1)C1=CC=NC=C1
1771,FC1=C(F)C(=CC=C1)[C@@H]1CC[C@@H](NC(=O)N2CCC(CC2)N2C(=O)NC3=C2C=CC=N3)C(=O)N(CC(F)(F)F)C1
1772,NCCCC[C@@H]1NC(=O)[C@@H](CC2=CNC3=C2C=CC=C3)NC(=O)[C@@H](NC(=O)[C@@H]2C[C@H](CN2C(=O)[C@H](CC2=CC=CC=C2)NC(=O)[C@H](CC2=CC=C(OCC3=CC=CC=C3)C=C2)NC1=O)OC(=O)NCCN)C1=CC=CC=C1
1773,[H]N([H])CCCCC1N([H])C(=O)C(CC2=CN([H])C3=CC=CC=C23)N([H])C(=O)C(CC2=CC=C(O)C=C2)N([H])C(=O)C(CSSCC(N([H])C(=O)C(N([H])C1=O)C(C)C)C(=O)N([H])C(C(C)O)C(=O)N([H])[H])N([H])C(=O)C(CC1=CC2=CC=CC=C2C=C1)N([H])[H]
1774,C[C@@H](O)[C@@H]1NC(=O)[C@H](CC2=CC=CC=C2)NC(=O)[C@@H](NC(=O)[C@H](CCCCN)NC(=O)[C@H](CC2=CNC3=C2C=CC=C3)NC(=O)[C@H](CC2=CC=CC=C2)NC(=O)[C@H](CC2=CC=CC=C2)NC(=O)[C@H](CC(N)=O)NC(=O)[C@H](CCCCN)NC(=O)[C@H](CSSC[C@H](NC(=O)[C@H](CO)NC1=O)C(O)=O)NC(=O)CNC(=O)[C@H](C)N)[C@@H](C)O
1775,[177Lu+3].C[C@@H](O)[C@H](NC(=O)[C@@H]1CSSC[C@H](NC(=O)[C@@H](CC2=CC=CC=C2)NC(=O)CN2CCN(CC([O-])=O)CCN(CC([O-])=O)CCN(CC([O-])=O)CC2)C(=O)N[C@@H](CC2=CC=C(O)C=C2)C(=O)N[C@H](CC2=CNC3=C2C=CC=C3)C(=O)N[C@@H](CCCCN)C(=O)N[C@@H]([C@@H](C)O)C(=O)N1)C(O)=O
1776,[68Ga+3].C[C@@H](O)[C@@H](CO)NC(=O)[C@@H]1CSSC[C@H](NC(=O)[C@@H](CC2=CC=CC=C2)NC(=O)CN2CCN(CC([O-])=O)CCN(CC([O-])=O)CCN(CC([O-])=O)CC2)C(=O)N[C@@H](CC2=CC=C(O)C=C2)C(=O)N[C@H](CC2=CNC3=C2C=CC=C3)C(=O)N[C@@H](CCCCN)C(=O)N[C@@H]([C@@H](C)O)C(=O)N1
1777,CCOC(=O)NC(=N)C1=CC=C(OCC2=CC=CC(COC3=CC=C(C=C3)C(C)(C)C3=CC=C(O)C=C3)=C2)C=C1
1778,OC(=O)COC1=CC=CC2=CC=CC=C12
1779,NC(=O)N1CCC(CC(=O)N2CCC(CC2)[C@H]2C3=C(CCC4=C2C(Br)=CC(Cl)=C4)C=C(Br)C=N3)CC1
1780,ClC1=CC(=CC=C1)N1CCN(CC2=CN=CN2CC2=CC=C(C=C2)C#N)CC1=O
1781,CC(C)=CCC\\C(C)=C\\CC\\C(C)=C\\CONC(=O)CP(O)(O)=O
1782,[H][C@@](C)(CCCC(C)C)CCC[C@@]([H])(C)C[C@@]([H])(O)P(O)(O)=O
1783,CN(CCO[P@@](O)(=O)OP(O)(O)=O)CC\\C=C(/C)CC\\C=C(/C)CCC=C(C)C
1784,[H][C@@]12CCN(C1=O)C1=C3C=C(OC4=C(C=CC(CN5C=NC=C5CN2)=C4)C#N)C=CC3=CC=C1
1785,[H][C@]12CCN(C1=O)C1=CC=CC3=C1C=C(OC1([H])CC(CN4C=NC=C4CCN2)=CC[C@]1([H])C#N)C=C3
1786,C1CCC(CC1)NC1=NC(NC2=CC=C(C=C2)N2CCOCC2)=NC2=C1N=CN2
1787,NC(=N)C1=CC=C2NC(=NC2=C1)C1=NNC(=C1O)C1=CC=CC=C1
1788,NC(=O)NCC1=CC(=CC=C1)C1=C(O)C(=CC=C1)C1=CC2=C(N1)C=CN=C2
1789,NC1=CC=C2NC(=CC2=N1)C1=CC(CC(O)=O)=CC(=C1O)C1=CC=CC(=C1)[N+]([O-])=O
1790,[H][C@@]1(O)CC2=C3C=CC4=CC=CC5=CC=C(C=C2[C@@]([H])(O)[C@]1([H])O)C3=C45
1791,[H][C@]1(O)C[C@@]([H])(O[C@]1([H])COP(O)(O)=O)C1=CC(C)=C(F)C=C1F
1792,[H][C@@](C)(C1=CC=C(Cl)C=C1)C1=CC(=CC(=C1O)[N+]([O-])=O)[N+]([O-])=O
1793,CCCCCCCC1=[N+]([O-])C2=CC=CC=C2C(O)=C1
1794,N#CCC1C=CC(C=C1)=NC1=NC2=CC=CC=C2C(NC2=NNC(=C2)C2CC2)=N1
1795,FC(F)(F)C1=NN=C(N1)SC(=O)C1=CC=C(O1)C#CC1=CC=CC=C1
1796,[H][C@](C)(NC(=O)[C@]([H])(CC1=CC=CC=C1)NC(=O)OCC1=CC=CC=C1)C(=O)CCO
1797,CN(C)C1=CC=C(C=C1)C(O)=O
1798,NC1=NC=NN2C1=CC=C2[C@@]1(O[C@H](CO)[C@@H](O)[C@H]1O)C#N
1799,ONC(=O)\\C=C\\C1=CC=C(Cl)C=C1Cl
1800,ONC(=O)\\C=C\\C1=CC=C(Cl)C=C1
1801,CC(C)(OC1=CC=C(NC(=O)NC2=CC(Cl)=CC(Cl)=C2)C=C1)C(O)=O
1802,CC1=CC(NC(=O)CC2=CC=C(OC(C)(C)C(O)=O)C=C2)=CC(C)=C1
1803,[O--].[O--].[O--].[Na+].[Fe+3].[Fe+3].OC[C@@H](O)[C@@H](O)[C@H](O)[C@@H](O)C([O-])=O.OC[C@H]1O[C@@](CO)(O[C@H]2O[C@H](CO)[C@@H](O)[C@H](O)[C@H]2O)[C@@H](O)[C@@H]1O.OC[C@H]1O[C@@](CO)(O[C@H]2O[C@H](CO)[C@@H](O)[C@H](O)[C@H]2O)[C@@H](O)[C@@H]1O.OC[C@H]1O[C@@](CO)(O[C@H]2O[C@H](CO)[C@@H](O)[C@H](O)[C@H]2O)[C@@H](O)[C@@H]1O.OC[C@H]1O[C@@](CO)(O[C@H]2O[C@H](CO)[C@@H](O)[C@H](O)[C@H]2O)[C@@H](O)[C@@H]1O.OC[C@H]1O[C@@](CO)(O[C@H]2O[C@H](CO)[C@@H](O)[C@H](O)[C@H]2O)[C@@H](O)[C@@H]1O
1804,[Fe+3].[Fe+3].[Fe+3].[Fe+3].OP(O)(=O)OP(O)(O)=O.OP(O)(=O)OP(O)(O)=O.OP([O-])(=O)OP([O-])([O-])=O.OC(CC([O-])=O)(CC([O-])=O)C([O-])=O.OC(CC([O-])=O)(CC([O-])=O)C([O-])=O.OC(CC([O-])=O)(CC([O-])=O)C([O-])=O
1805,CC1=C(CCNC(=O)C2=CC=CS2)C2=CC=CC=C2N1
1806,[H][C@]1(SCC(=O)N1C1=CC(Cl)=CC=C1O)C1=CC=CC(Br)=C1
1807,OC1=C(C=C(CC(=O)NCCCCCC([O-])=O)C=C1I)[N+]([O-])=O
1808,OC1=C(C=C(CC(=O)NCCCCCC([O-])=O)C=C1)[N+]([O-])=O
1809,[H]N(CCO)C1=NC(N([H])C2=CC(Cl)=CC=C2)=C2N=CN(C(C)C)C2=N1
1810,[H][C@](N)(O)CC1=CNC2=CC=CC=C12
1811,NC(=O)CC1=CNC2=CC=CC=C12
1812,NCCC1=CNC2=CC=CC=C12
1813,COC1=CC=C(CC(N)=O)C=C1
1814,CCC1=CC(=CC=C1CN1CC(C1)C(O)=O)C(\\C)=N\\OCC1=CC=C(C2CCCCC2)C(=C1)C(F)(F)F
1815,CC(C)OC1=C(C=C(C=C1)C1=NC(=NO1)C1=C2CC[C@H](NCCO)C2=CC=C1)C#N
1816,O.O.O.O.O.O.O.O.O.O.[Fe+3].[Fe+3].[Fe+3].[Fe+3].[O-]C(=O)CC([O-])(CC([O-])=O)C([O-])=O.[O-]C(=O)CC([O-])(CC([O-])=O)C([O-])=O.[O-]C(=O)CC([O-])(CC([O-])=O)C([O-])=O
1817,COC1=CC=C(C=C1)[C@@]12OC3=C(C(OC)=CC(OC)=C3)[C@]1(O)[C@H](O)[C@@H]([C@H]2C1=CC=CC=C1)C(=O)N(C)C
1818,COC1=CC=C(C=C1)[C@@]12OC3=CC(OC)=CC(OC)=C3[C@]1(O)[C@H](O)[C@@H]([C@H]2C1=CC=CC=C1)C(N)=O
1819,CC(C)C[C@H](NC(=O)OCC1=CC=CC=C1)C(=O)N[C@@H](CC1CCNC1=O)C(O)S(O)(=O)=O
1820,CC(C)C[C@H](NC(=O)OCC1=CC=CC=C1)C(=O)N[C@@H](CC1CCNC1=O)C=O
